"Cleanup ID",Zone,State,Country,Latitude,Longitude,"Cleanup Type",Environment,"Cleanup Date","Group Name",Adults,Children,People,Pounds,"Distance mi","Area mi","# of bags","Grocery bags (plastic)","Other bags (plastic)","Beverage bottles (glass)","Beverage bottles (plastic)","Beverage cans","Beverage sachets/pouches","Bottle caps (metal)","Bottle caps (plastic)","Cigarette butts","Cups, Plates (foam)","Cups, Plates (paper)","Cups, Plates (plastic)","Food containers (foam)","Food containers (plastic)","Food wrappers (candy, chips, etc.)","Lids (plastic)","Straws/stirrers (plastic)","Utensils (plastic)","Lines, nets, traps, ropes, etc.","Foam dock pieces","Appliances (refrigerators, washers, etc.)","Construction materials",Tires,"6-Pack holders","Foam packaging","Other plastic bottles (oil, bleach, etc.)","Strapping bands",Balloons,Clothing,E-cigarettes,"Electronic waste (phones, batteries)","Footwear (shoes/slippers)","Paper bags","Tobacco products (lighters, cigar tips, wrap)",Toys,"Other plastic waste","Other waste (metal, paper, etc.)",Condoms,"Cotton bud sticks (swabs)",Diapers,"Gloves & masks (PPE)",Syringes,"Tampons & applicators","Plastic/foam pieces","Fishing buoys, pots & traps","Fishing net & pieces","Fishing line (1 yard/meter = 1 piece)","Rope (1 yard/meter = 1 piece)","Other plastic/foam packaging","Tobacco packaging/wrap","Cigar tips","Cigarette lighters",Fireworks,"Other tobacco (packaging, lighter, etc.)","Foam pieces","Glass pieces","Plastic pieces","Total Items Collected"
117679,,,Ireland,51.866455026363,-7.9701469332998,land,saltwater,2024-09-22,Booterstown,10,,10,40.70,0.62,0.00,,5,21,29,25,39,,25,27,624,1,9,1,1,13,126,11,5,27,,,,9,1,1,,1,15,2,,,,,42,,,,,3,,,,,1,,,,,,25,11,,2,,,5,33,130,1316
148716,"Mayo, Co. Mayo, Ireland","Co. Mayo, Ireland",Ireland,53.76136,-9.81193,land,,2021-01-01,"Keep our beaches clean",1,,1,13.74,0.04,0.00,,3,,8,20,11,5,,11,37,,,2,3,7,18,8,2,,,,,6,,,,,15,,,2,,,,,,,,,,,6,,,,,,,,,,,,,10,,,17,206
149826,"Mayo, Co. Mayo, Ireland","Co. Mayo, Ireland",Ireland,53.76138,-9.81193,land,,2021-01-11,"Keep our beaches clean",1,,1,45.75,0.04,0.00,,3,,,3,,,1,2,18,,,,1,4,5,5,1,,,,,,2,,,,1,,,,,,,,,,,,,,,,,,,,,,,,,,,3,,,6,67
150945,"Mayo, Co. Mayo, Ireland","Co. Mayo, Ireland",Ireland,53.77336,-9.74326,land,,2021-01-22,"Keep our beaches clean",1,,1,25.78,0.01,0.00,,5,,3,2,13,,2,2,29,,,,3,,9,3,1,1,,,,1,1,,,,4,,,,,,,,1,,,,,,1,,,,,,,,,,,,,,,,,88
150961,"Mayo, Co. Mayo, Ireland","Co. Mayo, Ireland",Ireland,53.76122,-9.81191,land,,2021-01-22,"Keep our beaches clean",1,,1,52.82,0.00,0.00,,,,,,1,,,12,,,,,,,24,,1,,,,,,,,,,,,,,,,,,,,,,,,,,,,,,,,,,,,,,,,51,200
151541,"Mayo, Co. Mayo, Ireland","Co. Mayo, Ireland",Ireland,53.7734,-9.74328,land,,2021-01-29,"Keep our beaches clean",1,,1,20.55,0.02,0.00,,,,,1,,,,3,,,,,,,,,,,,,,3,,,,,3,,,,,,,,,,,,,,,,,,,,,,,,,,,,,,10,53
151542,"Mayo, Co. Mayo, Ireland","Co. Mayo, Ireland",Ireland,53.773288726807,-9.7431497573853,land,,2021-01-29,"Keep our beaches clean",1,,1,7.50,0.00,0.00,1,,,,,,,,,,,,,,,,,,,,,,,,,,,,,,,,,,,,,,,,,,,,,,,,,,,,,,,,,,
151956,"Mayo, Co. Mayo, Ireland","Co. Mayo, Ireland",Ireland,53.77339553833,-9.7432832717896,land,,2021-02-01,"Keep our beaches clean",1,,1,15.00,0.00,0.00,2,,,,,,,,,,,,,,,,,,,,,,,,,,,,,,,,,,,,,,,,,,,,,,,,,,,,,,,,,,
151959,"Mayo, Co. Mayo, Ireland","Co. Mayo, Ireland",Ireland,53.77338,-9.74328,land,,2021-02-01,"Keep our beaches clean",1,,1,6.80,0.04,0.00,,1,,6,14,14,,5,4,19,,,,3,4,14,10,6,1,,,,,,,,,2,,,,,,,,,,,,,,3,,,,,,,,,,,,,6,,,5,133
152074,"Mayo, Co. Mayo, Ireland","Co. Mayo, Ireland",Ireland,53.77336,-9.74327,land,,2021-02-02,"Keep our beaches clean",1,,1,16.11,0.01,0.00,,,,1,1,3,,,,,,,,,,,,,,,,,1,,,,,1,,,,,,,,,,,,,,,,,,,,,,,,,,,,,,24,63
153435,"Mayo, Co. Mayo, Ireland","Co. Mayo, Ireland",Ireland,53.773368835449,-9.7432689666748,land,,2021-02-05,"Keep our beaches clean",1,,1,22.50,0.00,0.00,3,,,,,,,,,,,,,,,,,,,,,,,,,,,,,,,,,,,,,,,,,,,,,,,,,,,,,,,,,,
153436,"Mayo, Co. Mayo, Ireland","Co. Mayo, Ireland",Ireland,53.77336,-9.74326,land,,2021-02-05,"Keep our beaches clean",1,,1,3.48,0.00,0.00,,2,,1,3,10,1,12,6,21,,,,,3,14,14,1,1,,,,,,,,,1,,,,,,,,,,,,,,5,,,,,,,,,,,,,4,,,5,113
153589,"Clooncarrabaun, Louisburgh, Co. Mayo, Ireland",,Ireland,53.77209,-9.81795,land,,2021-02-05,"Keep our beaches clean Louisburgh",1,,1,1.38,0.23,0.00,,,,,2,,,,3,,,,,,,2,,,,,,,,,,,,4,,,,,,,,,,,,,,,,,,,,,,,,,,,,,,15,51
153787,"Mayo, Co. Mayo, Ireland","Co. Mayo, Ireland",Ireland,53.77336,-9.74327,land,,2021-02-07,"Keep our beaches clean",1,,1,44.33,0.01,0.00,,,,,6,4,,2,4,,,,,,,,,,,,,,4,,,,,4,,,,,,,,,,,,,,1,,,,,,,,,,,,,,,,15,121
153788,"Mayo, Co. Mayo, Ireland","Co. Mayo, Ireland",Ireland,53.773403167725,-9.7433471679688,land,,2021-02-07,"Keep our beaches clean",1,,1,30.00,0.00,0.00,2,,,,,,,,,,,,,,,,,,,,,,,,,,,,,,,,,,,,,,,,,,,,,,,,,,,,,,,,,,
153860,"Mayo, Co. Mayo, Ireland","Co. Mayo, Ireland",Ireland,53.76135,-9.81192,land,,2021-02-08,"Keep our beaches clean",1,,1,163.79,0.02,0.00,,2,,,6,10,,,9,14,,,,,,,,,,,,,,7,,,,,,,,,,,,,,,,,,4,,,,,,,,,,,,,1,,,22,121
153972,"Mayo, Co. Mayo, Ireland","Co. Mayo, Ireland",Ireland,53.77336,-9.74327,land,,2021-02-09,"Keep our beaches clean",1,,1,7.76,0.03,0.00,,9,,3,32,35,,7,13,14,,,15,5,10,21,13,,,,,,,,,,,2,,,,,,,,,,,,,,1,,,,,,,,,,,,,6,,,9,205
154606,"Mayo, Co. Mayo, Ireland","Co. Mayo, Ireland",Ireland,53.77338,-9.74327,land,,2021-02-15,"Keep our beaches clean",1,,1,8.29,0.01,0.00,,6,,2,32,30,2,3,17,34,,,,1,13,38,20,3,2,,,,,,,,,2,,,,,,,,,,,,,,2,,,,,,,,,,,,,14,,,14,254
154762,"Dublin City, Co. Dublin, Ireland","Co. Dublin, Ireland",Ireland,53.33075,-6.21335,land,,2021-02-17,"SCP neighbours",10,,10,0.00,0.00,0.00,,,,,,,,,,,,,,,,,,,,,,,,,,,,,,,,,,,,,,,,,,,,,,,,,,,,,,,,,,,
154772,"Dublin City, Co. Dublin, Ireland","Co. Dublin, Ireland",Ireland,53.330711364746,-6.2133531570435,land,,2021-02-17,"SCP neighbours",25,,25,165.00,0.00,0.00,12,,,,,,,,,,,,,,,,,,,,,,,,,,,,,,,,,,,,,,,,,,,,,,,,,,,,,,,,,,
154950,"Mayo, Co. Mayo, Ireland","Co. Mayo, Ireland",Ireland,53.77339553833,-9.7432832717896,land,,2021-02-20,"Keep our beaches clean",2,,2,60.00,0.00,0.00,4,,,,,,,,,,,,,,,,,,,,,,,,,,,,,,,,,,,,,,,,,,,,,,,,,,,,,,,,,,
155166,"Dublin City, Co. Dublin, Ireland","Co. Dublin, Ireland",Ireland,53.33557,-6.21235,land,,2021-02-21,,1,,1,5.55,1.66,0.00,,13,,1,12,7,,2,2,5,,,2,1,2,14,3,,,,,,,,,,,1,,,,,,,,4,,,,,,,,,,,,,,,,,,,,,,2,79
155329,"Mayo, Co. Mayo, Ireland","Co. Mayo, Ireland",Ireland,53.77342,-9.7433,land,,2021-02-24,"Keep our beaches clean",1,,1,11.51,0.01,0.00,,12,,9,25,21,6,6,12,66,,,28,5,9,23,11,7,4,,,,,,,,,7,1,,,,,,,,,,,,,7,,,,,,,,,,,,,18,,,14,305
155392,"Dun Laoghaire-Rathdown, Co. Dublin, Ireland","Co. Dublin, Ireland",Ireland,53.2746912,-6.2014824,land,,2021-02-25,"Bull island action group",6,,6,270.00,0.00,0.00,18,,,,,,,,,,,,,,,,,,,,,,,,,,,,,,,,,,,,,,,,,,,,,,,,,,,,,,,,,,
155408,"Meath, Co. Meath, Ireland","Co. Meath, Ireland",Ireland,53.6983238,-6.246068,land,,2021-02-25,,1,,1,7.50,0.00,0.00,1,,,,,,,,,,,,,,,,,,,,,,,,,,,,,,,,,,,,,,,,,,,,,,,,,,,,,,,,,,
155893,"Mayo, Co. Mayo, Ireland","Co. Mayo, Ireland",Ireland,53.77339,-9.74328,land,,2021-03-02,"Keep our beaches clean",1,,1,24.34,0.01,0.00,,1,,2,20,21,,10,,28,,,2,4,2,20,6,,1,,,,,1,,,,,,,,,,,,,,,,,,2,,,,,,,,,,,,,3,,,,129
159693,"Mayo, Co. Mayo, Ireland","Co. Mayo, Ireland",Ireland,53.77337,-9.74327,land,,2021-03-03,"Keep our beaches clean",1,,1,10.09,0.03,0.00,,5,,6,43,24,3,9,21,33,,,11,7,10,21,12,5,3,,,,,,,,,,,,,,,,,,,,,,,,,,,,,,,,,,,,14,,,,240
159706,"South Dublin, Co. Dublin, Ireland","Co. Dublin, Ireland",Ireland,53.34957,-6.36478,land,,2021-03-03,"Oracle - EMEA",2,,2,0.03,0.01,0.00,,,,,,1,,,,,,,,,,,,,,,,,,,,,,,,,,,,,,,,,,,,,,,,,,,,,,,,,,,,,1
159802,"Mayo, Co. Mayo, Ireland","Co. Mayo, Ireland",Ireland,53.76136,-9.81193,land,,2021-03-04,"Keep our beaches clean",1,,1,2.75,0.01,0.00,,2,,1,12,10,,1,12,20,,,,1,1,12,12,1,1,,,,,,,,,,,,,,,,,,,,,,,,,,,,,,,,,,,,15,,,,102
159886,"Fingal, Co. Dublin, Ireland","Co. Dublin, Ireland",Ireland,53.4056212,-6.2480939,land,,2021-03-05,"Bull island action group",8,,8,450.00,0.00,0.00,30,,,,,,,,,,,,,,,,,,,,,,,,,,,,,,,,,,,,,,,,,,,,,,,,,,,,,,,,,,
160010,"Mayo, Co. Mayo, Ireland","Co. Mayo, Ireland",Ireland,53.77341,-9.74332,land,,2021-03-05,"Keep our beaches clean",1,,1,46.20,0.00,0.00,,6,,1,24,14,14,8,19,29,,,5,8,10,21,21,,,,,,,2,,,,3,1,,,,,,,,,,,,,10,,,,,,,,,,,,,17,,,,221
160308,"Mayo, Co. Mayo, Ireland","Co. Mayo, Ireland",Ireland,53.77336,-9.74327,land,,2021-03-06,"Keep our beaches clean",2,,2,42.98,0.03,0.00,,11,,11,46,26,9,6,30,92,,,17,11,31,39,31,2,14,,,,8,1,,,,5,1,,,,,,,,,,,,,8,,,,,,,,,,,,,20,,,,432
160726,"Dublin City, Co. Dublin, Ireland","Co. Dublin, Ireland",Ireland,53.34645,-6.2797,land,,2021-03-08,,1,,1,0.01,0.02,0.00,,,,,,,,,,,,,,,,,,,,,,,,,,,,,,,,,,,,,,,,,,,,,,,,,,,,,,,,,,,
160796,"Fingal, Co. Dublin, Ireland","Co. Dublin, Ireland",Ireland,53.40547,-6.24826,land,,2021-03-05,"Bull island action group",1,,1,0.01,0.00,0.00,30,,,,,,,,,,,,,,,,,,,,,,,,,,,,,,,,,,,,,,,,,,,,,,,,,,,,,,,,,,
160807,"South Dublin, Co. Dublin, Ireland","Co. Dublin, Ireland",Ireland,53.34952,-6.36471,land,,2021-03-09,"Oracle - EMEA",1,,1,0.10,0.01,0.00,,,,,2,,,,,,,,,,,,,,,,,,,,,,,,,,,,,,,,,,,,,,,,,,,,,,,,,,,,,,2
161312,"Fingal, Co. Dublin, Ireland","Co. Dublin, Ireland",Ireland,53.4056212,-6.2480939,land,,2021-03-12,"Bull island action group",11,,11,450.00,0.00,0.00,30,,,,,,,,,,,,,,,,,,,,,,,,,,,,,,,,,,,,,,,,,,,,,,,,,,,,,,,,,,
161444,"South Dublin, Co. Dublin, Ireland","Co. Dublin, Ireland",Ireland,53.34952,-6.36471,land,,2021-03-09,"Oracle - EMEA",1,,1,0.05,0.01,0.00,,,,,2,,,,,,,,,,,,,,,,,,,,,,,,,,,,,,,,,,,,,,,,,,,,,,,,,,,,,,2
161464,"Dublin City, Co. Dublin, Ireland","Co. Dublin, Ireland",Ireland,53.33853,-6.18244,land,,2021-03-13,,1,,1,35.06,0.17,0.00,,2,,,1,1,,,1,17,,,,2,6,7,,1,2,,,,14,1,,,,,,,,,,,,1,,,,,,,,,,,,,,,,,,,,,,,65
161698,"Mayo, Co. Mayo, Ireland","Co. Mayo, Ireland",Ireland,53.77337,-9.74327,land,,2021-03-14,"Keep our beaches clean",1,,1,5.73,0.03,0.00,,,,,26,21,7,2,13,18,,,25,4,2,27,14,4,3,,,,1,,,,,3,,,,,,,,,,,,,,1,,,,,,,,,,,,,18,,,8,200
162128,"Dublin City, Co. Dublin, Ireland","Co. Dublin, Ireland",Ireland,53.3624185,-6.1792903,land,,2021-03-19,"Bull island action group",10,,10,450.00,0.00,0.00,30,,,,,,,,,,,,,,,,,,,,,,,,,,,,,,,,,,,,,,,,,,,,,,,,,,,,,,,,,,
162167,"Fingal, Co. Dublin, Ireland","Co. Dublin, Ireland",Ireland,53.4056212,-6.2480939,land,,2021-03-19,"Bull island action group",4,,4,150.00,0.00,0.00,10,,,,,,,,,,,,,,,,,,,,,,,,,,,,,,,,,,,,,,,,,,,,,,,,,,,,,,,,,,
162223,"Mayo, Co. Mayo, Ireland","Co. Mayo, Ireland",Ireland,53.76895,-9.82419,land,,2021-03-20,"Keep our beaches clean Louisburgh",1,,1,0.06,0.03,0.00,,,,,,,,,,,,,,,,,,,,,,,,,,,,,,,,,,,,,,,,,,,,,,,,,,,,,,,,,,2,3
162287,"Mayo, Co. Mayo, Ireland","Co. Mayo, Ireland",Ireland,53.77336,-9.74326,land,,2021-03-20,"Keep our beaches clean",1,,1,31.54,0.02,0.00,,,,,3,,,,6,2,,,1,1,,,,,,,,,,,,,,,,,,,,,,,,,,,,,,,,,,,,,,,,,,,,29,102
162568,"Dun Laoghaire-Rathdown, Co. Dublin, Ireland","Co. Dublin, Ireland",Ireland,53.28153,-6.1146,land,,2021-03-26,Oracle-EMEA,1,,1,0.01,0.02,0.00,,,,,,,,,,,,,,,,,,,,,,,,,,,,,,,,,,,,,,,,,,,,,,,,,,,,,,,,,,,
162585,"Mayo, Co. Mayo, Ireland","Co. Mayo, Ireland",Ireland,53.77336,-9.74326,land,,2021-03-22,"Keep our beaches clean",1,,1,17.83,0.01,0.00,,,,10,9,17,1,,11,,,,4,3,7,20,3,,1,,,,1,,,,,,,,,,,,,,,,,,,5,,,,,,,,,,,,,8,,,14,139
162861,"Mayo, Co. Mayo, Ireland","Co. Mayo, Ireland",Ireland,53.761383056641,-9.811939239502,land,,2021-03-25,"Keep our beaches clean",1,,1,2.00,0.00,0.00,1,,,,,,,,,,,,,,,,,,,,,,,,,,,,,,,,,,,,,,,,,,,,,,,,,,,,,,,,,,
162862,"Mayo, Co. Mayo, Ireland","Co. Mayo, Ireland",Ireland,53.76134,-9.81193,land,,2021-03-25,"Keep our beaches clean",1,,1,16.00,0.01,0.00,,4,,25,4,18,,7,8,,,,7,,2,9,3,1,,,,,,,,,,,,,,,,,,,,,,,,1,,,,,,,,,,,,,3,,,12,107
162965,"Fingal, Co. Dublin, Ireland","Co. Dublin, Ireland",Ireland,53.37814,-6.09997,land,,2021-03-27,"Oracle - EMEA",5,,5,0.01,0.01,0.00,,,,,,,,,,,,,,,,,,,,,,,,,,,,,,,,,,,,,,,,,,,,,,,,,,,,,,,,,,,
162968,"Cork City, Co. Cork, Ireland","Co. Cork, Ireland",Ireland,51.90047,-8.48691,land,,2021-03-26,"Oracle -EMEA",1,,1,4.84,0.42,0.00,,7,,5,4,12,3,4,5,37,,,,2,3,14,3,2,1,,,,,,,,,1,,,,,,,,1,,,,,,,,,,,,,,,,,,,,,,9,113
162976,"South Dublin, Co. Dublin, Ireland","Co. Dublin, Ireland",Ireland,53.34959,-6.36481,land,,2021-03-26,"Oracle - EMEA",2,,2,2.60,0.01,0.00,,1,,,10,15,,5,10,18,,,,,6,4,4,1,3,,,,,,,,,,,,,,,,,,,,,,,16,,,,,,,,,,,,,,,,,102
162980,"Kildare, Co. Kildare, Ireland","Co. Kildare, Ireland",Ireland,53.13668,-6.74059,land,,2021-03-26,,1,,1,25.81,0.01,0.00,,1,,7,7,9,1,11,4,,,,,,2,5,,1,,,,,,1,,,,,,,,,,,,,,,,,,,,,,,,,,,,,,,2,,,2,60
162984,"Dun Laoghaire-Rathdown, Co. Dublin, Ireland","Co. Dublin, Ireland",Ireland,53.2816,-6.11456,land,,2021-03-26,"Oracle - EMEA",1,,1,1.36,0.00,0.00,,2,,,,1,,4,3,,,,,,2,4,3,1,2,,,,,,,,,,,,,,,,,,,,,,,1,,,,,,,,,,,,,,,,2,33
162988,"Fingal, Co. Dublin, Ireland","Co. Dublin, Ireland",Ireland,53.58534,-6.10524,land,,2021-03-26,Oracle-EMEA,1,,1,7.74,0.04,0.00,,4,,,3,3,3,,8,3,,,,2,10,9,2,2,7,,,,,,,,,,,,,,,,,,,,,,,,,,,,,,,,,,,,,,,20,92
162995,"Fingal, Co. Dublin, Ireland","Co. Dublin, Ireland",Ireland,53.43178,-6.1353,land,,2021-03-26,"Oracle - EMEA",1,,1,13.47,0.96,0.00,,7,,15,11,10,,4,5,21,,,,2,3,55,9,,,,,,,,,,,1,,,,,,,,,,,,,,5,,,,,,,,,,,,,,,,,171
162996,"Dublin City, Co. Dublin, Ireland","Co. Dublin, Ireland",Ireland,53.35608,-6.17116,land,,2021-03-26,"Oracle - EMEA",3,,3,1.05,0.45,0.00,,,,,2,,,,,,,,,,,,3,,,,,,,,,,,1,,,,,,,,,,,,,,,,,,,,,,,,,,,,,,,14
163017,"Kildare, Co. Kildare, Ireland","Co. Kildare, Ireland",Ireland,53.37652,-6.59948,land,,2021-03-26,"Oracle - Clean your scene",1,,1,2.68,0.02,0.00,,4,,2,2,21,,2,,1,,,5,,,9,1,,,,,,,,,,,,,,,,,,,,,,,,,11,,,,,,,,,,,,,2,,,6,68
163020,"Kildare, Co. Kildare, Ireland","Co. Kildare, Ireland",Ireland,53.375080108643,-6.6044988632202,land,,2021-03-26,"Oracle - Clean your scene",1,,1,15.00,0.00,0.00,1,,,,,,,,,,,,,,,,,,,,,,,,,,,,,,,,,,,,,,,,,,,,,,,,,,,,,,,,,,
163412,"Fingal, Co. Dublin, Ireland","Co. Dublin, Ireland",Ireland,53.43565,-6.13825,land,,2021-03-26,Oracle-Emea,3,,3,6.38,0.03,0.00,,1,,11,5,,,,,,,,3,,,12,,,,,,,,,,,,,,,,,,,,,,,,,,,,,,,,,,,,,,,,,,,33
163576,"Fingal, Co. Dublin, Ireland","Co. Dublin, Ireland",Ireland,53.454967498779,-6.182957649231,land,,2021-03-31,"Oracle - EMEA",3,,3,8.00,0.00,0.00,1,,,,,,,,,,,,,,,,,,,,,,,,,,,,,,,,,,,,,,,,,,,,,,,,,,,,,,,,,,
163772,"Dublin City, Co. Dublin, Ireland","Co. Dublin, Ireland",Ireland,53.37696,-6.27702,land,,2021-03-30,,1,,1,0.01,0.01,0.00,,,,,,,,,,,,,,,,,,,,,,,,,,,,,,,,,,,,,,,,,,,,,,,,,,,,,,,,,,,
163981,"Fingal, Co. Dublin, Ireland","Co. Dublin, Ireland",Ireland,53.4056212,-6.2480939,land,,2021-04-05,"Bull island action group",8,,8,375.00,0.00,0.00,25,,,,,,,,,,,,,,,,,,,,,,,,,,,,,,,,,,,,,,,,,,,,,,,,,,,,,,,,,,
164257,"Mayo, Co. Mayo, Ireland","Co. Mayo, Ireland",Ireland,53.7692,-9.8257,land,,2021-04-06,"Keep our beaches clean Louisburgh",1,,1,0.37,0.02,0.00,,,,,,,,,,,,,,,,,,,,,,,,,,,,,,,,,,,,,,,,,,,,,,,,,,,,,,,1,,,4,10
164667,"Fingal, Co. Dublin, Ireland","Co. Dublin, Ireland",Ireland,53.4056212,-6.2480939,land,,2021-04-09,"Bull island action group",14,,14,450.00,0.00,0.00,30,,,,,,,,,,,,,,,,,,,,,,,,,,,,,,,,,,,,,,,,,,,,,,,,,,,,,,,,,,
166961,"Dublin City, Co. Dublin, Ireland","Co. Dublin, Ireland",Ireland,53.33021,-6.2645,land,,2021-04-21,CEGBU,2,,2,0.01,0.00,0.00,,,,,,,,,,2,,,,,,,,,,,,,,,,,,,,,,,,,,,,,,,,,,,,,,,,,,,,,,,,,2
166966,"Dublin City, Co. Dublin, Ireland","Co. Dublin, Ireland",Ireland,53.33022,-6.26451,land,,2021-04-21,CEGBU,1,,1,3.60,0.00,0.00,,,,,,,,,,,,,,,,,,,,,,,,,,,,,,,,,,,,,,,,,,,,,,,,,,,,,,,,,,,30
166992,"Dublin City, Co. Dublin, Ireland","Co. Dublin, Ireland",Ireland,53.3255611,-6.2226707,land,,2021-04-21,,4,,4,5.00,0.00,0.00,1,,,,,,,,,,,,,,,,,,,,,,,,,,,,,,,,,,,,,,,,,,,,,,,,,,,,,,,,,,
167795,"Dublin City, Co. Dublin, Ireland","Co. Dublin, Ireland",Ireland,53.34777,-6.27872,land,,2021-04-21,Oracle-EMEA-GBUATeam,1,,1,3.40,0.00,0.00,,2,,2,3,11,,,,14,,,2,8,,11,,,,,,,1,,,,,,,,,,,,,,,,,,,2,,,,,,,,,,,,,3,,,,59
168366,"Dublin City, Co. Dublin, Ireland","Co. Dublin, Ireland",Ireland,53.3441204,-6.2673368,land,,2021-04-29,,2,,2,7.50,0.00,0.00,1,,,,,,,,,,,,,,,,,,,,,,,,,,,,,,,,,,,,,,,,,,,,,,,,,,,,,,,,,,
168597,"Dublin City, Co. Dublin, Ireland","Co. Dublin, Ireland",Ireland,53.3305581,-6.215747,land,,2021-04-30,"Oracle - EMEA",1,,1,4.00,0.00,0.00,2,,,,,,,,,,,,,,,,,,,,,,,,,,,,,,,,,,,,,,,,,,,,,,,,,,,,,,,,,,
168657,"Fingal, Co. Dublin, Ireland","Co. Dublin, Ireland",Ireland,53.4056212,-6.2480939,land,,2021-05-01,"Bull island action group",6,,6,195.00,0.00,0.00,13,,,,,,,,,,,,,,,,,,,,,,,,,,,,,,,,,,,,,,,,,,,,,,,,,,,,,,,,,,
169895,"Cork, Co. Cork, Ireland","Co. Cork, Ireland",Ireland,51.701859,-8.5202383,land,,2021-05-12,,1,,1,7.50,0.00,0.00,1,,,,,,,,,,,,,,,,,,,,,,,,,,,,,,,,,,,,,,,,,,,,,,,,,,,,,,,,,,
170086,"Kildare, Co. Kildare, Ireland","Co. Kildare, Ireland",Ireland,53.21675,-6.60043,land,,2021-05-14,ORACLE-EMEA-MKTG,1,,1,0.86,0.01,0.00,,4,,,4,2,,,1,5,,,3,,1,7,4,,,,,,,,,,,,,,,,,,,,,,,,,3,,,,,,,,,,,,,,,,,35
170433,"Cork, Co. Cork, Ireland","Co. Cork, Ireland",Ireland,51.6925201,-8.4951533,land,,2021-05-17,,1,,1,4.00,0.00,0.00,2,,,,,,,,,,,,,,,,,,,,,,,,,,,,,,,,,,,,,,,,,,,,,,,,,,,,,,,,,,
172835,"County Donegal, Co. Donegal, Ireland","Co. Donegal, Ireland",Ireland,55.0305556,-8.4175,land,,2021-06-10,,1,,1,30.00,0.00,0.00,2,,,,,,,,,,,,,,,,,,,,,,,,,,,,,,,,,,,,,,,,,,,,,,,,,,,,,,,,,,
173004,"Wicklow, Co. Wicklow, Ireland","Co. Wicklow, Ireland",Ireland,53.1653,-6.13821,land,,2021-06-08,,1,,1,0.01,0.00,0.00,,,,,,,,,,,,,,,,,,,,,,,,,,,,,,,,,,,,,,,,,,,,,,,,,,,,,,,,,,,
173118,"County Donegal, Co. Donegal, Ireland","Co. Donegal, Ireland",Ireland,55.0264,-8.39205,land,,2021-06-10,,1,,1,0.01,0.02,0.00,2,,,,,,,,,,,,,,,,,,,,,,,,,,,,,,,,,,,,,,,,,,,,,,,,,,,,,,,,,,
173473,"Kerry, Co. Kerry, Ireland","Co. Kerry, Ireland",Ireland,52.28322,-10.02812,land,,2021-06-17,Trial,1,,1,0.74,0.09,0.00,,,,,,1,,,1,5,,,,1,2,,,,,,,,,,,,,,,,,,,,,1,,,,,,,,,,,,,,,,,,,,,,,11
173479,"Kerry, Co. Kerry, Ireland","Co. Kerry, Ireland",Ireland,52.30897,-10.01522,land,,2021-06-17,SeaShoreNUIG01,3,,3,27.25,0.43,0.00,,1,,,4,,,,,,,,,,3,2,,,1,,,,2,1,,,,4,,,,,,,,2,,,,,,2,,,,,,,,,,,,,,,,15,66
173481,"Galway City, Galway, Ireland","Co. Galway, Ireland",Ireland,53.29569,-9.05327,land,,2021-06-16,,1,,1,4.04,0.01,0.00,,,,,1,,2,,2,,,,,,,2,,,,,,,,,,,,6,,,,,,,,,,,,,,,,,,,,,,,,,,,,,,1,22
173483,"Galway, Co. Galway, Ireland","Co. Galway, Ireland",Ireland,53.48439,-9.05747,land,,2021-06-17,SeaShoreNUIG03,3,,3,3.57,0.04,0.00,,1,,,,,,,,,,,,,,,,,,,,,1,,,,,,,,,,,,,,,,,,,,,,,,,,,,,,,,,,,,7
173535,"Kilkenny, Co. Kilkenny, Ireland","Co. Kilkenny, Ireland",Ireland,52.67261,-7.25406,land,,2021-06-18,ORACLE-EMEA-MARKETING,1,,1,2.67,1.01,0.00,,,,,1,5,2,,,10,,,1,1,2,24,,1,,,,,,,,,,,,,,,,,,,,,,,,3,,,,,,,,,,,,,,,,4,73
173537,"Kildare, Co. Kildare, Ireland","Co. Kildare, Ireland",Ireland,53.218849182129,-6.6615743637085,land,,2021-06-18,ORACLE-EMEA-MKTG,1,,1,2.00,0.00,0.00,1,,,,,,,,,,,,,,,,,,,,,,,,,,,,,,,,,,,,,,,,,,,,,,,,,,,,,,,,,,
173552,"Kerry, Co. Kerry, Ireland","Co. Kerry, Ireland",Ireland,52.27952,-10.02608,land,,2021-06-18,2,11,,11,1.05,0.00,0.00,,,,,6,2,,,,,,,,,,2,,,1,,,,,,,,,,,,,,,,,,,,,,,,,,,,,,,,,,,,,,,,13
173809,"Galway, Co. Galway, Ireland","Co. Galway, Ireland",Ireland,53.48417,-9.05716,land,,2021-06-16,1,1,,1,0.01,0.01,0.00,,,,,,,,,,,,,,,,,,,,,,,,,,,,,,,,,,,,,,,,,,,,,,,,,,,,,,,,,,,
176667,"Kerry, Co. Kerry, Ireland","Co. Kerry, Ireland",Ireland,51.829199780599,-10.175058584131,land,,2021-07-15,"Sea synergy",15,,15,154.32,0.16,0.00,5,19,,1,28,9,,,,41,,,14,,2,23,20,7,12,,,,,,,,,,1,,,,,2,,,,,,,1,3,,1,,3,33,32,32,,,,1,,,,,,285
177569,"Fingal, Co. Dublin, Ireland","Co. Dublin, Ireland",Ireland,53.58166,-6.10763,land,,2021-07-26,,1,,1,0.54,0.01,0.00,,,,,,,,,,,,,,,,,,,,,,,,,,,,,4,,,,,,,2,,,,,,,,,,,,,,,,,,,,,,,6
177580,"Mayo, Co. Mayo, Ireland","Co. Mayo, Ireland",Ireland,53.76917,-9.82435,land,,2021-07-30,"Keep our beaches clean Louisburgh",1,,1,0.26,0.00,0.00,,,,,,,,,1,,,,,,,1,,,1,,,,,,,,,,,,,,,,,,,,,,,,,,,,,,,,,,,,,,,4,19
177951,"Wexford, Co. Wexford, Ireland","Co. Wexford, Ireland",Ireland,52.3354868,-6.4561575,land,,2021-08-04,,1,,1,135.00,0.00,0.00,9,,,,,,,,,,,,,,,,,,,,,,,,,,,,,,,,,,,,,,,,,,,,,,,,,,,,,,,,,,
177953,"Wexford, Co. Wexford, Ireland","Co. Wexford, Ireland",Ireland,52.3358,-6.45715,land,,2021-08-04,,1,,1,0.04,0.05,0.00,,,,,,,,,,,,,,,,,,1,,,,,,,,,,1,,,,,,,,,,,,,,,,,,,,,,,,,,,1,,,,3
177954,"Wexford, Co. Wexford, Ireland","Co. Wexford, Ireland",Ireland,52.33098,-6.4513,land,,2021-08-04,"Wexford estuary clean coast group",5,,5,90.48,0.17,0.00,,20,,55,41,86,,39,23,25,,,,4,19,60,15,4,,,,,17,1,,,,7,,,,,,,,3,,,,,,6,,,,,,,,,,,,,17,,,150,654
177958,"Wexford, Co. Wexford, Ireland","Co. Wexford, Ireland",Ireland,52.3354868,-6.4561575,land,,2021-08-04,"Wexford FC",1,,1,60.00,0.00,0.00,4,,,,,,,,,,,,,,,,,,,,,,,,,,,,,,,,,,,,,,,,,,,,,,,,,,,,,,,,,,
178558,"Wexford, Co. Wexford, Ireland","Co. Wexford, Ireland",Ireland,52.3354868,-6.4561575,land,,2021-08-13,,1,,1,30.00,0.00,0.00,2,,,,,,,,,,,,,,,,,,,,,,,,,,,,,,,,,,,,,,,,,,,,,,,,,,,,,,,,,,
178610,"Mayo, Co. Mayo, Ireland","Co. Mayo, Ireland",Ireland,53.7716,-9.81826,land,,2021-08-10,"Keep our beaches clean Louisburgh",1,,1,0.04,0.00,0.00,,1,,,,,,,,,,,,,,,,,,,,,,,,,,,,,,,,,,,,,,,,,,,,,,,,,,,,,,,,2,9
179199,"Wexford, Co. Wexford, Ireland","Co. Wexford, Ireland",Ireland,52.3354868,-6.4561575,land,,2021-08-22,"Wexford FC/Wexford Youths Womens FC",1,,1,75.00,0.00,0.00,5,,,,,,,,,,,,,,,,,,,,,,,,,,,,,,,,,,,,,,,,,,,,,,,,,,,,,,,,,,
181140,"Dublin City, Co. Dublin, Ireland","Co. Dublin, Ireland",Ireland,53.34368,-6.28401,land,,2021-09-03,,1,,1,0.45,0.00,0.00,,,,,5,2,,,,,,,5,,,,11,,,,,,,,,,,,,,,,,,,,,,,,,,,,,,,,,,,,,,,,,,23
181161,"County Donegal, Co. Donegal, Ireland","Co. Donegal, Ireland",Ireland,55.02634,-8.39202,land,,2021-09-03,,1,,1,0.01,0.00,0.00,,,,,,,,,,,,,,,,,,,,,,,,,,,,,,,,,,,,,,,,,,,,,,,,,,,,,,,,,,,
181791,"Dun Laoghaire-Rathdown, Co. Dublin, Ireland","Co. Dublin, Ireland",Ireland,53.29942,-6.14343,land,,2021-09-10,"Equinix Community Cleanup",1,,1,2.11,0.29,0.00,,1,,2,2,3,,,,1,,,,,3,,2,1,,,,,,,,,,,,,,,,,,,,,,,,,,,,,,,,,,,,,,,,,21
182402,"Cork City, Co. Cork, Ireland","Co. Cork, Ireland",Ireland,51.91496,-8.46718,land,,2021-09-08,,1,,1,0.01,0.00,0.00,,,,,,,,,,,,,,,,,,,,,,,,,,,,,,,,,,,,,,,,,,,,,,,,,,,,,,,,,,,
183648,"Waterford, Co. Waterford, Ireland","Co. Waterford, Ireland",Ireland,51.94462,-7.75617,land,,2021-09-16,,1,,1,24.62,0.01,0.00,,2,,,3,,,1,,11,,,,,,5,,2,,,,,,1,,,,,,,,,,,,,,,,,,,,,,,,,,,,,,,1,,,12,48
183656,"Waterford, Co. Waterford, Ireland","Co. Waterford, Ireland",Ireland,51.944664001465,-7.7561502456665,land,,2021-09-16,"Whiting Bay",1,,1,7.00,0.00,0.00,3,,,,,,,,,,,,,,,,,,,,,,,,,,,,,,,,,,,,,,,,,,,,,,,,,,,,,,,,,,
183960,"Dublin City, Co. Dublin, Ireland","Co. Dublin, Ireland",Ireland,53.35315,-6.16537,land,,2021-09-17,"Clean Coasts",15,,15,13.16,5.42,0.00,,1,,6,27,8,,2,9,34,,,1,1,5,40,3,3,,,,,6,,,,,,,,,,,,,,,,,,,7,,,,,,,,,,,,,,,,5,182
184407,"Fingal, Co. Dublin, Ireland","Co. Dublin, Ireland",Ireland,53.38947,-6.07592,land,,2021-09-18,,2,,2,90.81,0.00,0.00,,69,,38,88,20,,55,109,95,,,7,15,43,57,30,21,24,,,,59,,,,,3,,,,,,,,10,,,,,,15,,,,,,,,,,,,,,,,28,805
184410,"Cork, Co. Cork, Ireland","Co. Cork, Ireland",Ireland,51.51781,-9.18888,land,,2021-09-18,"Haigh family",4,,4,7.00,0.15,0.00,,1,,1,2,,,,3,,,,1,,4,4,1,,,,,,1,,,,,5,,,,,,,,,,,,,,,,,,,,,,,,,,,,,,13,57
184420,"Cork, Co. Cork, Ireland","Co. Cork, Ireland",Ireland,51.98998260498,-8.5830707550049,land,,2021-09-18,"Haigh family",1,,1,1.00,0.00,0.00,1,,,,,,,,,,,,,,,,,,,,,,,,,,,,,,,,,,,,,,,,,,,,,,,,,,,,,,,,,,
184438,"Meath, Co. Meath, Ireland","Co. Meath, Ireland",Ireland,53.70166015625,-6.2609047889709,land,,2021-09-18,"Bettystown Tidy Towns",25,,25,101.00,0.00,0.00,,,,,,,,,,,,,,,,,,,,,,,,,,,,,,,,,,,,,,,,,,,,,,,,,,,,,,,,,,,
184441,"Wexford, Co. Wexford, Ireland","Co. Wexford, Ireland",Ireland,52.38049,-6.40313,land,,2021-09-18,,2,,2,4.30,26.59,0.00,,3,,2,1,1,,2,2,4,,,3,,,14,4,,,,,,,,,,,,,,,,,,,,,,,,,,,,,,,,,,,,,,,,,,64
184453,"Wexford, Co. Wexford, Ireland","Co. Wexford, Ireland",Ireland,52.3354868,-6.4561575,land,,2021-09-18,"Wexford FC/Wexford Youths Womens FC",3,,3,54.50,0.00,0.00,5,,,,,,,,,,,,,,,,,,,,,,,,,,,,,,,,,,,,,,,,,,,,,,,,,,,,,,,,,,
184525,"Fingal, Co. Dublin, Ireland","Co. Dublin, Ireland",Ireland,53.54713,-6.08115,land,,2021-09-18,"S & M",2,,2,46.01,0.93,0.00,,35,,7,30,20,4,5,19,114,,,4,,4,46,2,8,11,,,,3,,,,,13,8,,,,,,,1,,,,,,16,,,,,,,,,,,,,1,,,166,689
187391,"Cork, Co. Cork, Ireland","Co. Cork, Ireland",Ireland,51.4864984,-9.2333951,land,,2021-09-18,"Haigh family",2,,2,7.50,0.00,0.00,1,,,,,,,,,,,,,,,,,,,,,,,,,,,,,,,,,,,,,,,,,,,,,,,,,,,,,,,,,,
187776,"Ringaskiddy, Ringport Business Park, Co. Cork, Ireland",,Ireland,51.823672,-8.3036933,land,,2021-09-18,,2,,2,15.00,0.00,0.00,1,,,,,,,,,,,,,,,,,,,,,,,,,,,,,,,,,,,,,,,,,,,,,,,,,,,,,,,,,,
187820,"Cork, Co. Cork, Ireland","Co. Cork, Ireland",Ireland,51.86823,-8.40267,land,,2021-09-18,,2,,2,5.37,0.01,0.00,,,,1,2,2,,20,10,13,,,1,,,32,2,30,1,,,,,,,,,,,,,,,,,2,,,,,,2,,,,,,,,,,,,,2,,,14,146
188585,"Cork, Co. Cork, Ireland","Co. Cork, Ireland",Ireland,51.7732612,-8.3317,land,,2021-09-18,"Ken shorten fountainstown beach cork",4,,4,15.00,0.00,0.00,1,,,,,,,,,,,,,,,,,,,,,,,,,,,,,,,,,,,,,,,,,,,,,,,,,,,,,,,,,,
189099,"Dun Laoghaire-Rathdown, Co. Dublin, Ireland","Co. Dublin, Ireland",Ireland,53.28645,-6.16153,land,,2021-09-19,"Equinix Community Cleanup",1,,1,0.61,0.02,0.00,,,,,4,,1,,2,,,,,,3,,,,,,,,,,,,,,1,,,,,,,,,,,,,,,,,,,,,,,,,,,,,,13
190266,"Dublin City, Co. Dublin, Ireland","Co. Dublin, Ireland",Ireland,53.35425,-6.28968,land,,2021-09-18,,2,,2,0.01,0.15,0.00,,,,,,,,,,,,,,,,,,,,,,,,,,,,,,,,,,,,,,,,,,,,,,,,,,,,,,,,,,,
190279,"Galway, Co. Galway, Ireland","Co. Galway, Ireland",Ireland,53.24276,-9.30598,land,,2021-09-18,"Fox Party of 2",2,,2,24.11,1.27,0.00,,15,,3,14,23,4,7,24,56,,,1,11,16,32,2,4,5,,,,,,,,,19,,,,,,,,,,,,,,5,,,,,,,,,,,,,2,,,108,398
192627,"Dublin City, Co. Dublin, Ireland","Co. Dublin, Ireland",Ireland,53.32374,-6.20665,land,,2021-09-24,Novartis,2,,2,6.42,0.01,0.00,,1,,,1,2,,2,5,112,,,1,,2,22,1,1,2,,,,,,,,,,,,,,,,,,,,,,,2,,,,,,,,,,,,,,,,,180
192628,"Dublin City, Co. Dublin, Ireland","Co. Dublin, Ireland",Ireland,53.32391,-6.20676,land,,2021-09-24,,1,,1,0.01,0.04,0.00,,,,,,,,,,,,,,,,,,,,,,,,,,,,,,,,,,,,,,,,,,,,,,,,,,,,,,,,,,,
192631,"Dublin City, Co. Dublin, Ireland","Co. Dublin, Ireland",Ireland,53.32374,-6.20684,land,,2021-09-24,"Siofra, Julia and Orla",3,,3,12.10,0.70,0.00,,5,,4,8,3,2,1,1,19,,,,2,11,23,3,3,3,,,,4,,,,,5,2,,,,,,,1,,,,,,13,,,,,,,,,,,,,3,,,2,149
192635,"Dublin City, Co. Dublin, Ireland","Co. Dublin, Ireland",Ireland,53.32732,-6.2081,land,,2021-09-24,Novartis,1,,1,2.42,0.01,0.00,,3,,2,1,2,,3,4,32,,,,,,6,,,,,,,,,,,,,,,,,,,,1,,,,,,8,,,,,,,,,,,,,1,,,23,86
192636,"Wicklow, Co. Wicklow, Ireland","Co. Wicklow, Ireland",Ireland,53.10629,-6.04086,land,,2021-09-24,,2,,2,0.01,0.55,0.00,,,,,,,,,,,,,,,,,,,,,,,,,,,,,,,,,,,,,,,,,,,,,,,,,,,,,,,,,,,
192641,"Dublin City, Co. Dublin, Ireland","Co. Dublin, Ireland",Ireland,53.327110290527,-6.2106885910034,land,,2021-09-24,,1,,1,2.00,0.00,0.00,1,,,,,,,,,,,,,,,,,,,,,,,,,,,,,,,,,,,,,,,,,,,,,,,,,,,,,,,,,,
192656,"Galway City, Galway, Ireland","Co. Galway, Ireland",Ireland,53.2711,-9.05573,land,,2021-09-24,"Galway grabbers",3,,3,21.75,1.67,0.00,,1,,2,6,1,1,23,12,107,,,2,1,2,27,7,5,5,,,,,,,,,3,2,,,,,,,8,,,,,,3,,,,,,,,,,,,,,,,28,305
192657,"Dublin City, Co. Dublin, Ireland","Co. Dublin, Ireland",Ireland,53.35506,-6.1699,land,,2021-09-24,Novartis,4,,4,5.62,0.00,0.00,,18,,2,6,2,,1,4,19,,,,,2,16,3,2,,,,,,,,,,,1,,,,,,,1,,,,,,2,,,,,,,,,,,,,,,,18,115
192658,"Dublin City, Co. Dublin, Ireland","Co. Dublin, Ireland",Ireland,53.355,-6.16987,land,,2021-09-24,Novartis,4,,4,10.52,0.96,0.00,,2,,,2,5,,10,12,46,,,2,,2,23,1,3,5,,,,4,,,,,3,1,,,,,,,,,,,,,3,,,,,,,,,,,,,,,,74,249
192659,"Dublin, Ireland","Co. Dublin, Ireland",Ireland,53.360260009766,-6.1562075614929,land,,2021-09-24,Novartis,1,,1,22.50,0.00,0.00,3,,,,,,,,,,,,,,,,,,,,,,,,,,,,,,,,,,,,,,,,,,,,,,,,,,,,,,,,,,
192664,"Dublin, Ireland","Co. Dublin, Ireland",Ireland,53.35396,-6.16371,land,,2021-09-24,,1,,1,2.94,0.67,0.00,,14,,1,1,,,,,12,,,,,1,1,,,,,,,1,,,,,1,,,,,,,,2,,,,,,1,,,,,,,,,,,,,,,,1,37
192665,"Dublin City, Co. Dublin, Ireland","Co. Dublin, Ireland",Ireland,53.355,-6.16988,land,,2021-09-24,Mairéad,4,,4,1.76,3.84,0.00,,4,,2,1,1,,,1,15,,,1,1,1,6,1,6,,,,,,,,,,,,,,,,,,,,,,,,1,,,,,,,,,,,,,,,,,43
192667,"Wicklow, Co. Wicklow, Ireland","Co. Wicklow, Ireland",Ireland,53.113582611084,-6.0602216720581,land,,2021-09-24,"Novartis Kilcoole Beach Clean",10,,10,60.00,0.00,0.00,4,,,,,,,,,,,,,,,,,,,,,,,,,,,,,,,,,,,,,,,,,,,,,,,,,,,,,,,,,,
192668,"Dublin, Ireland","Co. Dublin, Ireland",Ireland,53.36042,-6.15582,land,,2021-09-24,Novartis,1,,1,2.82,1.07,0.00,,5,,1,,,,,1,2,,,,,,3,,1,,,,,,,,,,,,,,,,,,,,,,,,2,,,,,,,,,,,,,,,,12,33
192669,"Dublin, Ireland","Co. Dublin, Ireland",Ireland,53.36017,-6.15635,land,,2021-09-24,Novartis,1,,1,1.45,1.10,0.00,,,,,1,1,,4,,18,,,,,,1,,,,,,,,,,,,1,,,,,,,,,,,,,,,,,,,,,,,,,,,,,,29,67
192670,"Wicklow, Co. Wicklow, Ireland","Co. Wicklow, Ireland",Ireland,53.11359,-6.06027,land,,2021-09-24,"Novartis Kilcoole Beach Clean",10,,10,9.95,0.00,0.00,,10,,5,7,3,,5,16,167,,,,2,1,21,,11,1,,,,,,,,,,,,,,,,,1,,,,,,,,,,,,,,,,,,,3,,,17,302
192676,"Dublin City, Co. Dublin, Ireland","Co. Dublin, Ireland",Ireland,53.354569,-6.1659909,land,,2021-09-24,,15,,15,10.00,0.00,0.00,2,,,,,,,,,,,,,,,,,,,,,,,,,,,,,,,,,,,,,,,,,,,,,,,,,,,,,,,,,,
192727,"Dublin City, Co. Dublin, Ireland","Co. Dublin, Ireland",Ireland,53.35505,-6.16985,land,,2021-09-24,,4,,4,32.08,0.00,0.00,,3,,6,6,3,1,1,8,35,,,7,2,11,40,5,18,8,,,,3,1,,,,19,,,,,,,,1,,,,,,7,,,,,,,,,,,,,5,,,95,299
193721,"Dublin City, Co. Dublin, Ireland","Co. Dublin, Ireland",Ireland,53.32359,-6.20654,land,,2021-09-24,Novartis,2,,2,5.55,0.00,0.00,,2,,3,2,3,,54,8,88,,,,,2,3,,,,,,,,,,,,3,,,,,,,,,,,,,,2,,,,,,,,,,,,,1,,,4,188
193958,"Dublin City, Co. Dublin, Ireland","Co. Dublin, Ireland",Ireland,53.32363,-6.20652,land,,2021-09-24,"Catia and Olwyn",2,,2,0.18,0.00,0.00,,,,,,1,,,,,,,,,,,,,2,,,,,,,,,1,,,,,,,,,,,,,,1,,,,,,,,,,,,,,,,,7
193963,"Dublin City, Co. Dublin, Ireland","Co. Dublin, Ireland",Ireland,53.35503,-6.16994,land,,2021-09-24,,1,,1,6.60,0.67,0.00,,2,,4,10,6,1,,6,29,,,,,1,15,6,,,,,,1,,,,,,,,,,,,,,,,,,,1,,,,,,,,,,,,,,,,,108
193970,"Galway City, Galway, Ireland","Co. Galway, Ireland",Ireland,53.28159,-9.03392,land,,2021-09-24,"Galway grabbers",1,,1,0.01,0.01,0.00,,,,,,,,,,,,,,,,,,,,,,,,,,,,,,,,,,,,,,,,,,,,,,,,,,,,,,,,,,,
194389,"Waterford, Co. Waterford, Ireland","Co. Waterford, Ireland",Ireland,52.176738739014,-7.1492176055908,land,,2021-09-29,,6,,6,75.00,0.00,0.00,5,,,,,,,,,,,,,,,,,,,,,,,,,,,,,,,,,,,,,,,,,,,,,,,,,,,,,,,,,,
196620,"Dublin City, Co. Dublin, Ireland","Co. Dublin, Ireland",Ireland,53.35728,-6.2461,land,,2021-10-08,Momentive,4,,4,41.00,0.33,0.00,,7,,6,18,54,5,22,31,233,,,,3,18,56,6,11,3,,,,3,,,,,5,1,,4,,,,,,,,,,,5,,,,,,,,,,,,,5,,,41,706
196621,"Dublin City, Co. Dublin, Ireland","Co. Dublin, Ireland",Ireland,53.35728,-6.24586,land,,2021-10-08,"Litter critters",3,,3,41.00,0.15,0.00,,6,,19,33,59,7,15,15,130,,,8,,8,66,4,2,1,,,,1,,,,,6,,,,,,,,,,,,,,5,,,,,,,,,,,,,9,,,82,557
199509,"Clooncarrabaun, Louisburgh, Co. Mayo, Ireland",,Ireland,53.77079,-9.82267,land,,2021-10-12,"Keep our beaches clean Louisburgh",1,,1,0.71,0.12,0.00,,,,,,,,,1,,,,,,,,1,,,,,,,,,,,1,,,,,,,,,,,,,,,,,,,,,,,,,,,,,,8,14
199510,"Mayo, Co. Mayo, Ireland","Co. Mayo, Ireland",Ireland,53.76896,-9.82403,land,,2021-10-12,"Keep our beaches clean Louisburgh",1,,1,0.11,0.00,0.00,,,,,,1,,,,,,,,,,,,,,,,,,,,,,,,,,,,,,,,,,,,,,,,,,,,,,,,,,,,,3
202570,"Dublin City, Co. Dublin, Ireland","Co. Dublin, Ireland",Ireland,53.32983,-6.27513,land,,2021-10-22,Peps,4,,4,2.17,0.91,0.00,,1,,1,1,5,,1,2,58,,,1,1,2,3,2,2,2,,,,,,,,,1,,,,,,,,,,,,,,4,,,,,,,,,,,,,2,,,,96
202576,"Dublin City, Co. Dublin, Ireland","Co. Dublin, Ireland",Ireland,53.33051,-6.26621,land,,2021-10-22,Wasters,4,,4,12.84,0.02,0.00,,16,,12,14,12,,7,7,71,,,3,18,9,12,9,3,22,,,,,,,,,6,4,,,,,,,,,,,,,11,,,,,,,,,,,,,,,,1,259
202590,"Dublin City, Co. Dublin, Ireland","Co. Dublin, Ireland",Ireland,53.33007,-6.26518,land,,2021-10-22,,1,,1,45.20,0.01,0.00,,4,,45,5,25,,60,15,256,,,1,1,11,19,,3,5,,,,1,,,,,,,,,,,,,,,,,,,32,,,,,,,,,,,,,,,,1,520
202640,"Mayo, Co. Mayo, Ireland","Co. Mayo, Ireland",Ireland,53.76892,-9.8243,land,,2021-10-22,"Keep our beaches clean Louisburgh",1,,1,1.83,0.00,0.00,,,,1,,,,,3,,,,,,,,,,1,,,,,,,,,,,,,,,,,,,,,,,,,,,,,,,,,,,,,,,4,28
206358,"Dublin City, Co. Dublin, Ireland","Co. Dublin, Ireland",Ireland,53.35498,-6.16966,land,,2021-11-12,B,15,,15,0.01,0.26,0.00,,,,,,,,,,,,,,,,,,,1,,,,,,,,,,,,,,,,,,,,,,,,,,,,,,,,,,,,,,,,1
206359,"Dublin City, Co. Dublin, Ireland","Co. Dublin, Ireland",Ireland,53.3693,-6.14827,land,,2021-11-12,HPE,1,,1,5.17,0.35,0.00,,7,,2,7,1,,,6,40,,,,7,5,17,,,,,,,2,,,,,,,,,,,,,,,,,,,4,,,,,,,,,,,,,,,,,103
206363,"Dublin City, Co. Dublin, Ireland","Co. Dublin, Ireland",Ireland,53.36733,-6.14891,land,,2021-11-12,HPE,1,,1,19.53,0.14,0.00,,9,,5,3,10,14,7,3,31,,,5,8,7,39,12,,,,,,14,,,,,,,,1,,,,,,,,,,,4,,,,,,,,,,,,,8,,,26,227
206375,"Dublin City, Co. Dublin, Ireland","Co. Dublin, Ireland",Ireland,53.35487,-6.1702,land,,2021-11-12,Hpefs,6,,6,46.41,0.05,0.00,,13,,4,3,6,3,21,5,20,,,,4,4,28,31,43,5,,,,10,1,,,,12,2,,,,,,,1,,,,,,14,,,,,,,,,,,,,5,,,47,357
206962,"Dun Laoghaire-Rathdown, Co. Dublin, Ireland","Co. Dublin, Ireland",Ireland,53.30513,-6.24585,land,,2021-11-12,,5,,5,21.70,2.03,0.00,,8,,6,16,9,1,2,6,80,,,4,11,16,63,15,12,,,,,3,,,,,6,5,,,,,,,4,,,,,,18,,,,,,,,,,,,,2,,,44,428
210725,"Dublin City, Co. Dublin, Ireland","Co. Dublin, Ireland",Ireland,53.33762,-6.22636,land,,2021-10-06,Momentive,4,,4,20.00,0.81,0.00,,5,,4,3,3,,7,6,132,,,2,1,3,44,1,4,2,,,,8,,,,,4,,,,,,,,,,,,,,5,,,,,,,,,,,,,1,,,26,349
212814,"Mayo, Co. Mayo, Ireland","Co. Mayo, Ireland",Ireland,53.97406,-10.07619,land,,2021-12-16,"Surf traineeship",9,,9,12.78,0.05,0.00,,2,,,1,,,,1,,,,,2,4,3,,1,,,,,,,,,,27,,,,,,,,,,,,,,,,,,,,,,,,,,,,,,14,78
215137,"Lunniagh, Lunniaghbeg, Co. Donegal, Ireland",,Ireland,55.09861,-8.31396,land,,2022-01-09,,1,,1,10.23,3.57,0.00,,,,2,4,1,,4,4,,,,,,,,,,3,,,,,,,,,1,,,,,,,,,,,,,,2,,,,,,,,,,,,,,,,,51
215770,"County Donegal, Co. Donegal, Ireland","Co. Donegal, Ireland",Ireland,55.19993,-7.82997,land,,2022-01-14,"Mowi Ireland",1,,1,0.21,0.02,0.00,,,,,1,1,,,,,,,,,,,,,1,,,,,,,,,,,,,,,,,,,,,,,,,,,,,,,,,,,,,,,,4
215927,"County Donegal, Co. Donegal, Ireland","Co. Donegal, Ireland",Ireland,55.19978,-7.83003,land,,2022-01-16,"Mowi Ireland",1,,1,1.71,0.01,0.00,,,,1,,1,,,,,,,,,,,1,,1,,,,,,,,,,,,,,,,,,,,,,,1,,,,,,,,,,,,,,,,6,13
217154,"Cork, Co. Cork, Ireland","Co. Cork, Ireland",Ireland,51.8526,-8.02877,land,,2021-10-01,"An Taisce-Ardnahinch Beach",2,,2,17.60,0.62,0.00,3,1,,8,8,7,,2,11,7,,,,,,34,2,2,,,,,4,,,,,,,,,,,1,,,,,,,,,,1,,1,5,,25,3,1,,,,,5,,28,156
217155,"Wicklow, Co. Wicklow, Ireland","Co. Wicklow, Ireland",Ireland,52.7915,-6.140187,land,,2021-09-18,"An Taisce-Arklow South Beach",10,,10,44.00,0.62,0.00,4,,,,8,6,,8,7,30,,,,4,14,15,4,3,,,,,1,2,,,,,,,,,,2,,,,,,,1,,,,,,1,2,,,2,,,,,,4,5,119
217156,"Meath, Co. Meath, Ireland","Co. Meath, Ireland",Ireland,53.679982,-6.237063,land,,2021-10-11,"An Taisce-Back Beach Laytown",3,,3,110.00,1.86,0.00,10,3,10,1,35,10,,,9,,2,,1,5,5,10,8,,1,,,,,,,,,4,12,,,,,,,,,,,,1,,,,,,6,,2,12,1,,,,,,2,15,155
217157,"Laytown, Co. Meath, Ireland",,Ireland,53.687708,-6.23981,land,,2021-09-18,"An Taisce-Back Beach Laytown Co. MEATH",3,,3,110.00,1.86,0.00,10,9,15,1,35,12,,,7,,9,,,5,9,30,5,,1,,,,,,,,,1,9,,,,,,,,,,,,,,,,,,3,,,,3,,,,,,1,,155
217158,"Sligo, Co. Sligo, Ireland","Co. Sligo, Ireland",Ireland,54.335037,-8.638455,land,,2021-10-07,"An Taisce-Ballinfull",1,2,3,110.00,1.24,0.00,6,2,,,5,3,,,3,,,2,3,,1,4,4,,,,,,1,1,,,6,2,,,,,,,,,,,,,,,,,,,203,,10,5,,,2,,,,,30,287
217159,"Kerry, Co. Kerry, Ireland","Co. Kerry, Ireland",Ireland,52.388397,-9.835562,land,,2021-09-20,"An Taisce-Ballyheigue Beach",25,8,33,121.00,1.86,0.00,16,10,,165,110,110,,,15,,,,,,3,47,28,,,,,,,,44,,,,,,,,,11,,,,,,,,,,,,,52,,4,,8,,1,,,3,112,45,768
217160,"Kerry, Co. Kerry, Ireland","Co. Kerry, Ireland",Ireland,52.388397,-9.835563,land,,2021-09-19,"An Taisce-Ballyloughnane Beach",5,1,6,17.60,1.55,0.00,2,1,20,,14,3,,1,9,5,,,3,,3,43,1,3,,,,,,,1,,,1,1,,,,,,,,,,,,,6,,4,,,15,,2,2,2,,1,,,,,6,147
217161,"Banna-Mountain, Carrahane, Co. Kerry, Ireland",,Ireland,52.328569,-9.841684,land,,2021-10-04,"An Taisce-Banna Beach",40,27,67,1.00,2.48,0.00,30,8,21,38,64,60,,41,59,131,,6,6,2,10,115,16,5,23,,,2,,1,11,,2,6,,,,,,5,,,,,,,2,,,,,1,166,20,63,6,4,10,3,3,,17,55,120,1102
217162,"Wexford, Co. Wexford, Ireland","Co. Wexford, Ireland",Ireland,52.211052,-6.796901,land,,2021-09-19,"An Taisce-Bannow island beach",2,,2,27.06,1.55,0.00,4,,7,4,18,13,,2,15,2,,2,,11,5,76,,7,,,,,3,1,,,6,,3,,,,,,,,,,,,,,,2,,8,17,,30,22,,,2,2,,100,16,30,404
217163,"Wicklow, Co. Wicklow, Ireland","Co. Wicklow, Ireland",Ireland,53.1986754,-6.0950614,land,,2021-10-13,"An Taisce-Bray",4,,4,13.20,1.24,0.00,1,,2,2,11,9,,11,4,264,,1,15,,2,10,1,2,4,,,,,,,,,2,,,,,,,,,,,,,,,,,,,,,,,,,2,,,,,23,365
217164,"Wicklow, Co. Wicklow, Ireland","Co. Wicklow, Ireland",Ireland,53.1986754,-6.096,land,,2021-10-13,"An Taisce-Bray beach",5,,5,22.00,1.24,0.00,2,,,2,5,,,9,4,425,,2,,,,11,5,4,2,,,,,,,,1,6,,,,,,,,,,,,,,,,,,,,,1,7,1,,,,,1,24,25,535
217165,"Wicklow, Co. Wicklow, Ireland","Co. Wicklow, Ireland",Ireland,53.1986754,-6.097,land,,2021-10-13,"An Taisce-Bray beach",4,,4,18.70,1.24,0.00,2,,1,8,4,10,,20,6,450,,1,,,2,16,1,11,8,,,,,,3,,,,,,,,,2,,,,,,,,,,,,,,,5,7,2,,,,,,10,15,582
217166,"Wicklow, Co. Wicklow, Ireland","Co. Wicklow, Ireland",Ireland,53.1986754,-6.0950614,land,,2021-09-22,"An Taisce-Bray Promenade",2,,2,4.40,0.68,0.00,1,,6,,9,2,,2,8,104,,7,3,,,45,9,10,12,,,,,,,,,3,,,,,,9,,,,,,,1,4,,,,,2,2,,3,5,,,,,2,18,40,306
217167,"Dublin City, Co. Dublin, Ireland","Co. Dublin, Ireland",Ireland,53.3724,-6.15695,land,,2021-10-14,"An Taisce-Bull Island",4,,4,26.40,1.24,0.00,3,2,,20,5,5,,2,6,75,,5,,1,3,5,2,1,,,,,1,,,,,2,,,,,,4,,,,,1,,1,,,,,1,,2,,6,1,6,,,,2,7,35,201
217168,"Dublin City, Co. Dublin, Ireland","Co. Dublin, Ireland",Ireland,53.3723,-6.15696,land,,2021-10-14,"An Taisce-Bull Island",3,,3,17.60,1.24,0.00,3,2,4,15,16,11,,1,1,15,,6,4,,1,27,6,6,1,,,,,,1,,,,4,,,,,3,,,,,,,,,,,,,,,2,2,,,1,,,2,1,5,137
217169,"Dublin City, Co. Dublin, Ireland","Co. Dublin, Ireland",Ireland,53.3721,-6.15697,land,,2021-10-14,"An Taisce-Bull Island",4,,4,20.90,1.24,0.00,3,1,6,1,15,7,,,10,140,1,2,3,,4,12,3,6,1,,,,3,,,,,6,1,,,,,1,,,,,1,,,,,,,,,,1,1,2,,,,,2,7,60,297
217170,"Dublin, Ireland","Co. Dublin, Ireland",Ireland,53.3731,-6.15698,land,,2021-10-13,"An Taisce-Bull Island",3,,3,22.00,1.24,0.00,2,2,5,7,10,5,,1,10,50,,,1,,1,15,,11,,,,1,4,,,,,2,1,,,,,,,,,,2,,,2,,,,,13,,,5,2,7,2,,,,2,15,176
217171,"Dublin, Ireland","Co. Dublin, Ireland",Ireland,53.3732,-6.15699,land,,2021-10-14,"An Taisce-Bull Island",4,,4,15.40,1.24,0.00,2,,,2,15,1,,1,2,11,,5,,2,1,3,,1,1,,,,,,,,,,,,,,,1,,,,,,,,,,,,,1,,,3,1,6,2,,,2,3,23,87
217172,"Dublin, Ireland","Co. Dublin, Ireland",Ireland,53.3731,-6.157,land,,2021-10-14,"An Taisce-Bull Island",4,,4,19.80,1.24,0.00,2,,,,5,8,,,5,51,,3,3,,,,4,5,,,,,1,,,,,,,,,,,,,,,,,,,,,,,,1,,6,10,3,,,,,4,9,59,177
217173,"Dublin City, Co. Dublin, Ireland","Co. Dublin, Ireland",Ireland,53.3729,-6.15701,land,,2021-10-13,"An Taisce-Bull Island",3,,3,20.90,1.24,0.00,3,3,6,8,14,6,,4,,21,,4,9,8,3,18,5,1,,,,,,,,,,,,,,,,5,,,,,,,1,2,,,,,,,1,1,2,,,,,,,11,133
217174,"Dublin City, Co. Dublin, Ireland","Co. Dublin, Ireland",Ireland,53.3725,-6.15702,land,,2021-10-14,"An Taisce-Bull Island",4,,4,24.20,1.55,0.00,3,4,8,10,42,2,,2,5,30,,,5,,,2,,6,4,,,,,2,,,,2,,,,,,,,,,,,,,,,,,,3,,3,2,2,,,,,7,5,8,154
217175,"Fingal, Co. Dublin, Ireland","Co. Dublin, Ireland",Ireland,53.393215,-6.104008,land,,2021-09-20,"An Taisce-Burrow Beach",11,5,16,1.00,0.93,0.00,3,2,6,13,3,4,,46,18,106,4,,,,2,28,7,6,,,,,,,,,,3,,,3,,,1,,,,,,,1,,,,,,5,,,4,1,1,3,,,5,13,62,347
217176,"Dublin, Ireland","Co. Dublin, Ireland",Ireland,53.394136,-6.109973,land,,2021-09-24,"An Taisce-Burrow Beach Howth",2,,2,11.00,3.10,0.00,2,,,5,15,10,,30,35,40,,,,,,50,25,30,4,,,,,,,,,4,,,,,,,,,,,,,,,,,,,,,1,,10,,2,,,,30,50,341
217177,"Galway City, Galway, Ireland","Co. Galway, Ireland",Ireland,53.27987,-9.053826,land,,2021-09-18,"An Taisce-By Swamp in Galway City",1,,1,33.00,1.24,0.00,1,1,,10,10,10,,6,5,,,,,2,1,25,,,4,,,,,,,,,,,,,,,,,,,,,,,,,4,,,,,,,,,,,,,,20,98
217178,"Waterford, Co. Waterford, Ireland","Co. Waterford, Ireland",Ireland,52.0897488,-7.6210306,land,,2021-10-04,"An Taisce-Clonea Beach",8,,8,33.00,0.62,0.00,2,,,3,13,19,,,3,3,,,,2,3,34,2,,,,,,,,,,,2,,,,,,3,,,,,,,1,,,,,,,,1,,2,,,,,,40,,131
217179,"Leitrim, Co. Leitrim, Ireland","Co. Leitrim, Ireland",Ireland,54.164309,-8.082369,land,,2021-10-11,"An Taisce-Corry Strand, Lough Allen",,,,17.60,0.31,0.00,2,,,1,13,3,,2,4,12,,,,,4,,,,,,,,2,,,,,,,,,,,,,,,,,,,,,,,,,,,,,,1,,,,46,17,105
217180,"Townplots East, Killala, Co. Mayo, Ireland",,Ireland,54.233782,-9.19571,land,,2021-10-11,"An Taisce-Cross Beach",5,27,32,34.10,0.78,0.00,4,,,,9,3,,,,72,,,,,3,,,,1,,,,27,,,,,,,,,,,,,,,,,,,,,,,3,31,6,38,,,3,1,10,,6,10,67,290
217181,"County Donegal, Co. Donegal, Ireland","Co. Donegal, Ireland",Ireland,55.2869665,-7.166544,land,,2021-09-20,"An Taisce-CULDAFF BEACH & RIVER ESTUARY",9,,9,33.00,0.62,0.00,5,1,,2,10,15,,6,17,25,1,,,1,2,40,3,9,1,,,,1,,1,,1,2,,,,,,2,,,,,,,,,,,,,6,3,1,2,1,,,,,26,7,22,208
217182,"Dublin City, Co. Dublin, Ireland","Co. Dublin, Ireland",Ireland,53.305066,-6.278503,land,,2021-10-06,"An Taisce-Dodder River",10,,10,31.90,0.68,0.00,6,2,12,12,29,30,,14,15,400,,,16,,7,65,6,4,3,,,,,1,,,,2,,,,,,3,,,,,3,,,,,,,,,,,2,3,,,,,2,19,7,657
217183,"Dun Laoghaire-Rathdown, Co. Dublin, Ireland","Co. Dublin, Ireland",Ireland,53.294366,-6.133697,land,,2021-10-05,"An Taisce-Dun Laoghaire",2,,2,22.00,1.55,0.00,2,,2,2,6,4,,9,14,46,,,1,1,3,26,8,2,3,,,,5,,,,1,2,1,,,,,1,,,,,,,,,,1,,,2,4,1,2,4,,2,,,2,18,26,199
217184,"Dun Laoghaire-Rathdown, Co. Dublin, Ireland","Co. Dublin, Ireland",Ireland,53.292155,-6.128861,land,,2021-10-03,"An Taisce-Dn Laoghaire East pier area",12,3,15,79.20,0.62,0.00,12,10,,50,50,100,,20,20,520,100,100,,100,100,100,,,,,,,,,10,,,,,,,,,20,,,,,,,,,,,,,,,,,,,,,,,100,,1400
217185,"Dublin, Ireland","Co. Dublin, Ireland",Ireland,53.293957,-6.131089,land,,2021-10-07,"An Taisce-Dun Laoghaire Harbour",5,,5,26.40,1.86,0.00,3,1,,1,4,8,,5,3,105,,2,2,,,,,,6,,,,,,,,,,,,,,,5,,,,,,,,,,,,,,,,33,,,1,,,4,1,16,197
217186,"Dublin, Ireland","Co. Dublin, Ireland",Ireland,53.293957,-6.13109,land,,2021-10-11,"An Taisce-Dun Laoghaire Harbour and Town",3,,3,66.00,1.86,0.00,5,1,3,18,10,38,,,7,123,,8,4,2,,40,6,2,,,,1,11,,,,,8,,,,,,,,,,,,,,19,,,,,,,,33,8,20,1,,,,,,363
217187,"Sligo, Co. Sligo, Ireland","Co. Sligo, Ireland",Ireland,54.212651,-9.097468,land,,2021-10-07,"An Taisce-Enniscrone Beach",16,7,23,1.00,1.86,0.00,14,1,2,12,5,8,,7,6,55,,3,1,12,2,11,6,7,8,,,,,,2,,2,3,2,,,,,2,,1,,,,,1,,,2,,,5,2,4,6,5,1,1,,,,,,185
217188,,,Ireland,53.233593,-9.648601,land,,2021-10-13,"An Taisce-Ervallagh West",1,2,3,19.80,0.93,0.00,2,,4,5,21,8,,9,11,56,,,,,2,15,4,2,1,,,,6,,,,1,,,,,,,,,,,,,,,,,,,,,3,5,2,2,2,,,,3,11,24,197
217189,,,Ireland,53.233593,-9.648602,land,,2021-10-11,"An Taisce-Ervallagh West",1,3,4,17.38,0.50,0.00,1,3,1,,50,,,,56,,,1,,,,5,4,,,,,,,,,,,,,,,,,,,,,,,,,,,,,,25,,,,,,1,,,1,3,28,178
217190,"Cork, Co. Cork, Ireland","Co. Cork, Ireland",Ireland,51.774755,-8.311547,land,,2021-10-01,"An Taisce-Fountainstown Beach",2,1,3,13.20,1.24,0.00,2,,2,,8,8,,2,6,50,,,,,,10,10,4,8,,,,3,,,,,,,,,,,1,,,,,,,1,2,,,,,,,1,1,5,1,,,,4,4,10,141
217191,"Dublin City, Co. Dublin, Ireland","Co. Dublin, Ireland",Ireland,53.339675,-6.2352081,land,,2021-10-01,"An Taisce-Garrylucas Beach to Ballinspittle",3,,3,9.90,1.24,0.00,1,1,2,,4,,,,12,2,,,,3,,7,,,2,,,,2,,,,,,1,,,,,,,,,,,,,,,,,4,14,,25,1,,,1,,,5,11,110,207
217192,"Moanroe, Garryvoe, Co. Cork, Ireland",,Ireland,51.866456,-7.9701469332998,land,,2021-10-05,"An Taisce-Garryvoe Beach",1,,1,8.80,0.62,0.00,2,1,6,,4,,,4,3,66,,2,,1,,17,2,3,2,,,,9,,,,2,,1,,,,,1,,,,,,,,1,,,,,10,2,1,4,,,,1,,1,1,49,194
217193,"Moanroe, Garryvoe, Co. Cork, Ireland",,Ireland,51.866457,-7.9701469332998,land,,2021-10-06,"An Taisce-Garryvoe Beach",1,,1,6.60,0.62,0.00,1,,1,1,2,3,,3,5,26,,,,,2,15,1,,,,,,3,,,,,,,,,,,,,,,,1,,,,,1,,,1,2,,3,1,,,,,1,4,12,88
217194,"Moanroe, Garryvoe, Co. Cork, Ireland",,Ireland,51.866458,-7.9701469332998,land,,2021-10-06,"An Taisce-Garryvoe Beach",4,,4,13.20,0.93,0.00,1,3,6,1,6,1,,3,5,50,2,,5,,1,13,3,4,1,,,,4,,,,,5,,,,,,5,,,,,,,,2,,1,,1,2,,,9,2,,,,,7,7,27,176
217195,"Moanroe, Garryvoe, Co. Cork, Ireland",,Ireland,51.866456,-7.9701469332998,land,,2021-10-06,"An Taisce-Garryvoe Beach",1,,1,4.40,0.31,0.00,1,,,,3,1,,,1,10,,1,,,,4,,,,,,,1,,1,,,2,1,,,,,,,,,,,,,2,,,,,2,,,7,,,,,,,,2,38
217196,"Moanroe, Garryvoe, Co. Cork, Ireland",,Ireland,51.866449,-7.9701469332998,land,,2021-10-06,"An Taisce-Garryvoe Beach",1,,1,4.40,0.31,0.00,1,,1,,,,,,,1,,1,1,,,9,6,3,,,,,1,,,,2,,1,,,,,,,,,,,,,,,,,,,2,2,8,,1,,,,3,,29,71
217197,"Moanroe, Garryvoe, Co. Cork, Ireland",,Ireland,51.86648,-7.9701469332998,land,,2021-10-06,"An Taisce-Garryvoe Beach",1,,1,9.90,0.62,0.00,1,,3,,10,,,,,23,,,,,,10,3,2,,,,,,1,,,,,,,,,,,,,,,,,,2,,,,,,,,1,,,1,,,3,1,18,78
217198,"Moanroe, Garryvoe, Co. Cork, Ireland",,Ireland,51.866477,-7.9701469332,land,,2021-10-06,"An Taisce-Garryvoe Beach",1,,1,3.30,0.31,0.00,1,,,,,,,2,,130,,,,,,5,3,,1,,,,,,,,,,,,,,,2,,,,,,,,2,,,,,,1,,,2,,1,,,2,5,11,167
217199,"Brinlack, Co. Donegal, Ireland",,Ireland,55.129985,-8.294635,land,,2021-09-20,"An Taisce-Glassagh Bay",3,,3,33.00,1.86,0.00,2,1,1,1,42,11,,,10,,,,2,,3,17,2,1,,,,,27,1,,,5,7,1,,,,,2,,,,,,,,,,,,4,25,2,14,22,,,,,,3,,46,250
217200,"Brinlack, Co. Donegal, Ireland",,Ireland,55.129985,-8.294636,land,,2021-08-03,"An Taisce-Gleannglas",45,15,60,220.46,0.10,0.00,,50,,500,509,450,,,,1000,,,,,500,500,,,,,,,,,,,,,,,,,,,,,,,,,,,,,,,,,,,,,,,,,,,3509
217201,"Meath, Co. Meath, Ireland","Co. Meath, Ireland",Ireland,53.5768,-6.86992,land,,2021-09-19,"An Taisce-Gormanston Beach",1,,1,33.00,0.93,0.00,2,2,8,,13,6,,1,8,,,3,5,,,2,7,,,,,,8,,,,4,11,,,,,,,,,,,,,,,,,,3,14,12,7,3,3,,,3,,5,1,17,146
217202,"Dublin City, Co. Dublin, Ireland","Co. Dublin, Ireland",Ireland,53.3396,-6.23737,land,,2021-10-12,"An Taisce-Grand Canal Portobello",10,,10,105.60,1.86,0.00,10,,6,5,8,12,,56,14,255,,,2,1,3,22,24,7,11,,,,25,1,1,,5,3,2,,,,,21,,,,,,,,,,,,,,,3,32,23,11,3,2,,,38,49,645
217203,"Wicklow, Co. Wicklow, Ireland","Co. Wicklow, Ireland",Ireland,53.136583,-6.053684,land,,2021-10-11,"An Taisce-Greystones Beach",2,,2,26.40,0.62,0.00,2,,11,5,4,2,,11,9,22,,,,,5,2,2,,2,,,,1,,,,1,5,,,,,,,,,,,,,,,,,,,,,,4,,,,,,1,51,47,185
217204,"Wicklow, Co. Wicklow, Ireland","Co. Wicklow, Ireland",Ireland,53.136583,-6.053685,land,,2021-10-11,"An Taisce-Greystones Beach",2,,2,11.00,0.62,0.00,1,9,11,3,8,1,,,1,,,1,,,2,,,,,,,,2,,,,2,1,,,,,,,,,,,2,,1,,2,,,,3,2,,2,,2,2,,,1,11,22,91
217205,"Wicklow, Co. Wicklow, Ireland","Co. Wicklow, Ireland",Ireland,53.136583,-6.053686,land,,2021-10-05,"An Taisce-Greystones South Beach",1,1,2,7.70,0.62,0.00,1,,3,3,,1,,,2,45,,,,,2,2,,2,2,,,,,,,,,2,,,,,,,,,,,,,,,,,,,,,,5,,,,,,3,12,15,99
217206,"Wicklow, Co. Wicklow, Ireland","Co. Wicklow, Ireland",Ireland,53.136583,-6.053687,land,,2021-10-05,"An Taisce-Greystones South Beach",1,1,2,13.20,1.24,0.00,2,,,1,1,1,,21,4,9,,,,,,1,,2,1,,,,,,,,,,2,,,,,,,,,,,,,,,,,,1,,,,,,1,,,,15,10,70
217207,"Wicklow, Co. Wicklow, Ireland","Co. Wicklow, Ireland",Ireland,53.138024,-6.055186,land,,2021-10-05,"An Taisce-Greystones South Beach",2,1,3,17.60,1.24,0.00,2,,3,3,3,1,,3,2,5,,,,,2,14,2,,,,,,,,,,,,,,,,,1,,,,,,,,,,1,,,,2,,1,,,,,,2,4,19,68
217208,"Wicklow, Co. Wicklow, Ireland","Co. Wicklow, Ireland",Ireland,53.138024,-6.055187,land,,2021-10-05,"An Taisce-Greystones South Beach",1,1,2,12.10,0.93,0.00,1,,2,,1,2,,5,8,21,,,,,,4,2,1,3,,,,2,,,,,,,,,,,1,,,,,,,,,,1,,,1,1,,2,1,,,,,3,18,22,101
217209,"Wicklow, Co. Wicklow, Ireland","Co. Wicklow, Ireland",Ireland,53.138024,-6.055188,land,,2021-10-01,"An Taisce-Greystones South Beach",1,1,2,8.80,0.62,0.00,1,,1,,1,2,,1,,20,,,,,1,3,2,,,,,,,,,,,,2,,,,,1,,,,,,,,,,,,,,1,,3,,,,,,,,20,58
217210,"Wicklow, Co. Wicklow, Ireland","Co. Wicklow, Ireland",Ireland,53.138024,-6.055189,land,,2021-10-05,"An Taisce-Greystones South Beach",1,,1,8.80,0.93,0.00,1,,35,8,6,5,,,,13,,3,,,,3,11,,2,,,,,,,,1,,,,,,,,,,,,,,,,,,,,2,,1,,2,,1,,,2,30,11,136
217211,"Wicklow, Co. Wicklow, Ireland","Co. Wicklow, Ireland",Ireland,53.138024,-6.05519,land,,2021-10-01,"An Taisce-Greystones South Beach",1,,1,6.60,0.62,0.00,1,,,,,1,,4,3,39,,,,,,8,1,,,,,,,,,,,,,,,,,,,,,,,,,,1,,,,,,,,,,1,,,13,2,38,111
217212,"Wicklow, Co. Wicklow, Ireland","Co. Wicklow, Ireland",Ireland,53.14033,-6.057813,land,,2021-10-01,"An Taisce-Greystones South Beach Carpark",2,,2,46.20,0.62,0.00,4,5,2,10,24,15,,10,20,25,2,5,3,5,10,22,20,10,8,,,,,,,,5,,,,,,,10,,,,,,,,2,,,,,,,,,5,,4,,,21,30,45,318
217213,"Dublin City, Co. Dublin, Ireland","Co. Dublin, Ireland",Ireland,53.374582,-6.257062,land,,2021-09-20,"An Taisce-Home Farm / Fledlings Creche",1,2,3,1.00,0.10,0.00,2,,1,5,10,8,,2,5,5,,5,5,,2,5,5,2,,,,,,,5,,,,,,,,,2,,,,,,,,,,,,,,,,,2,,1,,,,5,,75
217214,"Clare, Co. Clare, Ireland","Co. Clare, Ireland",Ireland,52.597941,-9.334933,land,,2021-09-18,"An Taisce-Kilkerrin Battery",3,,3,1.00,0.62,0.00,5,,10,10,30,10,,2,5,,,,,,2,20,3,,,,,,2,,,,,,,,,,,,,,,,,,,,,,,,,,2,,,,,,,,5,,101
217215,"Mayo, Co. Mayo, Ireland","Co. Mayo, Ireland",Ireland,53.704265,-9.910862,land,,2021-10-01,"An Taisce-Killadoon to Cross Beach",1,1,2,19.80,1.24,0.00,2,1,5,,8,,,3,6,20,,,,,5,3,2,,,,,,,,,,3,10,,,,,,,,,,,,,,2,,,,,,,3,3,1,,,,,,,,75
217216,"Lahinch, Co. Clare, Ireland",,Ireland,52.933318,-9.348572,land,,2021-10-11,"An Taisce-Lahinch",2,,2,22.00,1.24,0.00,3,,,4,,6,,,3,,,6,,,1,2,2,,,,,,,8,,,,1,,,,,,,,,,,20,,,,,,,,,,,3,,,,,,35,,34,125
217217,"Clare, Co. Clare, Ireland","Co. Clare, Ireland",Ireland,52.6204,-9.193414,land,,2021-09-20,"An Taisce-Liscullane shore",1,2,3,33.00,0.31,0.00,2,2,3,3,15,3,,3,10,,,1,,,,10,3,15,1,,,,2,,,,2,,,,,,,,,,,,,,,,,,,,20,,3,2,,,1,2,,,30,25,156
217218,"Wexford, Co. Wexford, Ireland","Co. Wexford, Ireland",Ireland,52.422406,-6.692131,land,,2021-06-30,"An Taisce-Loch Mahon",2,,2,22.00,0.62,0.00,2,,,5,10,,,,,,,,,,,10,,,,,,1,2,,,,,,,,,,,,,,,,,,,,,,,,,,,,,,,,,10,20,30,88
217219,"Westmeath, Co. Westmeath, Ireland","Co. Westmeath, Ireland",Ireland,53.498354,-7.925565,watercraft,,2021-08-04,"An Taisce-Lough Ree clean up",12,10,22,10.00,0.10,0.00,,24,,30,20,20,,20,10,,,,,,20,,,,,,,,,,,,,,,,,,,,,,,,8,,,,,,,5,,,,,,,,,,,,,157
217220,"Mayo, Co. Mayo, Ireland","Co. Mayo, Ireland",Ireland,53.900823,-9.769563,land,,2021-10-11,"An Taisce-Mulranny Golf Course Beach",2,,2,55.00,0.62,0.00,4,,2,,1,,,,5,8,,,,,,3,,,,,,,,,3,,,15,,,,,,,,,,,,,,2,,,,,1,,10,,,,1,,,2,6,15,74
217221,"Cork, Co. Cork, Ireland","Co. Cork, Ireland",Ireland,51.565191,-8.993427,land,,2021-09-20,"An Taisce-Owenahincha",5,,5,11.00,0.43,0.00,1,,2,,1,2,,3,24,30,,,,10,1,50,1,3,,,,,,,,,,7,,,,,,1,,,,,,,,,,,,,26,7,12,7,,,1,,,70,,67,325
217222,"Fingal, Co. Dublin, Ireland","Co. Dublin, Ireland",Ireland,53.422,-6.13583,land,,2021-09-17,"An Taisce-Portmarnock Beach",1,,1,22.00,3.10,0.00,2,2,2,1,6,4,,7,30,52,1,2,,1,15,25,3,1,5,,,,,,,,,2,,,,,,,,,,,,,,15,,,,,,,3,20,3,,3,,,,5,25,233
217223,"Fingal, Co. Dublin, Ireland","Co. Dublin, Ireland",Ireland,53.422,-6.13584,land,,2021-09-20,"An Taisce-Portmarnock beach",4,2,6,28.60,2.05,0.00,1,,,3,4,5,,40,10,100,,,,,1,10,,3,4,,,,,,,,,,,,,,,,,,,,,,,,,2,,,,,1,,6,,2,,,20,80,160,451
217224,"Fingal, Co. Dublin, Ireland","Co. Dublin, Ireland",Ireland,53.422,-6.13585,land,,2021-09-21,"An Taisce-Portmarnock Velvet strand",20,3,23,1.00,2.23,0.00,20,1,30,31,51,28,,30,56,126,1,13,13,,11,58,43,9,8,,,,,9,6,,45,,1,,,,,10,,,,,,,,,,1,,,,,26,8,31,1,1,,,13,49,92,802
217225,"Fingal, Co. Dublin, Ireland","Co. Dublin, Ireland",Ireland,53.496003,-6.110698,land,,2021-09-18,"An Taisce-Portrane Beach, Donabate, County Dublin",3,,3,1.00,1.24,0.00,4,9,8,8,12,10,,,10,,3,3,11,4,6,10,15,6,4,,,,18,3,6,,2,11,9,,,,,2,,,,,,,2,,,,,,4,,8,8,1,,1,,,3,12,13,222
217226,"Fingal, Co. Dublin, Ireland","Co. Dublin, Ireland",Ireland,53.496003,-6.110699,underwater,,2021-09-18,"An Taisce-Portrun Shoreline",8,,8,10.00,1.24,0.00,2,7,6,20,60,12,,15,10,40,,,,,,15,6,4,3,,,,3,,,,8,,,,,,,8,,,,,,,,,,,,,,,,9,4,8,,,,4,6,15,263
217227,,,Ireland,54.302033,-9.843383,land,,2021-10-01,"An Taisce-Rinroe Beach Kilgalligan",2,,2,132.00,2.48,0.00,6,3,1,9,17,12,,2,21,4,,1,3,1,7,14,23,6,9,,,,17,,3,,3,22,,,,,,2,,,,,,,,,,,,,25,20,12,7,3,,2,,,23,24,72,368
217228,"Longford, Co. Longford, Ireland","Co. Longford, Ireland",Ireland,53.761935,-7.682193,land,,2021-09-27,"An Taisce-River Camlin",2,,2,1.00,3.10,0.00,1,,,1,6,,,,4,4,,2,,,,25,2,2,1,,,,,,,,,,,,,,,,,,,,,,,,,,,,,,,1,2,,,,,,,6,56
217229,,,Ireland,51.745278,-8.312259,land,,2021-09-19,"An Taisce-Roberts Cove beach",2,3,5,6.60,0.31,0.00,1,,,,,,,,5,29,,,,,,3,1,3,3,,,,13,,,,,,,,,,,,,,,,,,,,,,,,,,10,,,,,,,9,7,68,151
217230,"Dublin City, Co. Dublin, Ireland","Co. Dublin, Ireland",Ireland,53.3357,-6.21748,land,,2021-09-17,"An Taisce-Sandymount Beach and Nature Trail",6,,6,44.00,0.62,0.00,4,1,5,4,12,16,,3,11,33,1,,2,,,52,6,9,2,,,,,,,,,2,1,,,,,2,,,,,1,,,,,,,,,1,,2,3,,,,,7,5,32,213
217231,"Cork, Co. Cork, Ireland","Co. Cork, Ireland",Ireland,51.522689,-9.544311,land,,2021-10-11,"An Taisce-Schull Community College Coastline",4,,4,7.70,1.86,0.00,1,,,2,1,1,,1,,5,,,,,,2,1,1,,,,,,,,,,,,,,,,,,,,,,,,,,,,,,,1,,1,,,,,,5,11,32
217232,"Cork, Co. Cork, Ireland","Co. Cork, Ireland",Ireland,51.522689,-9.544312,land,,2021-10-11,"An Taisce-Schull Community College Coastline",4,,4,11.00,1.86,0.00,1,,,4,1,8,,,2,2,,,,,,1,,,1,,,1,,,,,1,,,,,,,,,,,,1,,,,,,,,,,1,1,,,,,,5,7,3,39
217233,"Cork, Co. Cork, Ireland","Co. Cork, Ireland",Ireland,51.522689,-9.544313,land,,2021-10-11,"An Taisce-Schull Community College Coastline",4,,4,8.80,1.86,0.00,1,,,1,2,4,,3,,11,,,,,1,5,,,,,,,,,,,1,,,,,,,,,,,,,,,,,,,,,,,4,,,,,,2,6,12,52
217234,"Cork, Co. Cork, Ireland","Co. Cork, Ireland",Ireland,51.522689,-9.544314,land,,2021-10-11,"An Taisce-Schull Community College Coastline",4,,4,4.40,1.86,0.00,1,,,1,1,3,,,,2,,,,,1,5,,,,,,,,,,,1,,,,,,,,,,,,,,,,,,,,,,,,,,,,,,2,,16
217235,"Dublin, Ireland","Co. Dublin, Ireland",Ireland,53.297398,-6.159341,land,,2021-09-18,"An Taisce-Seapoint Beach",2,2,4,18.70,0.62,0.00,1,,1,,,3,,,2,1,,12,,,2,9,2,,2,,,,,,,,,,6,,,,,,,,,,,,,,,1,,,,,1,,,,,,,19,7,65,133
217236,"Dublin, Ireland","Co. Dublin, Ireland",Ireland,53.336993,-6.19168,land,,2021-09-24,"An Taisce-Shellybanks Beach",12,,12,26.40,0.62,0.00,6,8,10,4,14,8,,10,24,155,,13,2,,3,35,4,21,4,,,,6,,1,,3,6,1,,,,,12,,,,,,,,,,1,,1,8,1,13,8,4,20,,1,,3,3,185,592
217237,"Carrowbunnaun, Strandhill, Co. Sligo, Ireland",,Ireland,54.269836,-8.610544,land,,2021-09-22,"An Taisce-Strandhill",2,,2,1.00,0.12,0.00,1,3,7,3,2,2,,2,2,161,4,2,,2,,23,3,2,5,,,,,,,,,2,,,,,,,,,,,,,,,,,,,2,,5,4,,,,,,4,12,75,327
217238,"Louth, Co. Louth, Ireland","Co. Louth, Ireland",Ireland,53.980599,-6.153148,land,,2021-09-18,"An Taisce-Templetown",12,6,18,231.00,1.36,0.00,20,,,2,68,26,,,80,50,,2,,5,8,120,55,,2,,,2,6,1,1,,8,,5,,,,,,,,,,,,,,,,,6,2,,,2,,,,,,88,,120,659
217239,"Dun Laoghaire-Rathdown, Co. Dublin, Ireland","Co. Dublin, Ireland",Ireland,53.30216,-6.176321,land,,2021-10-05,"An Taisce-The Crescent, Blackrock,",2,3,5,1.00,0.93,0.00,1,,5,,3,1,,,2,2,1,,,,,5,3,,3,,,,,1,,,1,,1,,,,,,,,,,,,,,,,,,1,,,,,,,,,1,2,2,34
217240,"Dun Laoghaire-Rathdown, Co. Dublin, Ireland","Co. Dublin, Ireland",Ireland,53.254765,-6.1124,land,,2021-09-13,"An Taisce-The Glen, St. Finian's Bay",12,,12,11.00,0.37,0.00,1,,4,,1,3,,5,20,7,,,4,,,26,3,,1,,,,,,,,1,5,,,,,,,,,,,,,,,,1,,1,2,1,28,,,1,1,,,102,,525,742
217241,"Wicklow, Co. Wicklow, Ireland","Co. Wicklow, Ireland",Ireland,52.98771,-6.044925,land,,2021-09-19,"An Taisce-The North Murrough beach",12,5,17,8.80,1.24,0.00,3,2,1,4,6,4,,6,19,2,,,2,,1,6,7,,,,,,3,,,,11,8,6,,,,,,,,,,,,,,,1,,1,1,,10,25,3,,1,3,,3,7,43,186
217242,"South Dublin, Co. Dublin, Ireland","Co. Dublin, Ireland",Ireland,53.329585,-6.412015,land,,2021-10-11,"An Taisce-The Royal Canal",10,,10,55.00,1.86,0.00,7,,,90,47,170,,,44,7,,5,,5,9,16,53,4,,,,1,1,,1,,,,,,,,,,,,,,,,,,,,,,3,,,35,9,,,,,,,,500
217243,"Waterford, Co. Waterford, Ireland","Co. Waterford, Ireland",Ireland,52.156895,-7.126261,land,,2021-10-01,"An Taisce-Tramore Beach",3,,3,61.60,2.79,0.00,6,2,,3,17,27,,1,32,37,,,,16,23,35,23,5,2,,,,3,,18,,3,12,5,,,,,,,,,,1,,1,,7,19,,1,44,5,10,1,2,,2,,,33,37,57,484
217244,"Waterford, Co. Waterford, Ireland","Co. Waterford, Ireland",Ireland,52.156895,-7.126262,land,,2021-10-01,"An Taisce-Tramore Beach",3,,3,8.80,1.24,0.00,1,,,1,,2,,2,2,20,,,,,5,5,1,5,,,,,,,1,,8,,1,,,,,5,,,,,,,,1,,,,,3,,4,,2,,2,,,,,10,80
217245,"Waterford, Co. Waterford, Ireland","Co. Waterford, Ireland",Ireland,52.156895,-7.126263,land,,2021-10-01,"An Taisce-Tramore Beach",2,3,5,35.20,3.10,0.00,3,2,4,6,3,2,,6,10,200,1,4,,5,6,25,8,10,5,,,,,,,,4,5,,,,,,6,,,,,,,1,2,1,,,,,,,3,4,,1,,,2,15,28,369
217246,"Ballymagaraghy, Tremone, Co. Donegal, Ireland",,Ireland,55.271954,-7.069793,land,,2021-09-20,"An Taisce-Tremone Beach",11,,11,27.50,0.31,0.00,3,,,2,37,6,,4,31,7,,1,1,1,3,8,11,1,,,,,,,,,,5,1,,,,,5,,,,,,,,3,,,,,20,,22,135,3,,,,,,,47,354
217247,"Kerry, Co. Kerry, Ireland","Co. Kerry, Ireland",Ireland,51.829761,-10.176181,land,,2021-06-07,"An Taisce-Waterville",3,3,6,8.80,0.12,0.00,3,5,6,3,6,3,,3,4,5,,,2,2,3,15,4,6,,,,,,,,,,,,,,,,2,,,,,,,,,,,,,7,3,5,,,,,,,5,11,34,134
217248,,,Ireland,51.951562,-7.773208,land,,2021-10-11,"An Taisce-Whiting Bag",1,,1,16.50,0.31,0.00,3,6,9,1,17,1,,,22,84,,,,3,4,12,2,3,,,,,,1,,,4,28,1,,,,,,,,,,,,,,,1,,,5,25,16,,,,,,,15,,38,298
217249,,,Ireland,51.951562,-7.773208,land,,2021-10-11,"An Taisce-Whiting Bay",1,,1,22.00,0.37,0.00,4,4,5,2,46,,,14,12,68,,,,2,5,10,3,,1,,,,,,,,2,22,2,,,,,2,,,,,,,2,,,3,,,12,14,22,20,3,,,,,20,11,45,352
217250,,,Ireland,51.951562,-7.773209,land,,2021-10-05,"An Taisce-Wildwood beach",1,,1,1.00,0.19,0.00,2,7,,,9,6,,,4,,1,2,9,2,4,37,7,10,3,,,,,,,,,12,1,,,,,,,,,,,,1,,,,,,,,,,3,,,,,,,32,150
219892,"Mayo, Co. Mayo, Ireland","Co. Mayo, Ireland",Ireland,53.76129,-9.81192,land,,2022-02-06,"Keep our beaches clean",1,,1,31.77,0.02,0.00,,,,,7,3,,,8,3,,,,,2,4,,,,,,,2,,,,,4,,,,,,,,,,,,,,,,,,,,,,,,,,,3,,,16,110
220270,"Dublin City, Co. Dublin, Ireland","Co. Dublin, Ireland",Ireland,53.34458,-6.23837,land,,2022-03-01,Oracle,1,,1,0.12,0.00,0.00,,,,,,,,,,,,,,,,,,,,,,,,,,,,,,,,,,,,,,,,,,,,,,,,,,,,,,,,,,,1
224730,"County Donegal, Co. Donegal, Ireland","Co. Donegal, Ireland",Ireland,55.19978,-7.83,land,,2022-02-19,"Mowi Ireland",4,,4,180.60,0.01,0.00,,,,,,,,,,,,,,,,,,,,,,,,9,,,,,,,,,,,,,,,,,,,,,,,,,,,,,,,,,,,14
225426,"Wicklow, Co. Wicklow, Ireland","Co. Wicklow, Ireland",Ireland,53.1681832,-6.5210998,land,,2022-03-04,,1,,1,20.00,0.00,0.00,3,,,,,,,,,,,,,,,,,,,,,,,,,,,,,,,,,,,,,,,,,,,,,,,,,,,,,,,,,,
228329,"County Donegal, Co. Donegal, Ireland","Co. Donegal, Ireland",Ireland,55.20111,-7.83119,land,,2022-04-09,"Mowi Ireland",4,,4,2.46,0.56,0.00,,8,,2,6,9,,,1,17,,,,,2,11,,,,,,,,,,,,,,,,,,,,,,,,,,1,,,,,,,,,,,,,,,,2,61
231092,"Dublin City, Co. Dublin, Ireland","Co. Dublin, Ireland",Ireland,53.381666666667,-6.3212666666667,land,,2022-05-05,,1,,1,26.75,0.00,0.00,,,,,,,,,,,,,,,,,,,,,,,10,,,,,,,,,,,,,,,,,,,,,,,,,,,,,,,,,,,,10
235978,"County Donegal, Co. Donegal, Ireland","Co. Donegal, Ireland",Ireland,54.937505282593,-8.3781461690206,land,,2022-07-21,McN,5,,5,448.14,0.01,0.00,,9,1,1,10,,1,,14,,,,1,,3,5,1,1,,62,,,4,,,,1,7,,,,,1,,,1,5,,,,,,,,22,,,,,,,,,,,,,,150
239493,"County Donegal, Co. Donegal, Ireland","Co. Donegal, Ireland",Ireland,55.0970707,-7.5363061,underwater,,2022-09-10,MOWI,1,,1,2.00,0.00,0.00,1,,,,,,,,,,,,,,,,,,,,,,,,,,,,,,,,,,,,,,,,,,,,,,,,,,,,,,,,,,
240338,"Waterford, Co. Waterford, Ireland","Co. Waterford, Ireland",Ireland,52.19136993,-6.98296353,land,,2022-09-16,"Slack Waterford",2,,2,151.70,1.10,0.00,,14,8,4,20,12,2,14,17,3,1,3,1,5,4,24,2,,,49,,,4,,,2,,22,2,9,,,,,3,6,7,,,,,1,,,88,,,,,,,,,,,,,,327
240342,"Meath, Co. Meath, Ireland","Co. Meath, Ireland",Ireland,53.6984367,-6.243439,land,,2022-09-16,Ollies,3,,3,25.95,1.79,0.00,,3,1,1,,,,,,1,,,,1,,3,,,,2,,,4,,,,,,,,,,,,,1,,,,,,2,,,2,,,,,,,,,,,,,,21
240343,"Meath, Co. Meath, Ireland","Co. Meath, Ireland",Ireland,53.69863968,-6.24358009,land,,2022-09-16,,2,,2,63.38,1.45,0.00,,2,4,1,6,1,1,1,9,18,,2,1,,1,9,,2,,7,,,3,,,,,1,1,5,,,,,8,5,2,2,,,,1,,,26,,,,,,,,,,,,,,119
240349,"Meath, Co. Meath, Ireland","Co. Meath, Ireland",Ireland,53.698455,-6.2431883333333,land,,2022-09-16,"st olivers",6,,6,15.43,1.29,0.00,,3,1,2,2,2,,1,10,41,,,1,,,7,,2,,1,,,1,,,1,,3,,,,,,,,3,9,11,,,,,,,4,,,,,,,,,,,,,,105
240548,"Betaghstown, Bettystown, Co. Meath, Ireland",,Ireland,53.698491782011,-6.2429141588764,land,,2022-09-16,,4,,4,41.06,0.29,0.00,,,3,,1,,,,,,,,,,,9,2,1,2,5,,,,,,3,,2,,3,1,,,,,1,24,7,,,,1,,,,,,,,,,,,,,,,,65
240549,"Betaghstown, Bettystown, Co. Meath, Ireland",,Ireland,53.698155025826,-6.2429275952627,land,,2022-09-16,goats,3,,3,46.64,0.39,0.00,,5,3,2,8,,,,6,5,,,,,,,,,,3,,,8,,,,1,3,,4,,,,,2,2,,,,,,,,,,,,,,,,,,,,,,,52
240580,"Meath, Co. Meath, Ireland","Co. Meath, Ireland",Ireland,53.698438333333,-6.243365,land,,2022-09-16,"The Ollies",3,,3,13.20,0.00,0.00,,3,5,5,4,7,,,10,1,1,,3,1,1,3,1,7,6,1,1,,,,,1,,2,,,,,,,,2,,2,,,,1,,,,,,,,,,,,,,,,,68
240602,"Dun Laoghaire-Rathdown, Co. Dublin, Ireland","Co. Dublin, Ireland",Ireland,53.257395825349,-6.113393465057,land,,2022-09-16,mercury,4,,4,8.01,2.46,0.00,,1,1,11,3,7,21,,6,1,,4,6,1,,48,,1,1,,,,,,,,,,,,,,,,,,,,,,,,,,,,,,,,,,,,,,,,112
241019,"Waterford, Co. Waterford, Ireland","Co. Waterford, Ireland",Ireland,52.05862692,-7.60040029,land,,2022-09-17,"Sanchez Fa.ily",2,,2,88.18,0.12,0.00,,3,3,1,,1,,,,,,,1,,,,1,1,,95,,,,3,,,,,,2,,,2,,1,,2,10,,,1,,,,,,,,,,,,,,,,,,127
241085,"Wicklow, Co. Wicklow, Ireland","Co. Wicklow, Ireland",Ireland,52.823356460518,-6.1750954028053,land,,2022-09-17,"Deirdre Keogh",1,,1,1.45,0.00,0.00,,4,,,,,,,,31,21,6,7,7,1,10,,,4,,,,,,,,,,,,,,,,,,,,,,,,,,8,,,,,,,,,,,,,,99
241783,"Dun Laoghaire-Rathdown, Co. Dublin, Ireland","Co. Dublin, Ireland",Ireland,53.2400298,-6.12173914,land,,2022-09-17,,3,,3,159.09,0.00,0.00,,5,9,22,16,20,2,11,12,5,1,1,1,,,,2,,,1,,1,2,,,,5,1,,2,1,,2,2,4,2,2,8,,,,4,,,218,,,,,,,,,,,,,,362
242045,"Galway City, Galway, Ireland","Co. Galway, Ireland",Ireland,53.284288740926,-9.0763584714359,land,,2022-09-17,AlcFlt,2,,2,359.65,0.00,0.00,,,,,,15,6,25,20,115,11,16,15,7,,50,71,22,8,46,12,,,,,,20,10,,5,11,,2,4,10,8,14,32,,,,,,,10,,,,,,,,,,,,,,565
244201,"Wicklow, Co. Wicklow, Ireland","Co. Wicklow, Ireland",Ireland,53.1482126261,-6.0620435151069,land,,2022-09-18,"clean Coasts North Wicklow",3,,3,153.26,0.12,0.00,,,1,3,1,,2,,3,150,,1,1,,,10,,2,2,1,,1,3,,,,,,,7,1,,,,,3,9,23,1,,,,,,11,,,,,,,,,,,,,,236
244353,"Cork, Co. Cork, Ireland","Co. Cork, Ireland",Ireland,51.870850934919,-8.3240597260731,land,,2022-09-18,"Cleancoast Cobh",3,,3,238.30,0.00,0.00,,2,19,10,42,4,1,3,26,2,,4,,2,6,14,13,25,2,30,,,4,,,18,7,4,,,7,,3,,3,4,9,4,,68,,,,6,61,,,,,,,,,,,,,,403
244373,"Sligo, Co. Sligo, Ireland","Co. Sligo, Ireland",Ireland,54.33047,-8.50147,land,,2022-09-18,"Clean coast A-team",3,,3,49.35,0.00,0.00,,5,14,,4,4,,,1,4,1,,1,,1,11,,2,,3,,,1,1,,,,3,,,,,3,,,6,1,,,,,,,,30,,,,,,,,,,,,,,96
244702,"Mayo, Co. Mayo, Ireland","Co. Mayo, Ireland",Ireland,53.799433554523,-9.5207952708006,land,,2022-09-20,"Leave No Trace Ireland",8,,8,62.50,0.00,0.00,10,,,,,,,,,,,,,,,,,,,,,,,,,,,,,,,,,,,,,,,,,,,,,,,,,,,,,,,,,,
244734,"Kerry, Co. Kerry, Ireland","Co. Kerry, Ireland",Ireland,52.2713096,-9.6999325,land,,2022-09-13,"Pres Tralee",30,,30,37.50,0.00,0.00,5,,,,,,,,,,,,,,,,,,,,,,,,,,,,,,,,,,,,,,,,,,,,,,,,,,,,,,,,,,
244902,"Fingal, Co. Dublin, Ireland","Co. Dublin, Ireland",Ireland,53.4853365,-6.1504482,land,,2022-09-21,kuehne+nagel,18,,18,25.65,0.00,0.00,,1,5,7,4,,,1,1,1,,1,,,,,,1,2,,,,,1,,,,,1,3,,,,,,,1,,,,1,1,1,2,,,,,,,,,,,,,,,35
245675,"Kildare, Co. Kildare, Ireland","Co. Kildare, Ireland",Ireland,53.3767485,-6.6016991,land,,2022-09-18,"maynooth Tidy Towns",20,,20,154.35,0.00,0.00,15,,,,,,,,,,,,,,,,,,,,,,,,,,,,,,,,,,,,,,,,,,,,,,,,,,,,,,,,,,
255252,"Mornington, Mornington Manor, Co. Meath, Ireland",,Ireland,53.720299269907,-6.2431678305758,land,saltwater,2022-02-25,"CSR CC",19,,19,11.02,2.49,0.00,3,,,,,,,,,,,,,,,,,,,,,,,,,,,,,,,,,,,,,,,,,,,,,,,,,,,,,,,,,,
255253,"Mornington, Mornington Manor, Co. Meath, Ireland",,Ireland,53.720299269907,-6.2431678305758,land,saltwater,2022-03-06,"CSR CC",58,,58,198.42,1.24,0.00,45,,,,,,,,,,,,,,,,,,,,,,,,,,,,,,,,,,,,,,,,,,,,,,,,,,,,,,,,,,
255254,"Mornington, Mornington Manor, Co. Meath, Ireland",,Ireland,53.720299269907,-6.2431678305758,land,saltwater,2022-03-24,"CSR CC",9,,9,70.77,2.49,0.00,10,,,,,,,,,,,,,,,,,,,,,,,,,,,,,,,,,,,,,,,,,,,,,,,,,,,,,,,,,,
255255,"Mornington, Mornington Manor, Co. Meath, Ireland",,Ireland,53.720299269907,-6.2431678305758,land,saltwater,2022-03-31,"CSR CC",12,,12,33.07,1.24,0.00,8,,,,,,,,,,,,,,,,,,,,,,,,,,,,,,,,,,,,,,,,,,,,,,,,,,,,,,,,,,
255256,"Mornington, Mornington Manor, Co. Meath, Ireland",,Ireland,53.720299269907,-6.2431678305758,land,saltwater,2022-03-31,"CSR CC",8,,8,15.43,1.86,0.00,6,,,,,,,,,,,,,,,,,,,,,,,,,,,,,,,,,,,,,,,,,,,,,,,,,,,,,,,,,,
255257,"Mornington, Mornington Manor, Co. Meath, Ireland",,Ireland,53.720299269907,-6.2431678305758,land,saltwater,2022-04-07,"CSR CC",13,,13,77.16,2.49,0.00,8,,,,,,,,,,,,,,,,,,,,,,,,,,,,,,,,,,,,,,,,,,,,,,,,,,,,,,,,,,
255259,"Mornington, Mornington Manor, Co. Meath, Ireland",,Ireland,53.720299269907,-6.2431678305758,land,saltwater,2022-04-08,"CSR CC",8,,8,22.05,2.49,0.00,9,,,,,,,,,,,,,,,,,,,,,,,,,,,,,,,,,,,,,,,,,,,,,,,,,,,,,,,,,,
255260,"Mornington, Mornington Manor, Co. Meath, Ireland",,Ireland,53.720299269907,-6.2431678305758,land,freshwater,2022-04-20,"CSR CC",18,,18,26.46,2.49,0.00,8,,,,,,,,,,,,,,,,,,,,,,,,,,,,,,,,,,,,,,,,,,,,,,,,,,,,,,,,,,
256983,"Galway City, Galway, Ireland","Co. Galway, Ireland",Ireland,53.270668,-9.0567905,land,,2023-01-08,Me,2,,2,2.20,0.00,0.00,1,,,,,,,,,,,,,,,,,,,,,,,,,,,,,,,,,,,,,,,,,,,,,,,,,,,,,,,,,,
257949,"Cork, Co. Cork, Ireland","Co. Cork, Ireland",Ireland,51.530451666667,-9.5348983333333,land,,2023-01-23,"ecounesco schull",9,,9,441.56,0.06,0.00,,1,7,13,11,,,4,1,,3,,3,,,9,3,,3,22,1,2,7,,,1,,,,3,,,,,,,12,9,,,,,,,8,,,,,,,,,,,,,,123
259936,"Cork, Co. Cork, Ireland","Co. Cork, Ireland",Ireland,51.5328469,-9.1678554,land,,2023-02-03,"ty Skibbereen community school",14,,14,256.43,0.00,0.00,,6,2,7,21,7,5,4,6,,1,,,4,,,,,8,26,5,,,3,,5,4,6,,,,,,,,,1,8,,,,6,,,12,,,,,,,,,,,,,,147
259937,"Cork, Co. Cork, Ireland","Co. Cork, Ireland",Ireland,51.4982165,-9.2858317,land,,2023-02-03,"Oceans Plastic Project",1,,1,53.99,0.00,0.00,11,,,,,,,,,,,,,,,,,,,,,,,,,,,,,,,,,,,,,,,,,,,,,,,,,,,,,,,,,,
260144,"Waterford, Co. Waterford, Ireland","Co. Waterford, Ireland",Ireland,52.266491666667,-6.9967483333333,land,,2023-02-04,,1,,1,18.73,0.00,0.00,,,1,,16,4,,,,,1,1,,,4,,1,,,2,2,,,,,,2,,,,,,1,,1,,,,,,,,,,1,,,,,,,,,,,,,,37
260145,"Waterford, Co. Waterford, Ireland","Co. Waterford, Ireland",Ireland,52.266478333333,-6.9968433333333,watercraft,,2023-02-04,"Ryans Shore",15,,15,128.00,0.00,0.00,15,,,,,,,,,,,,,,,,,,,,,,,,,,,,,,,,,,,,,,,,,,,,,,,,,,,,,,,,,,
260251,"Kilkenny, Co. Kilkenny, Ireland","Co. Kilkenny, Ireland",Ireland,52.27418,-7.012855,land,,2023-02-06,,1,,1,16.38,0.00,0.00,,1,1,3,37,2,2,,,,,,,3,6,16,,,,1,,,,,,12,10,,,,,,3,,,,,,,,,,,,,,,,,,,,,,,,,,97
260496,"Waterford, Co. Waterford, Ireland","Co. Waterford, Ireland",Ireland,52.26654,-6.9971216666667,land,,2023-02-08,,1,,1,36.38,0.00,0.00,,,,3,87,4,,,,,,,,6,2,10,,,,1,15,,,,,,5,,,,,,2,,2,3,1,,,,,,,,4,,,,,,,,,,,,,,145
266855,"Dublin, Ireland","Co. Dublin, Ireland",Ireland,53.385627670467,-6.136930814974,land,,2022-09-16,"Strava Dublin",7,,7,0.08,1.41,0.00,,,,,,,,,1,,1,,,,1,,,,,,,,,,,,,,,,,,,,,,,,,,,,,,,,,,,,,,,,,,,,3
266856,"Meath, Co. Meath, Ireland","Co. Meath, Ireland",Ireland,53.698534505527,-6.243217254611,land,,2022-09-16,ollies,12,,12,1.61,0.00,0.00,,,,2,6,4,,,,1,,,,1,1,1,,,,,,,,,,,,,,,,,,,,,,,,,,,,,,,,,,,,,,,,,,,16
266868,"Dublin City, Co. Dublin, Ireland","Co. Dublin, Ireland",Ireland,53.3277501,-6.2085223,land,,2022-09-16,KBI,10,,10,0.01,0.00,0.00,,,,,,,,,,,,,,,,,,,,,,,,,,,,,,,,,,,,,,,,,,,,,,,,,,,,,,,,,,,
267012,"Cork, Co. Cork, Ireland","Co. Cork, Ireland",Ireland,52.109974091873,-8.669061139226,land,,2022-09-17,"elaine Clean Up",1,,1,0.01,0.00,0.00,,,,,,,,,,,,,,,,,,,,,,,,,,,,,,,,,,,,,,,,,,,,,,,,,,,,,,,,,,,
268069,"Wicklow, Co. Wicklow, Ireland","Co. Wicklow, Ireland",Ireland,53.148158667016,-6.0620079507883,land,,2022-09-18,"Clean Coasts North Wicklow",1,,1,0.01,0.00,0.00,,,,,,,,,,,,,,,,,,,,,,,,,,,,,,,,,,,,,,,,,,,,,,,,,,,,,,,,,,,
268687,"Dublin City, Co. Dublin, Ireland","Co. Dublin, Ireland",Ireland,53.3355243,-6.1955458,land,,2022-10-10,KBI,10,,10,0.01,0.00,0.00,,,,,,,,,,,,,,,,,,,,,,,,,,,,,,,,,,,,,,,,,,,,,,,,,,,,,,,,,,,
269584,"Cork, Co. Cork, Ireland","Co. Cork, Ireland",Ireland,51.492165,-9.2627533333333,land,,2022-12-16,,1,,1,0.01,0.00,0.00,,,,,,,,,,,,,,,,,,,,,,,,,,,,,,,,,,,,,,,,,,,,,,,,,,,,,,,,,,,
269914,"Kerry, Co. Kerry, Ireland","Co. Kerry, Ireland",Ireland,51.8801017,-9.5835202,land,,2023-02-16,,1,,1,0.02,0.00,0.00,,,,,,,2,,,,,,,,,,,,,,,,,,,,,,,,,,,,,,,,,,,,,,,,,,,,,,,,,,,,2
270178,"Cork, Co. Cork, Ireland","Co. Cork, Ireland",Ireland,51.676148333333,-9.490415,land,,2023-02-23,"Oceans Plastic Project",24,,24,235.59,0.70,0.00,,5,14,1,6,,,,10,,,,2,,8,2,,,1,24,,,1,3,,,1,1,,,,,1,2,,,4,12,,,,,2,,,,,,,,,,,,,,,,100
270180,"Cork, Co. Cork, Ireland","Co. Cork, Ireland",Ireland,51.463671666667,-9.7622233333333,land,,2023-02-24,"Oceans Plastic Project",14,,14,282.37,0.00,0.00,,14,,,20,,,,,,,,,,,,,,,40,,,,,,7,2,15,,,,,,,,,,,,,,,,,,,,,,,,,,,,,,,98
270181,"Cork, Co. Cork, Ireland","Co. Cork, Ireland",Ireland,51.461556666667,-9.7440166666667,land,,2023-02-24,"Oceans Plastic Project",14,,14,50.38,0.00,0.00,,1,,,,,,,,,,,,,,,,,,7,,,,,,,3,,,1,,,,,,,,2,,,,1,,,,,,,,,,,,,,,,,15
270182,"Cork, Co. Cork, Ireland","Co. Cork, Ireland",Ireland,51.463523333333,-9.76204,land,,2023-02-24,"Oceans Plastic Project",11,,11,"1,487.74",0.14,0.00,,1,,1,1,1,,4,,,,,,,,,,,,211,,,1,,,10,22,,,,,,,,,2,,1,,,,,,,,,,,,,,,,,,,,,255
270183,"Cork, Co. Cork, Ireland","Co. Cork, Ireland",Ireland,51.51098,-9.6616983333333,land,,2023-02-24,"Oceans Plastic Project",14,,14,197.89,0.00,0.00,,2,,,,,,,,,,,,,,,,,,28,,,,,,,4,,1,,,,,,,,6,1,,,,,,,,,,,,,,,,,,,,,42
270808,"Cork, Co. Cork, Ireland","Co. Cork, Ireland",Ireland,51.492068333333,-9.2623883333333,land,,2023-03-05,"OPP skibbereen CC",14,,14,472.23,1.55,0.00,,10,5,4,9,5,,,18,,2,,9,,,,8,,15,65,10,,,,,4,,,,,,,,,,,6,2,,,,,,,100,,,,,,,,,,,,,,272
271035,"Kerry, Co. Kerry, Ireland","Co. Kerry, Ireland",Ireland,52.3385,-9.8348,land,saltwater,2022-09-16,"6th Class, Presentation Primary School Tralee",3,30,33,33.07,0.62,0.00,4,7,6,,16,38,,19,,188,8,12,,3,9,70,,65,6,1,,,,1,2,,,,,,2,,,,5,,,,,14,4,7,,,68,,,,,,,,,,,,,,551
271036,,,Ireland,53.788261,-9.6613629,land,saltwater,2022-09-20,"6th Mayo Cushlough Scouts",7,19,26,39.68,0.62,0.00,2,,1,,4,1,,1,2,4,,,1,1,,7,5,,,28,,,9,,,,2,1,,,,,,3,2,,,,,,,,,,35,,,,,,,,,,,,,,107
271037,"Dun Laoghaire-Rathdown, Co. Dublin, Ireland","Co. Dublin, Ireland",Ireland,53.2651,-6.1137,land,saltwater,2022-09-16,"Amgen Beach Clean Up",2,,2,15.43,1.00,0.00,1,,,,2,1,,10,4,,,,3,,,3,,,,,,,36,,,66,,2,,5,,,,,3,,,,,,,,,,,,,,,,,,,,,,,,135
271038,"Dun Laoghaire-Rathdown, Co. Dublin, Ireland","Co. Dublin, Ireland",Ireland,53.2651,-6.1137,land,saltwater,2022-09-16,"Amgen Big Beach Clean Up",3,,3,13.23,1.00,0.00,2,1,2,,4,9,,1,13,3,,,,1,5,40,1,1,,5,,,15,,,23,,5,,2,,,2,2,,,,,,,2,,,,81,,,,,,,,,,,,,,218
271039,"Dun Laoghaire-Rathdown, Co. Dublin, Ireland","Co. Dublin, Ireland",Ireland,53.2651,-6.1137,land,saltwater,2022-09-16,"Amgen Big Beach Clean Up",3,,3,22.05,0.99,0.00,2,,2,1,,12,,2,1,15,,1,1,,1,11,1,,,,,,5,,,54,1,,,3,,,,,,,,,,,,,,,,,,,,,,,,,,,,,111
271040,"Dun Laoghaire-Rathdown, Co. Dublin, Ireland","Co. Dublin, Ireland",Ireland,53.2651,-6.1137,land,saltwater,2022-09-16,"Amgen Big Beach Clean Up",3,,3,22.05,0.99,0.00,2,,23,1,3,11,,1,8,2,,,,1,7,25,,5,1,2,,,12,,,,,,,,,,,,1,,,,,,,,,,88,,,,,,,,,,,,,,191
271041,"Wexford, Co. Wexford, Ireland","Co. Wexford, Ireland",Ireland,52.336916,-6.4633809999987,land,saltwater,2022-09-16,"Ann Fenlon",1,,1,88.18,1.86,0.00,6,2,,30,20,20,,20,10,,,,,2,,10,,2,,25,,,3,1,,20,,,,,,,,,,,,,2,,,2,,,30,,,,,,,,,,,,,,199
271042,"Mayo, Co. Mayo, Ireland","Co. Mayo, Ireland",Ireland,53.763014558698,-8.764981960756,land,inland,2022-09-16,"Annagh Residents",5,,5,110.23,2.49,0.00,5,2,4,4,5,8,6,7,6,11,6,5,2,13,12,12,2,3,6,,,,,,1,2,2,,,,,,,3,6,1,,,,8,6,7,,,1,,,,,,,,,,,,,,151
271043,"Clare, Co. Clare, Ireland","Co. Clare, Ireland",Ireland,52.620994,-9.18485,land,saltwater,2022-09-17,"Aylroe, Erribul, Shoreline",4,5,9,25.00,0.25,0.00,5,1,,,32,14,,,,,,,,,4,2,,,,5,,,,,,,4,,,,,,,,7,,,,,,,,,,74,,,,,,,,,,,,,,143
271044,"Dublin, Ireland","Co. Dublin, Ireland",Ireland,53.400865833888,-6.1274242518464,land,saltwater,2022-09-17,"baldoyle tidy towns",17,2,19,77.16,0.62,0.00,4,2,11,2,14,11,,5,10,176,,2,,1,,33,3,4,1,2,,,9,,,13,,4,1,,,,,26,2,2,,,,1,,,,,175,,,,,,,,,,,,,,510
271045,"Louth, Co. Louth, Ireland","Co. Louth, Ireland",Ireland,53.99183831368,-6.1723524068308,land,inland,2022-09-17,"Ballinamara residents",30,22,52,55.12,2.49,0.00,10,,,,30,35,,,29,19,,,,,5,55,10,,,,,,,1,,,20,,,,,,,,,,,,,,,,,,,,,,,,,,,,,,,,204
271046,"Dungeagan, Ballinskelligs, Co. Kerry, Ireland",,Ireland,51.821855368126,-10.272326984482,land,saltwater,2022-09-17,Ballinskelligs,2,,2,4.41,3.11,0.00,1,1,,1,,1,,5,5,20,,,,,,21,2,3,,16,,,21,,,1,,,,,,,,1,4,,,,,,,3,,,38,,,,,,,,,,,,,,143
271047,"Dungeagan, Ballinskelligs, Co. Kerry, Ireland",,Ireland,51.821855368126,-10.272326984482,land,saltwater,2022-09-17,Ballinskelligs,6,,6,33.07,1.86,0.00,3,2,9,1,11,1,,2,18,39,,,1,1,7,44,1,6,3,74,,,36,,,28,6,,,,,,,,9,,,,,2,,,,,55,,,,,,,,,,,,,,356
271048,"Kerry, Co. Kerry, Ireland","Co. Kerry, Ireland",Ireland,52.5131,-9.676,land,saltwater,2022-09-16,Ballybunion,3,1,4,11.02,1.24,0.00,2,2,5,1,2,1,,2,15,60,,,,,,30,,2,,7,,,,,,10,,5,,,,,,,21,,,,,,,,,,,,,,,,,,,,,,,,163
271049,"Dun Laoghaire-Rathdown, Co. Dublin, Ireland","Co. Dublin, Ireland",Ireland,53.271951684752,-6.0919680733715,land,inland,2022-09-18,"Bathing Beauties",5,,5,8.82,0.62,0.00,1,,,5,1,1,,1,1,80,3,,5,,1,12,1,3,,,,,3,,,,,,,,,,,,2,,,,,,,1,,,18,,,,,,,,,,,,,,138
271050,"Wicklow, Co. Wicklow, Ireland","Co. Wicklow, Ireland",Ireland,53.155269,-6.53323,land,inland,2022-09-18,"Blessington Tidy Towns (Blessington Lakes Clean Up)",9,2,11,149.91,6.21,0.00,10,10,10,5,100,100,15,20,20,100,5,5,5,20,50,100,20,20,5,,,,,1,10,5,50,5,,,25,,,5,75,5,,,,,,25,,,,,,,,,,,,,,,,,816
271051,"Wicklow, Co. Wicklow, Ireland","Co. Wicklow, Ireland",Ireland,53.2,-6.096,land,saltwater,2022-09-17,"Bray Seafront",2,,2,6.61,0.62,0.00,2,1,4,,4,18,,,16,180,,2,2,,,25,2,6,7,,,,,,,5,,,,4,,,,6,2,3,,,,,,2,,,15,,,,,,,,,,,,,,304
271052,"Cork, Co. Cork, Ireland","Co. Cork, Ireland",Ireland,51.621905344267,-8.7019871147716,land,saltwater,2022-09-19,Broadstrand,1,,1,6.61,0.78,0.00,1,,1,,9,,,1,27,,2,,,,1,5,,12,5,31,,,,,,,,,,,1,,,2,5,1,,,,6,,,,,90,,,,,,,,,,,,,,199
271053,"Buncrana, Co. Donegal, Ireland",,Ireland,55.127281366838,-7.4636044745947,land,saltwater,2022-09-17,Buncrena,5,2,7,39.68,1.86,0.00,8,2,12,43,19,52,,28,49,10,1,32,8,6,12,23,19,4,9,57,,,,,7,7,2,4,,,,,,7,10,,,,3,,8,,,,79,,,,,,,,,,,,,,513
271054,"Mayo, Co. Mayo, Ireland","Co. Mayo, Ireland",Ireland,53.685816115182,-9.3107908996617,land,saltwater,2022-09-17,"Cahir pier",1,,1,5.00,0.25,0.00,1,,,21,43,,,,,125,,,,,,25,,,,,,,,,,,,,,,,,,,,,,,,,,,,,,,,,,,,,,,,,,,214
271055,"Lettermullan, Caladh Chulain, Co. Galway, Ireland",,Ireland,53.233,-9.7524,land,saltwater,2022-09-16,"Caladh Gholaim Clean-up Team",2,,2,"1,102.31",0.62,0.00,5,5,2,10,50,33,,10,30,20,1,15,11,5,20,50,15,5,4,179,,,,1,,5,5,27,2,,5,,,,18,3,,,,,3,4,,,72,,,,,,,,,,,,,,610
271056,"Louth, Co. Louth, Ireland","Co. Louth, Ireland",Ireland,53.950978141808,-6.5405561749455,land,inland,2022-09-17,"Campbell Donnelly cumann",40,,40,220.46,4.97,0.00,37,4,,30,220,95,20,,80,50,,,,25,169,220,150,80,35,,,3,,2,,,,,5,,40,,,,50,,,,2,,40,,,,,,,,,,,,,,,,,,1320
271057,"Sligo, Co. Sligo, Ireland","Co. Sligo, Ireland",Ireland,54.250865567833,-8.4678172129969,land,inland,2022-09-17,"Carraroe and District Regeneration Association",12,2,14,44.09,3.73,0.00,12,30,100,50,200,300,,100,100,500,,500,,200,100,500,100,100,50,,,,,,25,2,1,,,,10,,,200,200,,,,10,20,10,20,,10,20,,,,,,,,,,,,,,3458
271058,"Dun Laoghaire-Rathdown, Co. Dublin, Ireland","Co. Dublin, Ireland",Ireland,53.256527299067,-6.1133840216172,land,saltwater,2022-09-16,"Carron + Walsh Construction Consultants Limited",11,,11,0.00,1.35,0.00,2,5,12,13,12,11,,14,7,68,,3,5,,1,25,2,5,,15,,1,7,,4,36,16,1,1,,,,,2,8,,,,2,1,,,,1,20,,,,,,,,,,,,,,298
271059,"Waterford, Co. Waterford, Ireland","Co. Waterford, Ireland",Ireland,51.964404465783,-7.7109104307283,land,saltwater,2022-09-17,Cashman,1,1,2,22.05,1.86,0.00,2,,,,20,,,5,20,,,,,,,,10,,,43,,,,,,6,3,8,,1,,,,,,,,,,,,4,,,,,,,,,,,,,,,,,120
271060,"Kerry, Co. Kerry, Ireland","Co. Kerry, Ireland",Ireland,52.260207,-10.013843,land,saltwater,2022-09-17,"Castlegregory TidyTowns",6,,6,44.09,1.24,0.00,4,3,3,3,12,10,,2,2,20,,,,10,10,5,7,2,,4,,,2,,,,4,10,,,,,,2,5,,,,1,,,,1,,6,,,,,,,,,,,,,,124
271061,"Dublin City, Co. Dublin, Ireland","Co. Dublin, Ireland",Ireland,53.372397400096,-6.1558405864896,land,saltwater,2022-09-17,"Causeway Road",1,,1,5.00,0.25,0.00,1,,,4,12,21,,,2,24,,,,,6,18,1,,,,,,,,,3,,,,1,,,,,1,,,,5,,,,,1,,,,,,,,,,,,,,,99
271062,"Cavan, Co. Cavan, Ireland","Co. Cavan, Ireland",Ireland,53.98233,-7.35262,land,inland,2022-09-10,"Cavan tidy towns team",3,,3,143.30,0.62,0.00,3,6,,14,37,49,,14,11,56,,,,3,17,32,5,7,,,,1,,,3,,,,,,,,,1,,,,,,,,4,,,,,,,,,,,,,,,,,260
271063,"Dun Laoghaire-Rathdown, Co. Dublin, Ireland","Co. Dublin, Ireland",Ireland,53.3099,-6.1953,land,saltwater,2022-09-17,"Cian and Dada",1,1,2,8.82,3.11,0.00,1,,1,,,1,,,,1,,,,,,3,,,1,,,,,,,,,,,,,,,,,,,,,,1,,,,1,,,,,,,,,,,,,,9
271064,"Greystones, Co. Wicklow, Ireland",,Ireland,53.1487,-6.0628,land,inland,2022-09-18,"Clean Coasts North Wicklow",1,,1,1.10,0.62,0.00,1,,1,,1,1,,,2,50,,,,,,,1,,,,,,,,,2,,,,,,,,,,,,,,,,,,,,,,,,,,,,,,,,,58
271065,"Greystones, Co. Wicklow, Ireland",,Ireland,53.1506,-6.0648,land,saltwater,2022-09-18,"Clean Coasts North Wicklow",2,,2,6.61,0.62,0.00,1,3,,,3,1,,,10,360,,1,,,,20,,,6,8,,,,,,10,,,,,,,,1,1,,,,,,,,,,62,,,,,,,,,,,,,,486
271066,"Wicklow, Co. Wicklow, Ireland","Co. Wicklow, Ireland",Ireland,53.1636,-6.0763,land,saltwater,2022-09-18,"Clean Coasts North Wicklow",1,,1,15.43,0.62,0.00,1,,,1,10,10,,,10,10,,,,,,10,,,,,,,1,,,5,,2,5,,,,,,1,,,,,,,1,,,,,,,,,,,,,,,,,66
271067,"Cork, Co. Cork, Ireland","Co. Cork, Ireland",Ireland,51.909996,-7.894927,land,saltwater,2022-09-16,"Clonpriest N.S.",7,52,59,110.23,1.24,0.00,4,7,9,12,31,19,,12,42,62,5,6,6,10,4,52,20,8,2,47,,,,1,,,,,,,,,,2,1,,,,,,,,,,269,,,,,,,,,,,,,,627
271068,"Clare, Co. Clare, Ireland","Co. Clare, Ireland",Ireland,52.623605,-9.245495,land,saltwater,2022-09-17,"Coast Road, Labasheeda",4,,4,15.00,1.86,0.00,3,,,,18,7,,,1,30,,3,,3,,25,3,,,,,,,,,,,,,,,,,,4,,,,,,,,,,,,,,,,,,,,,,,,94
271069,"Cork City, Co. Cork, Ireland","Co. Cork, Ireland",Ireland,51.89823122736,-8.4129283442828,land,saltwater,2022-09-15,"Cork College of Commerce Green Campus committee",5,,5,99.21,0.62,0.00,4,4,10,18,44,1,3,4,58,2,,15,5,3,3,40,22,2,,5,,,3,,1,,1,2,6,,,,,1,12,9,,,8,50,,4,6,1,290,,,,,,,,,,,,,,633
271070,"County Donegal, Co. Donegal, Ireland","Co. Donegal, Ireland",Ireland,55.29387,-7.150655,land,saltwater,2022-09-23,"Culdaff Tidy Towns",8,,8,22.05,1.24,0.00,1,1,,2,10,8,1,1,1,2,2,1,1,2,3,9,2,2,1,,,,,1,1,3,2,1,,,,,,,1,,,,,1,,1,,,7,,,,,,,,,,,,,,67
271071,"Galway City, Galway, Ireland","Co. Galway, Ireland",Ireland,53.26467,-9.05184,land,saltwater,2022-09-16,"Cushman & Wakefield Galway",9,,9,88.18,1.55,0.00,6,6,,28,18,20,,12,16,140,,18,6,2,4,14,4,4,5,3,,,,,,18,,,,,,,,,2,,,,,,,,,,38,,,,,,,,,,,,,,358
271072,"Naran, An Fhearthainn, Co. Donegal, Ireland",,Ireland,54.841877,-8.446732,land,saltwater,2022-09-16,"Delphine Gallagher",2,1,3,11.02,0.03,0.00,1,,2,,2,,,,30,12,,,,1,5,15,4,1,1,179,,1,4,,1,40,2,7,1,,,,,,,2,,,,,,,,,254,,,,,,,,,,,,,,564
271073,"County Donegal, Co. Donegal, Ireland","Co. Donegal, Ireland",Ireland,54.654856806542,-8.1123300882862,land,saltwater,2022-09-17,Donegal,3,,3,12.13,1.24,0.00,2,2,6,9,20,14,,,16,3,,,,,2,,,,,,,,,,,,2,,,,,,,1,15,,,,,,,,1,,2,,,,,,,,,,,,,,93
271074,"County Donegal, Co. Donegal, Ireland","Co. Donegal, Ireland",Ireland,55.292889518407,-7.1460523017509,land,saltwater,2022-10-06,"Foyle & Carlingford Ambassadors",5,20,25,22.05,0.19,0.00,3,12,6,,5,5,,,7,27,,2,8,4,23,23,,,4,17,,,,,,,,,,,3,,,,1,3,,,,3,,4,,,55,,,,,,,,,,,,,,212
271075,"Galway City, Galway, Ireland","Co. Galway, Ireland",Ireland,53.262969452669,-9.0659586564282,land,saltwater,2022-09-17,"Galway Volunteers",4,,4,11.02,1.24,0.00,1,,,,,,,,4,2,1,,1,,5,7,,,,,,,,,,,,,,,,,,,,,,,,,,,,,1,,,,,,,,,,,,,,21
271076,"Galway City, Galway, Ireland","Co. Galway, Ireland",Ireland,53.262969452669,-9.0659586564282,land,saltwater,2022-09-17,"Galway Volunteers",5,,5,22.05,1.86,0.00,2,,2,4,4,6,,7,2,38,,,,,2,6,2,,,,,,,,,,,,,,,,,,,,,,,2,,,,,34,,,,,,,,,,,,,,109
271077,"Galway City, Galway, Ireland","Co. Galway, Ireland",Ireland,53.262948806552,-9.0658644566263,land,saltwater,2022-09-17,"Galway Volunteers",2,2,4,22.05,1.24,0.00,2,,12,,1,,,6,1,30,,,1,,,,1,,,,,,,,,,,,,,,,,,,,,,,,,,,,,,,,,,,,,,,,,,52
271078,"Wexford, Co. Wexford, Ireland","Co. Wexford, Ireland",Ireland,52.560207444913,-6.1969433569109,land,saltwater,2022-09-18,"Gorey Tidy owns",1,,1,11.02,1.24,0.00,1,,7,1,2,5,,5,4,8,,,,,2,13,,7,,10,,,,,,,,,,,,,,,1,,,,,,,,,,23,,,,,,,,,,,,,,88
271079,"Cork, Co. Cork, Ireland","Co. Cork, Ireland",Ireland,51.4985,-9.285554,land,inland,2022-09-17,"Haigh Family",3,2,5,105.82,0.93,0.00,5,,31,5,61,13,3,1,27,2,,7,6,,8,33,29,2,8,166,,,6,1,1,24,9,13,,,,,12,4,2,5,,,,,,4,1,3,54,,,,,,,,,,,,,,541
271080,"Dublin City, Co. Dublin, Ireland","Co. Dublin, Ireland",Ireland,53.335889448197,-6.1979490606291,land,saltwater,2022-09-16,"KBI Global Investors",10,,10,11.02,2.49,0.00,3,,31,2,22,42,,,20,20,,,,,,60,,,,4,,,,,,35,,,,,,,,16,8,2,,,,5,,10,,,20,,,,,,,,,,,,,,297
271081,"Galway, Co. Galway, Ireland","Co. Galway, Ireland",Ireland,53.171363037878,-8.9858718532367,land,saltwater,2022-09-18,"Kinvara Tidy Towns",1,1,2,11.02,1.24,0.00,5,,1,,,,,,2,2,,,,,,3,,,,102,,,,,,1,,,,,,,,,,,,,,1,,,,1,5,,,,,,,,,,,,,,118
271082,"Sligo, Co. Sligo, Ireland","Co. Sligo, Ireland",Ireland,54.343914491429,-8.5729190460323,land,inland,2022-09-18,"Lissadell Clean Coasts",20,8,28,165.35,0.62,0.00,15,,,25,,22,,,10,75,,3,1,3,7,,,,,25,,,,,,,2,,,,,,,,,,,,,,,,,,35,,,,,,,,,,,,,,208
271083,"Castlefreke, Long Strand, Co. Cork, Ireland",,Ireland,51.558098,-8.9725863,land,saltwater,2022-09-17,"Long Srrand, West Cork",1,3,4,4.63,0.25,0.00,1,1,,,,1,,2,25,2,,,1,,,7,9,1,1,63,,,1,,,,,2,1,,,,,,1,,,,,4,,1,,,53,,,,,,,,,,,,,,176
271085,"Cork, Co. Cork, Ireland","Co. Cork, Ireland",Ireland,51.5604244652,-8.97723389963,land,saltwater,2022-09-18,"Mark Molloy",1,,1,11.02,1.24,0.00,1,,5,,1,3,1,4,6,97,,2,,,,7,3,10,1,40,,,,,,6,,2,,,,,,,4,,,,,2,,,1,,24,,,,,,,,,,,,,,219
271086,"Buncrana, Co. Donegal, Ireland",,Ireland,55.119923761407,-7.458592579434,land,saltwater,2022-09-18,"McLaughlin Family",2,2,4,66.14,3.73,0.00,3,5,,,10,6,,,4,30,,,,,2,6,,,,1,,,,,,,,1,,,,,,,,8,,,,,,2,,,5,,,,,,,,,,,,,,80
271087,"Clare, Co. Clare, Ireland","Co. Clare, Ireland",Ireland,52.867799,-9.426012,land,saltwater,2022-09-17,"Michael Barrett",6,,6,440.92,1.86,0.00,12,10,10,10,150,10,,,100,,,,1,,,,14,,,65,,,,2,,,4,20,,,,,,,10,,,,,,,,,,220,,,,,,,,,,,,,,626
271088,"Dublin City, Co. Dublin, Ireland","Co. Dublin, Ireland",Ireland,53.321108827205,-6.2159085901945,land,inland,2022-09-16,"Netherlands Embassy in Ireland",10,,10,44.09,3.11,0.00,5,,,,,,,10,40,100,,,,10,10,20,10,10,,,,,,,,,,,,,,,,,,,,,,,,,,,,,,,,,,,,,,,,,210
271089,"Cork, Co. Cork, Ireland","Co. Cork, Ireland",Ireland,51.872,-8.016,land,saltwater,2022-09-23,Opentext,5,,5,11.02,0.62,0.00,1,5,,10,15,30,,,20,40,,5,,,5,20,5,4,,,,,,,,,,,,,,,,5,,,,,,,,,,,,,,,,,,,,,,,,,164
271090,"Cork, Co. Cork, Ireland","Co. Cork, Ireland",Ireland,51.859750029213,-8.2181318584007,land,saltwater,2022-09-17,"O'Shea Family",1,2,3,22.05,0.75,0.00,2,,4,3,25,12,,3,11,,,2,1,,3,8,5,,2,14,,,6,,,15,5,,1,,,,,,,,,,,1,,5,,,40,,,,,,,,,,,,,,166
271091,"Louth, Co. Louth, Ireland","Co. Louth, Ireland",Ireland,53.981771344089,-6.1576530630008,land,saltwater,2022-09-17,"Peninsula Marine Litter Project",8,4,12,22.05,1.24,0.00,4,,,,,20,,,20,,,,,,,,,,,10,,,,1,,20,10,,,,,,,,,,,,,,,5,,,,,,,,,,,,,,,,,86
271092,"Portmarnock, Co. Dublin, Ireland","Co. Dublin, Ireland",Ireland,53.44,-6.12,land,saltwater,2022-09-17,"Portmarnock Beach Clean Coast",20,4,24,110.23,1.86,0.00,10,8,38,5,7,33,,24,33,100,1,10,10,,,11,7,3,2,1,,,,1,,,,,,,,,,,,,,,,,,,,,,,,,,,,,,,,,,,294
271093,"Wexford, Co. Wexford, Ireland","Co. Wexford, Ireland",Ireland,52.565609917784,-6.2009792294852,land,saltwater,2022-09-18,Redmond,2,2,4,4.41,1.24,0.00,3,,,,,,,,,,,,,,,,,,,,,,,,,,,,,,,,,,,,,,,,,,,,,,,,,,,,,,,,,,
271094,"Cork, Co. Cork, Ireland","Co. Cork, Ireland",Ireland,51.896454052494,-8.3779246952454,land,saltwater,2022-09-17,"Rocky Beach, Little Island",1,,1,5.00,0.25,0.00,1,2,3,6,15,19,,,42,6,,,,2,3,22,12,15,2,10,,,1,,,17,1,2,1,,,,,1,10,,,,,,1,,1,,153,,,,,,,,,,,,,,347
271095,"Dublin, Ireland","Co. Dublin, Ireland",Ireland,53.295568,-6.151281,land,saltwater,2022-10-17,"Salthill & Monkstown Beach",2,2,4,10.00,0.25,0.00,2,,3,6,12,15,,12,25,80,,,4,,10,70,8,15,2,5,,,,,1,,,10,1,,,,,,6,1,,,,,,,,10,90,,,,,,,,,,,,,,386
271096,"Dublin, Ireland","Co. Dublin, Ireland",Ireland,53.295568,-6.151281,land,saltwater,2022-10-17,"Salthill & Monkstown Beach",2,2,4,10.00,0.25,0.00,2,,3,6,12,15,,12,25,80,,,4,,10,70,8,15,2,5,,,,1,1,,,10,1,,,,,,6,,,,,,,,,10,90,,,,,,,,,,,,,,386
271097,"Dublin, Ireland","Co. Dublin, Ireland",Ireland,53.295568,-6.151281,land,saltwater,2022-10-17,"Salthill & Monkstown Beach",2,2,4,10.00,0.25,0.00,2,,3,6,12,15,,12,25,80,,,4,,10,70,8,15,2,5,,,,1,1,,,10,1,5,,,,,6,,,,,,,,,10,90,,,,,,,,,,,,,,391
271098,"Dublin, Ireland","Co. Dublin, Ireland",Ireland,53.295568,-6.151281,land,saltwater,2022-10-17,"Salthill & Monkstown Beach",2,2,4,10.00,0.25,0.00,2,,3,6,12,15,,12,25,80,,,4,,10,70,8,15,2,5,,,,1,1,,,10,1,,,,,,6,,,,,,,,,10,90,,,,,,,,,,,,,,386
271099,"Clare, Co. Clare, Ireland","Co. Clare, Ireland",Ireland,52.808917,-9.490156,land,saltwater,2022-09-17,"SEAFIELD CLARE",5,1,6,88.18,0.62,0.00,7,,10,2,26,33,,1,9,7,,,9,,,71,1,,3,53,,,,3,,5,3,6,,,,,,2,2,1,,,,,2,5,,,30,,,,,,,,,,,,,,284
271100,"Wicklow, Co. Wicklow, Ireland","Co. Wicklow, Ireland",Ireland,52.790833,-6.141757,land,saltwater,2022-09-15,"South Beach - Arklow",9,1,10,17.64,0.62,0.00,3,,,2,8,7,2,3,2,54,,1,1,1,2,13,1,1,,1,,,,,1,1,6,,,,1,,,7,3,,,,,,,,,,,,,,,,,,,,,,,,118
271101,"Dublin City, Co. Dublin, Ireland","Co. Dublin, Ireland",Ireland,53.3546,-6.166,land,saltwater,2022-09-16,"Strava Dublin",7,,7,4.41,3.91,0.00,2,4,6,3,,12,,,23,120,,,,5,5,50,,8,,2,,,,,,,,,3,,,,,2,2,,,,1,,,2,,2,140,,,,,,,,,,,,,,390
271102,"Sligo, Co. Sligo, Ireland","Co. Sligo, Ireland",Ireland,54.404912988094,-8.5600874664697,land,inland,2022-09-18,"Streedagh Conservation group",10,6,16,39.68,0.31,0.00,5,,4,1,8,5,,3,2,30,,,,3,,12,1,,,12,,,,,,,,,,,,,,1,1,,,,,,1,,,,45,,,,,,,,,,,,,,129
271103,"Kildare, Co. Kildare, Ireland","Co. Kildare, Ireland",Ireland,53.249411404508,-6.6633082153308,land,inland,2022-09-17,"The Coopers",2,1,3,17.86,4.23,0.00,4,5,9,34,100,200,,11,70,9,,,,,,100,,,,1,,,,,,,,,,,,,,6,22,3,,,,,,2,,,70,,,,,,,,,,,,,,642
271104,"Tramore, Co. Waterford, Ireland",,Ireland,52.1531,-7.1242,land,saltwater,2022-09-18,"Tramore Tidy Towns",6,,6,8.82,1.24,0.00,3,,,2,17,10,,5,15,21,,1,10,,2,5,9,8,5,,,,,,1,2,3,,,,,,,,3,,,,,,,,,1,1,,,,,,,,,,,,,,121
271105,"Waterford, Co. Waterford, Ireland","Co. Waterford, Ireland",Ireland,51.952322,-7.773519,land,saltwater,2022-09-17,"Whiting Bay",4,,4,5.00,0.93,0.00,1,,1,,4,,,,6,21,,,,,1,,2,4,,9,,,,,,4,8,,,,,,,,,,,,,6,2,,,,24,,,,,,,,,,,,,,92
271106,"Waterford, Co. Waterford, Ireland","Co. Waterford, Ireland",Ireland,51.952574,-7.773326,land,saltwater,2022-09-17,"Whiting Bay, Ardmore",1,,1,5.00,0.25,0.00,1,2,4,,6,4,,,22,30,,,,,2,5,1,2,1,7,,,,,,,2,,,,30,,,,2,,,,,12,,,,,30,,,,,,,,,,,,,,162
271107,"Waterford, Co. Waterford, Ireland","Co. Waterford, Ireland",Ireland,51.952574,-7.773326,land,saltwater,2022-09-17,"Whiting Bay, Ardmore",4,,4,20.00,0.62,0.00,4,,,,17,3,,,10,45,,,,,2,6,5,5,,3,,,,,,2,2,,,,,,,,5,,,,,6,,,,1,25,,,,,,,,,,,,,,137
271108,"Cork, Co. Cork, Ireland","Co. Cork, Ireland",Ireland,51.872,-8.016,land,saltwater,2022-09-17,"Yvonne Riordan",1,,1,1.10,1.86,0.00,,,2,1,,1,,1,2,2,,,,,,9,1,3,,,,,,,,,,1,,,,,,,,1,,,,,,1,,,2,,,,,,,,,,,,,,27
271109,"Dun Laoghaire-Rathdown, Co. Dublin, Ireland","Co. Dublin, Ireland",Ireland,53.309261131738,-6.1967930551721,land,saltwater,2022-10-06,Boooterstown,29,,29,75.00,2.49,0.00,15,,,,,,,,,,,,,,,,,,,,,,,,,,,,,,,,,,,,,,,,,,,,,,,,,,,,,,,,,,
271110,"Dublin City, Co. Dublin, Ireland","Co. Dublin, Ireland",Ireland,53.334902964362,-6.2128246453064,land,saltwater,2022-10-18,Booterstown-Sandymount,22,,22,26.46,2.49,0.00,4,,,,,,,,,,,,,,,,,,,,,,,,,,,,,,,,,,,,,,,,,,,,,,,,,,,,,,,,,,
271111,,,Ireland,53.200955477733,-6.0949016249136,land,saltwater,2022-07-29,Bray,12,,12,46.30,1.86,0.00,7,,,,,,,,,,,,,,,,,,,,,,,,,,,,,,,,,,,,,,,,,,,,,,,,,,,,,,,,,,
271112,,,Ireland,53.200955477733,-6.0949016249136,land,saltwater,2022-08-03,Bray,7,,7,17.64,2.49,0.00,5,,,,,,,,,,,,,,,,,,,,,,,,,,,,,,,,,,,,,,,,,,,,,,,,,,,,,,,,,,
271113,,,Ireland,53.200955477733,-6.0949016249136,land,saltwater,2022-09-28,Bray,27,,27,44.09,3.11,0.00,10,,,,,,,,,,,,,,,,,,,,,,,,,,,,,,,,,,,,,,,,,,,,,,,,,,,,,,,,,,
271114,"Dublin City, Co. Dublin, Ireland","Co. Dublin, Ireland",Ireland,53.372235499029,-6.1447911689379,land,saltwater,2022-05-06,"Bull Island",18,,18,114.64,2.49,0.00,14,,,,,,,,,,,,,,,,,,,,,,,,,,,,,,,,,,,,,,,,,,,,,,,,,,,,,,,,,,
271115,"Dublin City, Co. Dublin, Ireland","Co. Dublin, Ireland",Ireland,53.372235499029,-6.1447911689379,land,saltwater,2022-05-25,"Bull Island",20,,20,77.16,2.49,0.00,12,,,,,,,,,,,,,,,,,,,,,,,,,,,,,,,,,,,,,,,,,,,,,,,,,,,,,,,,,,
271116,"Dublin City, Co. Dublin, Ireland","Co. Dublin, Ireland",Ireland,53.372235499029,-6.1447911689379,land,saltwater,2022-07-11,"Bull Island",6,,6,37.48,2.49,0.00,10,,,,,,,,,,,,,,,,,,,,,,,,,,,,,,,,,,,,,,,,,,,,,,,,,,,,,,,,,,
271117,"Dublin City, Co. Dublin, Ireland","Co. Dublin, Ireland",Ireland,53.372235499029,-6.1447911689379,land,saltwater,2022-03-24,"Bull Island",9,,9,70.77,2.49,0.00,10,,,,,,,,,,,,,,,,,,,,,,,,,,,,,,,,,,,,,,,,,,,,,,,,,,,,,,,,,,
271118,"Dublin City, Co. Dublin, Ireland","Co. Dublin, Ireland",Ireland,53.372235499029,-6.1447911689379,land,saltwater,2022-04-07,"Bull Island",13,,13,77.16,2.49,0.00,8,,,,,,,,,,,,,,,,,,,,,,,,,,,,,,,,,,,,,,,,,,,,,,,,,,,,,,,,,,
271119,"Dublin City, Co. Dublin, Ireland","Co. Dublin, Ireland",Ireland,53.372235499029,-6.1447911689379,land,saltwater,2022-06-24,"Bull island",39,,39,79.37,3.11,0.00,15,,,,,,,,,,,,,,,,,,,,,,,,,,,,,,,,,,,,,,,,,,,,,,,,,,,,,,,,,,
271120,"Dublin City, Co. Dublin, Ireland","Co. Dublin, Ireland",Ireland,53.372235499029,-6.1447911689379,land,saltwater,2022-06-30,"Bull Island",17,,17,26.46,1.86,0.00,4,,,,,,,,,,,,,,,,,,,,,,,,,,,,,,,,,,,,,,,,,,,,,,,,,,,,,,,,,,
271121,"Dublin City, Co. Dublin, Ireland","Co. Dublin, Ireland",Ireland,53.372235499029,-6.1447911689379,land,saltwater,2022-07-13,"Bull island",7,,7,26.46,3.11,0.00,6,,,,,,,,,,,,,,,,,,,,,,,,,,,,,,,,,,,,,,,,,,,,,,,,,,,,,,,,,,
271122,"Dublin City, Co. Dublin, Ireland","Co. Dublin, Ireland",Ireland,53.372235499029,-6.1447911689379,land,saltwater,2022-07-21,"Bull Island",58,,58,92.59,3.11,0.00,17,,,,,,,,,,,,,,,,,,,,,,,,,,,,,,,,,,,,,,,,,,,,,,,,,,,,,,,,,,
271123,"Dublin City, Co. Dublin, Ireland","Co. Dublin, Ireland",Ireland,53.372235499029,-6.1447911689379,land,saltwater,2022-10-07,"Bull Island",29,,29,35.27,2.49,0.00,10,,,,,,,,,,,,,,,,,,,,,,,,,,,,,,,,,,,,,,,,,,,,,,,,,,,,,,,,,,
271124,"Fingal, Co. Dublin, Ireland","Co. Dublin, Ireland",Ireland,53.392925684569,-6.1017204743902,land,saltwater,2022-07-07,"Burrow Beach",21,,21,24.25,2.49,0.00,13,,,,,,,,,,,,,,,,,,,,,,,,,,,,,,,,,,,,,,,,,,,,,,,,,,,,,,,,,,
271125,"Fingal, Co. Dublin, Ireland","Co. Dublin, Ireland",Ireland,53.392925684569,-6.1017204743902,land,saltwater,2022-09-14,"Burrow Beach",12,,12,35.27,2.49,0.00,12,,,,,,,,,,,,,,,,,,,,,,,,,,,,,,,,,,,,,,,,,,,,,,,,,,,,,,,,,,
271126,"Fingal, Co. Dublin, Ireland","Co. Dublin, Ireland",Ireland,53.392925684569,-6.1017204743902,land,saltwater,2022-10-04,"Burrow Beach",9,,9,6.61,1.24,0.00,4,,,,,,,,,,,,,,,,,,,,,,,,,,,,,,,,,,,,,,,,,,,,,,,,,,,,,,,,,,
271127,"Dublin City, Co. Dublin, Ireland","Co. Dublin, Ireland",Ireland,53.344506321485,-6.2406358620349,land,inland,2022-07-22,"Canal Clean",23,,23,33.07,3.11,0.00,5,,,,,,,,,,,,,,,,,,,,,,,,,,,,,,,,,,,,,,,,,,,,,,,,,,,,,,,,,,
271128,"Balcarrick, Eagans Field, Co. Dublin, Ireland","Co. Dublin, Ireland",Ireland,53.474310228405,-6.1169040759756,land,saltwater,2022-07-15,Donabate,28,,28,55.12,3.11,0.00,18,,,,,,,,,,,,,,,,,,,,,,,,,,,,,,,,,,,,,,,,,,,,,,,,,,,,,,,,,,
271129,"Balcarrick, Eagans Field, Co. Dublin, Ireland","Co. Dublin, Ireland",Ireland,53.474310228405,-6.1169040759756,land,saltwater,2022-10-19,Donabate,16,,16,33.07,2.49,0.00,5,,,,,,,,,,,,,,,,,,,,,,,,,,,,,,,,,,,,,,,,,,,,,,,,,,,,,,,,,,
271130,"Dublin City, Co. Dublin, Ireland","Co. Dublin, Ireland",Ireland,53.344506321485,-6.2406358620349,land,inland,2022-03-31,"Dublin Grand Canal",8,,8,15.43,1.86,0.00,6,,,,,,,,,,,,,,,,,,,,,,,,,,,,,,,,,,,,,,,,,,,,,,,,,,,,,,,,,,
271131,"Limerick, Co. Limerick, Ireland","Co. Limerick, Ireland",Ireland,52.665556368003,-8.6269939806899,land,inland,2022-06-01,Dublin-Cork-Galway-Limerick,50,,50,142.20,8.08,0.00,23,,,,,,,,,,,,,,,,,,,,,,,,,,,,,,,,,,,,,,,,,,,,,,,,,,,,,,,,,,
271132,"Dun Laoghaire-Rathdown, Co. Dublin, Ireland","Co. Dublin, Ireland",Ireland,53.295853724569,-6.1333409462962,land,inland,2022-09-23,"Dun Laoghire",13,,13,73.85,1.86,0.00,12,,,,,,,,,,,,,,,,,,,,,,,,,,,,,,,,,,,,,,,,,,,,,,,,,,,,,,,,,,
271133,"Cork, Co. Cork, Ireland","Co. Cork, Ireland",Ireland,51.775026615912,-8.3112773172548,land,saltwater,2022-08-18,Fountainstown,20,,20,33.07,1.24,0.00,10,,,,,,,,,,,,,,,,,,,,,,,,,,,,,,,,,,,,,,,,,,,,,,,,,,,,,,,,,,
271134,"Cork, Co. Cork, Ireland","Co. Cork, Ireland",Ireland,51.775026615912,-8.3112773172548,land,saltwater,2022-09-21,Fountainstown,23,,23,33.07,0.93,0.00,5,,,,,,,,,,,,,,,,,,,,,,,,,,,,,,,,,,,,,,,,,,,,,,,,,,,,,,,,,,
271135,"Ardnahinch, Ardnahinch Bay, Co. Cork, Ireland",,Ireland,51.858194492791,-8.0021645802626,land,saltwater,2022-03-06,Garryvoe,58,,58,198.42,1.24,0.00,45,,,,,,,,,,,,,,,,,,,,,,,,,,,,,,,,,,,,,,,,,,,,,,,,,,,,,,,,,,
271136,"Dublin City, Co. Dublin, Ireland","Co. Dublin, Ireland",Ireland,53.344506321485,-6.2406358620349,land,inland,2022-09-02,"Grand Canal",19,,19,52.91,1.55,0.00,8,,,,,,,,,,,,,,,,,,,,,,,,,,,,,,,,,,,,,,,,,,,,,,,,,,,,,,,,,,
271137,"Dublin City, Co. Dublin, Ireland","Co. Dublin, Ireland",Ireland,53.344506321485,-6.2406358620349,land,inland,2022-10-14,"Grand Canal",6,,6,11.02,1.86,0.00,3,,,,,,,,,,,,,,,,,,,,,,,,,,,,,,,,,,,,,,,,,,,,,,,,,,,,,,,,,,
271138,"Dublin City, Co. Dublin, Ireland","Co. Dublin, Ireland",Ireland,53.344506321485,-6.2406358620349,land,inland,2022-04-20,"Grand Canal",18,,18,26.46,2.49,0.00,8,,,,,,,,,,,,,,,,,,,,,,,,,,,,,,,,,,,,,,,,,,,,,,,,,,,,,,,,,,
271139,"Dublin City, Co. Dublin, Ireland","Co. Dublin, Ireland",Ireland,53.344506321485,-6.2406358620349,land,inland,2022-05-27,"Grand Canal",4,,4,33.07,1.49,0.00,8,,,,,,,,,,,,,,,,,,,,,,,,,,,,,,,,,,,,,,,,,,,,,,,,,,,,,,,,,,
271140,"Dublin City, Co. Dublin, Ireland","Co. Dublin, Ireland",Ireland,53.344506321485,-6.2406358620349,land,inland,2022-08-12,"Grand canal",7,,7,35.00,3.11,0.00,7,,,,,,,,,,,,,,,,,,,,,,,,,,,,,,,,,,,,,,,,,,,,,,,,,,,,,,,,,,
271141,"Dublin City, Co. Dublin, Ireland","Co. Dublin, Ireland",Ireland,53.344506321485,-6.2406358620349,land,inland,2022-08-24,"Grand Canal",17,,17,50.71,2.80,0.00,20,,,,,,,,,,,,,,,,,,,,,,,,,,,,,,,,,,,,,,,,,,,,,,,,,,,,,,,,,,
271142,"Dublin City, Co. Dublin, Ireland","Co. Dublin, Ireland",Ireland,53.344506321485,-6.2406358620349,land,inland,2022-09-13,"Grand canal Dock",29,,29,46.30,1.55,0.00,7,,,,,,,,,,,,,,,,,,,,,,,,,,,,,,,,,,,,,,,,,,,,,,,,,,,,,,,,,,
271143,"Galway City, Galway, Ireland","Co. Galway, Ireland",Ireland,53.265299403353,-9.0661332485749,land,inland,2022-08-18,Grattan,4,,4,28.66,1.86,0.00,4,,,,,,,,,,,,,,,,,,,,,,,,,,,,,,,,,,,,,,,,,,,,,,,,,,,,,,,,,,
271144,"Greystones, Co. Wicklow, Ireland",,Ireland,53.13768436133,-6.0530817192564,land,saltwater,2022-10-08,Greystones,32,,32,22.05,2.49,0.00,2,,,,,,,,,,,,,,,,,,,,,,,,,,,,,,,,,,,,,,,,,,,,,,,,,,,,,,,,,,
271145,"Dun Laoghaire-Rathdown, Co. Dublin, Ireland","Co. Dublin, Ireland",Ireland,53.265425290982,-6.1111646105491,land,inland,2022-08-25,Killiney,8,,8,17.64,1.86,0.00,6,,,,,,,,,,,,,,,,,,,,,,,,,,,,,,,,,,,,,,,,,,,,,,,,,,,,,,,,,,
271146,"Cork, Co. Cork, Ireland","Co. Cork, Ireland",Ireland,51.891342428589,-8.3392033955335,land,saltwater,2022-07-26,"Little Island",17,,17,110.23,1.86,0.00,22,,,,,,,,,,,,,,,,,,,,,,,,,,,,,,,,,,,,,,,,,,,,,,,,,,,,,,,,,,
271147,"Cork, Co. Cork, Ireland","Co. Cork, Ireland",Ireland,51.891342428589,-8.3392033955335,land,saltwater,2022-05-13,"Little Island Cork",33,,33,99.21,1.86,0.00,36,,,,,,,,,,,,,,,,,,,,,,,,,,,,,,,,,,,,,,,,,,,,,,,,,,,,,,,,,,
271148,"Cork, Co. Cork, Ireland","Co. Cork, Ireland",Ireland,51.891342428589,-8.3392033955335,land,saltwater,2022-05-27,"Little Island Cork",13,,13,145.50,1.86,0.00,22,,,,,,,,,,,,,,,,,,,,,,,,,,,,,,,,,,,,,,,,,,,,,,,,,,,,,,,,,,
271149,"Mornington, Mornington Manor, Co. Meath, Ireland",,Ireland,53.72111754014,-6.2433975593647,land,saltwater,2022-02-25,Mornington,19,,19,11.02,2.49,0.00,3,,,,,,,,,,,,,,,,,,,,,,,,,,,,,,,,,,,,,,,,,,,,,,,,,,,,,,,,,,
271150,"Dublin, Ireland","Co. Dublin, Ireland",Ireland,53.341374412377,-6.1877967862509,land,saltwater,2022-07-20,poolbegs,8,,8,42.99,3.11,0.00,10,,,,,,,,,,,,,,,,,,,,,,,,,,,,,,,,,,,,,,,,,,,,,,,,,,,,,,,,,,
271151,"Dublin, Ireland","Co. Dublin, Ireland",Ireland,53.341374412377,-6.1877967862509,land,saltwater,2022-08-30,Poolbegs,7,,7,44.09,3.11,0.00,10,,,,,,,,,,,,,,,,,,,,,,,,,,,,,,,,,,,,,,,,,,,,,,,,,,,,,,,,,,
271152,"Dublin, Ireland","Co. Dublin, Ireland",Ireland,53.341374412377,-6.1877967862509,land,saltwater,2022-09-23,Poolbegs,11,,11,33.07,2.17,0.00,7,,,,,,,,,,,,,,,,,,,,,,,,,,,,,,,,,,,,,,,,,,,,,,,,,,,,,,,,,,
271153,"Dublin, Ireland","Co. Dublin, Ireland",Ireland,53.341374412377,-6.1877967862509,land,saltwater,2022-04-08,Poolbegs,13,,13,22.05,2.49,0.00,9,,,,,,,,,,,,,,,,,,,,,,,,,,,,,,,,,,,,,,,,,,,,,,,,,,,,,,,,,,
271154,"Dublin, Ireland","Co. Dublin, Ireland",Ireland,53.341374412377,-6.1877967862509,land,saltwater,2022-05-26,Poolbegs,30,,30,44.09,0.62,0.00,8,,,,,,,,,,,,,,,,,,,,,,,,,,,,,,,,,,,,,,,,,,,,,,,,,,,,,,,,,,
271155,"Dublin, Ireland","Co. Dublin, Ireland",Ireland,53.341374412377,-6.1877967862509,land,saltwater,2022-09-12,Poolbegs,12,,12,70.55,2.49,0.00,12,,,,,,,,,,,,,,,,,,,,,,,,,,,,,,,,,,,,,,,,,,,,,,,,,,,,,,,,,,
271156,"Dublin, Ireland","Co. Dublin, Ireland",Ireland,53.341374412377,-6.1877967862509,land,saltwater,2022-09-28,Poolbegs,20,,20,75.00,3.11,0.00,15,,,,,,,,,,,,,,,,,,,,,,,,,,,,,,,,,,,,,,,,,,,,,,,,,,,,,,,,,,
271157,"Dublin, Ireland","Co. Dublin, Ireland",Ireland,53.341374412377,-6.1877967862509,land,saltwater,2022-10-06,Poolbegs,19,,19,44.09,2.49,0.00,8,,,,,,,,,,,,,,,,,,,,,,,,,,,,,,,,,,,,,,,,,,,,,,,,,,,,,,,,,,
271158,"Dublin, Ireland","Co. Dublin, Ireland",Ireland,53.341374412377,-6.1877967862509,land,saltwater,2022-09-08,"Poolbegs South",25,,25,99.21,3.11,0.00,30,,,,,,,,,,,,,,,,,,,,,,,,,,,,,,,,,,,,,,,,,,,,,,,,,,,,,,,,,,
271159,"Dublin, Ireland","Co. Dublin, Ireland",Ireland,53.341374412377,-6.1877967862509,land,saltwater,2022-04-30,Poolbegs/kiliiney,11,,11,26.68,0.93,0.00,8,,,,,,,,,,,,,,,,,,,,,,,,,,,,,,,,,,,,,,,,,,,,,,,,,,,,,,,,,,
271160,"Dublin, Ireland","Co. Dublin, Ireland",Ireland,53.417770181239,-6.1179184700323,land,saltwater,2022-06-17,Portmarknock,17,,17,154.32,1.86,0.00,10,,,,,,,,,,,,,,,,,,,,,,,,,,,,,,,,,,,,,,,,,,,,,,,,,,,,,,,,,,
271161,"Dublin, Ireland","Co. Dublin, Ireland",Ireland,53.417770181239,-6.1179184700323,land,saltwater,2022-08-17,Portmarnock,20,,20,55.12,1.86,0.00,20,,,,,,,,,,,,,,,,,,,,,,,,,,,,,,,,,,,,,,,,,,,,,,,,,,,,,,,,,,
271162,"Dublin, Ireland","Co. Dublin, Ireland",Ireland,53.417770181239,-6.1179184700323,land,saltwater,2022-08-23,"Portmarnock, Dublin",16,,16,33.07,1.86,0.00,5,,,,,,,,,,,,,,,,,,,,,,,,,,,,,,,,,,,,,,,,,,,,,,,,,,,,,,,,,,
271163,"Doogans Warren, Doogan's Warren, Co. Wexford, Ireland",,Ireland,52.280592129594,-6.3868302296354,land,saltwater,2022-10-11,Rosslare,25,,25,88.18,1.86,0.00,13,,,,,,,,,,,,,,,,,,,,,,,,,,,,,,,,,,,,,,,,,,,,,,,,,,,,,,,,,,
271164,"Dublin City, Co. Dublin, Ireland","Co. Dublin, Ireland",Ireland,53.359277936716,-6.2718106094716,land,inland,2022-04-28,"Royal Canal",23,,23,44.09,2.49,0.00,13,,,,,,,,,,,,,,,,,,,,,,,,,,,,,,,,,,,,,,,,,,,,,,,,,,,,,,,,,,
271165,"Dublin City, Co. Dublin, Ireland","Co. Dublin, Ireland",Ireland,53.334902964362,-6.2128246453064,land,saltwater,2022-04-29,Sandymount,21,,21,33.07,3.11,0.00,6,,,,,,,,,,,,,,,,,,,,,,,,,,,,,,,,,,,,,,,,,,,,,,,,,,,,,,,,,,
271166,"Dublin City, Co. Dublin, Ireland","Co. Dublin, Ireland",Ireland,53.334902964362,-6.2128246453064,land,saltwater,2022-06-23,Sandymount,9,,9,27.12,3.11,0.00,9,,,,,,,,,,,,,,,,,,,,,,,,,,,,,,,,,,,,,,,,,,,,,,,,,,,,,,,,,,
271167,"Dublin City, Co. Dublin, Ireland","Co. Dublin, Ireland",Ireland,53.334902964362,-6.2128246453064,land,saltwater,2022-08-31,Sandymount,10,,10,11.02,1.86,0.00,3,,,,,,,,,,,,,,,,,,,,,,,,,,,,,,,,,,,,,,,,,,,,,,,,,,,,,,,,,,
271168,"Dublin City, Co. Dublin, Ireland","Co. Dublin, Ireland",Ireland,53.334886467804,-6.2128328747231,land,saltwater,2022-06-17,Shellybanks,18,,18,59.52,1.86,0.00,9,,,,,,,,,,,,,,,,,,,,,,,,,,,,,,,,,,,,,,,,,,,,,,,,,,,,,,,,,,
271169,"Tramore, Co. Waterford, Ireland",,Ireland,52.158908383557,-7.1444470682638,land,saltwater,2022-03-31,"Waterford Tramore Beach",12,,12,33.07,1.24,0.00,8,,,,,,,,,,,,,,,,,,,,,,,,,,,,,,,,,,,,,,,,,,,,,,,,,,,,,,,,,,
271170,"Tramore, Co. Waterford, Ireland",,Ireland,52.158908383557,-7.1444470682638,land,saltwater,2022-09-30,"Waterford Tramore Beach",14,,14,72.75,1.24,0.00,11,,,,,,,,,,,,,,,,,,,,,,,,,,,,,,,,,,,,,,,,,,,,,,,,,,,,,,,,,,
272615,"Kerry, Co. Kerry, Ireland","Co. Kerry, Ireland",Ireland,51.829465,-10.1745436,land,,2023-03-24,"Sea Synergy",9,,9,"1,234.42",0.00,0.00,,17,1,4,45,1,1,4,107,1,4,,,,,11,,2,,167,4,,5,,,40,2,6,,1,,1,2,,2,2,287,2,,,1,2,,,,,,,,,,,,,,,,,722
272616,"Castlefreke, Long Strand, Co. Cork, Ireland",,Ireland,51.559463053511,-8.973786038447,land,saltwater,2022-09-17,"An Taisce – Clean Coasts Ireland - 2022 ICC differences",9060,,9060,"129,584.57",188.90,0.00,,,,,,,,,,,,,,,,,,,,,,,,,,,,,,,,,,,,,,,,,,,,,,,,,,,,,,,,,,,
272778,"Cork, Co. Cork, Ireland","Co. Cork, Ireland",Ireland,51.502705,-9.2652766666667,land,,2023-03-23,"OPP skibbereen CC",1,,1,157.73,0.62,0.00,,,6,,10,4,2,3,11,3,,,,,1,4,1,,1,22,,,,,,,7,,,,,,,,,1,1,2,,,,4,,,7,,,,,,,,,,,,,,90
273196,"Kerry, Co. Kerry, Ireland","Co. Kerry, Ireland",Ireland,51.829465,-10.1745436,land,,2023-03-30,"Sea Synergy",15,,15,"3,060.48",0.00,0.00,,16,1,12,26,8,,1,141,2,1,2,3,3,,8,,,,423,13,,,,,26,,13,,11,,,1,,1,42,381,7,,1,,7,,,,,,,,,,,,,,,,,1150
273700,"Kerry, Co. Kerry, Ireland","Co. Kerry, Ireland",Ireland,51.829465,-10.1745436,land,,2023-04-08,"Sea Synergy",10,,10,48.50,0.00,0.00,5,,,,,,,,,,,,,,,,,,,,,,,,,,,,,,,,,,,,,,,,,,,,,,,,,,,,,,,,,,
273850,"Cork, Co. Cork, Ireland","Co. Cork, Ireland",Ireland,51.699538333333,-8.49985,land,,2023-04-07,,1,,1,0.01,0.00,0.00,,,,,,,,,,,,,,,,,,,,,,,,,,,,,,,,,,,,,,,,,,,,,,,,,,,,,,,,,,,
273923,"Kerry, Co. Kerry, Ireland","Co. Kerry, Ireland",Ireland,51.878067492556,-9.5797871053308,land,,2023-04-12,"unicorn group",3,,3,18.77,0.21,0.00,,12,31,7,14,14,5,4,8,1,,,10,1,1,14,1,2,2,1,,,1,,,5,2,,1,,,,,,,,13,,,,,,,1,14,,,,,,,,,,,,,,165
274232,"Cork, Co. Cork, Ireland","Co. Cork, Ireland",Ireland,51.90219,-8.35128,land,,2023-04-15,Drakos,1,,1,2.00,0.00,0.00,1,,,,,,,,,,,,,,,,,,,,,,,,,,,,,,,,,,,,,,,,,,,,,,,,,,,,,,,,,,
274534,"Kerry, Co. Kerry, Ireland","Co. Kerry, Ireland",Ireland,51.829465,-10.1745436,land,,2023-04-17,"Sea Synergy",8,,8,52.92,0.00,0.00,9,,,,,,,,,,,,,,,,,,,,,,,,,,,,,,,,,,,,,,,,,,,,,,,,,,,,,,,,,,
278848,"Cork, Co. Cork, Ireland","Co. Cork, Ireland",Ireland,51.4947475,-9.4395971,land,,2023-04-23,"Citizen Sea",1,,1,37.50,0.00,0.00,5,,,,,,,,,,,,,,,,,,,,,,,,,,,,,,,,,,,,,,,,,,,,,,,,,,,,,,,,,,
279479,"Waterford, Co. Waterford, Ireland","Co. Waterford, Ireland",Ireland,52.266353333333,-6.9965483333333,land,,2023-04-25,,1,,1,2.55,0.00,0.00,,,2,,50,,,,,,,,,,,,,,,,,,,,,,,,,,,,,,,,,,,,,,,,,,,,,,,,,,,,,,52
280772,"Waterford, Co. Waterford, Ireland","Co. Waterford, Ireland",Ireland,52.267361666667,-6.9940066666667,watercraft,,2023-05-11,,1,,1,1.00,0.17,0.00,,,,,20,,,,,,,,,,,,,,,,,,,,,,,,,,,,,,,,,,,,,,,,,,,,,,,,,,,,,,20
281686,"Cork, Co. Cork, Ireland","Co. Cork, Ireland",Ireland,51.599048333333,-9.6369033333333,land,,2023-05-23,"OPP skibbereen CC",1,,1,74.20,0.57,0.00,,,5,1,,5,,,2,7,,,,,4,,,,,10,,,1,,,,,,,,,,,,,,4,,,,,,,,4,,,,,,,,,,,,,,43
282353,"Waterford, Co. Waterford, Ireland","Co. Waterford, Ireland",Ireland,52.266541666667,-6.9968216666667,land,,2023-05-29,,1,,1,1.10,0.00,0.00,,,,,22,,,,,,,,,,,,,,,,,,,,,,,,,,,,,,,,,,,,,,,,,,,,,,,,,,,,,,22
283193,"South Dublin, Co. Dublin, Ireland","Co. Dublin, Ireland",Ireland,53.349492807645,-6.3647995339041,land,,2023-06-06,"Oracle EMEA",400,,400,0.01,0.01,0.00,,,,,,,,,,,,,,,,,,,,,,,,,,,,,,,,,,,,,,,,,,,,,,,,,,,,,,,,,,,
283478,"Kerry, Co. Kerry, Ireland","Co. Kerry, Ireland",Ireland,51.829465,-10.1745436,land,,2023-06-14,"Sea Synergy",15,,15,23.16,0.00,0.00,3,,,,,,,,,,,,,,,,,,,,,,,,,,,,,,,,,,,,,,,,,,,,,,,,,,,,,,,,,,
283479,"Kerry, Co. Kerry, Ireland","Co. Kerry, Ireland",Ireland,51.8502714,-10.1818257,land,,2023-06-14,"Sea Synergy",17,,17,12.12,0.00,0.00,3,,,,,,,,,,,,,,,,,,,,,,,,,,,,,,,,,,,,,,,,,,,,,,,,,,,,,,,,,,
284265,,,Ireland,51.5833867,-8.7516374,land,,2023-06-25,Dirk,1,,1,15.00,0.00,0.00,1,,,,,,,,,,,,,,,,,,,,,,,,,,,,,,,,,,,,,,,,,,,,,,,,,,,,,,,,,,
285135,"Cork, Co. Cork, Ireland","Co. Cork, Ireland",Ireland,51.641998474708,-8.5686838079079,land,,2023-07-08,Dirk,1,,1,70.28,0.00,0.00,,,2,,,,,4,2,,,,,1,1,3,,1,,10,,,,,,,,,,,,,,,,,,,,,,,,,,,,,,,,,,,,,,,24
285284,"Kerry, Co. Kerry, Ireland","Co. Kerry, Ireland",Ireland,52.27478598,-9.78618242,land,,2023-07-06,"Sea Synergy",1,,1,0.01,3.31,0.00,,,,,,,,,,,,,,,,,,,,,,,,,,,,,,,,,,,,,,,,,,,,,,,,,,,,,,,,,,,
286837,"Cork, Co. Cork, Ireland","Co. Cork, Ireland",Ireland,51.6507217,-8.6777639,land,,2023-08-03,Dirk,1,,1,2.20,0.00,0.00,1,,,,,,,,,,,,,,,,,,,,,,,,,,,,,,,,,,,,,,,,,,,,,,,,,,,,,,,,,,
289848,"South Dublin, Co. Dublin, Ireland","Co. Dublin, Ireland",Ireland,53.292055889764,-6.3086327480343,land,,2023-08-29,"AXIS Dublin",19,,19,0.01,0.00,0.00,,,,,,,,,,,,,,,,,,,,,,,,,,,,,,,,,,,,,,,,,,,,,,,,,,,,,,,,,,,
290883,"Wexford, Co. Wexford, Ireland","Co. Wexford, Ireland",Ireland,52.6643294,-6.2119438,land,,2023-09-14,"Ballymoney Sammy Swimmers",2,,2,22.50,0.00,0.00,2,,,,,,,,,,,,,,,,,,,,,,,,,,,,,,,,,,,,,,,,,,,,,,,,,,,,,,,,,,
290884,"Wexford, Co. Wexford, Ireland","Co. Wexford, Ireland",Ireland,52.3822814,-6.5307133,land,,2023-09-14,"Ballymoney Sammy Swimmers",1,,1,7.50,0.00,0.00,1,,,,,,,,,,,,,,,,,,,,,,,,,,,,,,,,,,,,,,,,,,,,,,,,,,,,,,,,,,
290998,"Wexford, Co. Wexford, Ireland","Co. Wexford, Ireland",Ireland,52.61825,-6.22902,land,,2023-09-15,"Ballymoney Sammy Swimmers",8,,8,150.00,0.00,0.00,10,,,,,,,,,,,,,,,,,,,,,,,,,,,,,,,,,,,,,,,,,,,,,,,,,,,,,,,,,,
292349,"Wexford, Co. Wexford, Ireland","Co. Wexford, Ireland",Ireland,52.7083327,-6.1759737,land,,2023-09-16,"Ballymoney Sammy Swimmers",4,,4,150.00,0.00,0.00,10,,,,,,,,,,,,,,,,,,,,,,,,,,,,,,,,,,,,,,,,,,,,,,,,,,,,,,,,,,
293480,"Fingal, Co. Dublin, Ireland","Co. Dublin, Ireland",Ireland,53.4932,-6.11462,land,,2023-09-17,Donabate,1,,1,28.41,0.00,0.00,,5,9,8,13,5,8,4,3,12,,8,3,,,4,4,12,11,3,,,,,,,4,5,,1,,,,3,,,,,,,,,,,,,,,,,,,,,,,,,125
293482,"Fingal, Co. Dublin, Ireland","Co. Dublin, Ireland",Ireland,53.4932,-6.11462,land,,2023-09-17,"Donabate Sea Scouts and cubs",30,,30,13.50,0.00,0.00,,2,3,7,8,13,1,,14,8,5,,,4,,,,,,,4,,,,,,3,2,,4,,6,,10,,,,,,,,,,,,,,,,,,,,,,,,,94
293721,"Kerry, Co. Kerry, Ireland","Co. Kerry, Ireland",Ireland,51.829465,-10.1745436,land,,2023-09-18,"Sea Synergy",3,,3,9.92,0.00,0.00,2,,,,,,,,,,,,,,,,,,,,,,,,,,,,,,,,,,,,,,,,,,,,,,,,,,,,,,,,,,
293826,,,Ireland,51.492244402143,-9.2315257528361,land,,2023-09-16,"ilen river nature matters",1,,1,578.09,0.19,0.00,,3,6,1,5,,1,,17,,,,,1,1,8,1,1,,74,2,,4,2,,,3,,,2,,,1,,3,1,23,2,,,,,,,14,,,,,,,,,,,,,,176
298639,"Meath, Co. Meath, Ireland","Co. Meath, Ireland",Ireland,53.633366540069,-6.2200591783046,land,,2023-09-25,"Gormanston Community Association",1,,1,0.01,0.00,0.00,,,,,,,,,,,,,,,,,,,,,,,,,,,,,,,,,,,,,,,,,,,,,,,,,,,,,,,,,,,
298805,"Cork, Co. Cork, Ireland","Co. Cork, Ireland",Ireland,51.77540740204,-8.3112945502524,land,,2023-09-22,,1,,1,0.01,0.00,0.00,,,,,,,,,,,,,,,,,,,,,,,,,,,,,,,,,,,,,,,,,,,,,,,,,,,,,,,,,,,
299627,"Meath, Co. Meath, Ireland","Co. Meath, Ireland",Ireland,53.633366540069,-6.2200591783046,land,,2023-09-25,"Gormanston Community Association",5,,5,0.01,0.00,0.00,,,,,,,,,,,,,,,,,,,,,,,,,,,,,,,,,,,,,,,,,,,,,,,,,,,,,,,,,,,
299657,"Fingal, Co. Dublin, Ireland","Co. Dublin, Ireland",Ireland,53.450186788919,-6.1373343871025,land,,2023-09-29,sbx,3,,3,11.18,0.02,0.00,,5,1,1,2,2,,2,1,13,,,,,,3,2,,1,1,,,,,,,,,1,5,,,,1,,1,3,,1,,1,,,,7,,,,,,,,,,,,,,54
299658,"Fingal, Co. Dublin, Ireland","Co. Dublin, Ireland",Ireland,53.449366494823,-6.1362832958997,land,,2023-09-29,,1,,1,13.12,0.00,0.00,,2,1,1,1,4,,,2,2,3,,,,,9,,3,,1,,,1,,,1,,2,,5,,1,,,1,1,,,,,,,,,,,,,,,,,,,,,,,41
299662,"Fingal, Co. Dublin, Ireland","Co. Dublin, Ireland",Ireland,53.45066454,-6.14007778,land,,2023-09-29,Smartbox,12,,12,153.50,0.21,0.00,,1,3,32,4,55,1,1,2,4,1,1,2,,,,,1,2,,,1,1,,,,1,1,,3,2,,,,,,3,18,,,,,,,,,,,,,,,,,,,,,140
299663,"Fingal, Co. Dublin, Ireland","Co. Dublin, Ireland",Ireland,53.450684871277,-6.1394977820078,land,,2023-09-29,Smartbox,2,,2,16.41,0.06,0.00,,1,1,6,3,,1,16,4,47,,,2,,,6,,2,,,,,,,,,2,,,,,,,,,2,49,39,,,,,,,6,,,,,,,,,,,,,,187
300310,"Fingal, Co. Dublin, Ireland","Co. Dublin, Ireland",Ireland,53.5805519,-6.1078779,land,,2023-10-02,"Thai Union Group PCL. (John West Ireland)",10,,10,116.81,0.00,0.00,11,,,,,,,,,,,,,,,,,,,,,,,,,,,,,,,,,,,,,,,,,,,,,,,,,,,,,,,,,,
300337,"Fingal, Co. Dublin, Ireland","Co. Dublin, Ireland",Ireland,53.450023073343,-6.1411427010199,land,,2023-09-29,"Smartbox Girls",5,,5,1.10,0.20,0.00,,,5,,,2,,,3,6,,3,,,1,4,1,1,,,,,,,,,,,,2,,,,,,,,,,,,,,1,15,,,,,,,,,,,,,,44
300870,"Sligo, Co. Sligo, Ireland","Co. Sligo, Ireland",Ireland,54.253483097053,-8.5064936376384,land,saltwater,2023-09-23,"Amcor Sligo Atlantic A-Team",11,9,20,171.96,3.11,1.93,10,,15,35,65,81,,20,51,215,,,,,10,150,,,,,,,1,,,15,,,,,,,,,,,15,,,,,,,4,33,,,,,,,,,,,,,,710
301686,"South Dublin, Co. Dublin, Ireland","Co. Dublin, Ireland",Ireland,53.29206461275,-6.3086286074448,land,,2023-10-12,"AXIS Dublin",17,,17,175.50,0.00,0.00,28,,,,,,,,,,,,,,,,,,,,,,,,,,,,,,,,,,,,,,,,,,,,,,,,,,,,,,,,,,
301796,"Dun Laoghaire-Rathdown, Co. Dublin, Ireland","Co. Dublin, Ireland",Ireland,53.293968153876,-6.1526746041085,land,,2023-10-13,AIB,4,,4,22.31,0.00,0.00,,,244,15,31,38,,100,70,,,22,,,,,,,,,,,,,,,,,,15,,,,,,,,1,,,,,,,,,,,,,,,,,,,,,536
302402,"South Dublin, Co. Dublin, Ireland","Co. Dublin, Ireland",Ireland,53.29206461275,-6.3086286074448,land,,2023-10-12,"AXIS Dublin",17,,17,184.72,0.00,0.00,,30,10,9,5,6,4,14,11,22,4,4,5,5,5,10,11,5,13,6,1,1,1,,10,2,4,5,1,2,1,1,1,1,1,1,2,1,,4,,2,1,,6,,,,,,,,,,,,,,228
302519,"Dublin City, Co. Dublin, Ireland","Co. Dublin, Ireland",Ireland,53.333736773689,-6.2121954724045,land,,2023-10-13,,2,,2,0.01,0.07,0.00,,,,,,,,,,,,,,,,,,,,,,,,,,,,,,,,,,,,,,,,,,,,,,,,,,,,,,,,,,,
307014,"Cork, Co. Cork, Ireland","Co. Cork, Ireland",Ireland,51.681698333333,-9.4575166666667,land,inland,2023-11-27,"Bantry community School",1,,1,374.71,6.59,0.00,,2,6,2,6,5,1,1,,1,1,,1,2,1,,4,3,,53,,,,,,,1,2,,,2,,,1,,,8,2,1,,,4,,1,16,,,,,,,,,,,,,,127
309111,"Clare, Co. Clare, Ireland","Co. Clare, Ireland",Ireland,52.620248992004,-9.1931259277839,land,saltwater,2023-09-17,,2,,2,26.46,2.49,0.00,2,8,10,2,17,4,,1,4,,,1,,1,7,9,1,,,12,,4,38,1,,13,3,4,,,,,,,,,,,,,,1,,,4,,,,,,,,,,,,,,145
309112,"Clare, Co. Clare, Ireland","Co. Clare, Ireland",Ireland,52.867830881816,-9.4273952484978,land,saltwater,2023-08-27,,35,,35,661.39,3.11,0.00,45,10,,5,200,15,25,,40,,2,1,5,5,10,30,30,5,10,141,,,,1,,,10,50,5,,51,,,,,5,,,,,,10,,2,50,,,,,,,,,,,,,,718
309113,"Cork City, Cork, Ireland","Co. Cork, Ireland",Ireland,51.899218154247,-8.4839256221172,land,freshwater,2023-09-25,,11,,11,13.23,0.62,0.00,12,,,10,90,15,,,,,,,,,,,,,,4,,,,,,,,,,,,,,,,,,,,,,,,,,,,,,,,,,,,,,,119
309114,"Cork, Co. Cork, Ireland","Co. Cork, Ireland",Ireland,51.934169752571,-7.8604088046631,land,saltwater,2023-09-29,,5,40,45,220.46,2.49,0.00,,1,5,12,33,20,,10,35,26,3,6,6,22,39,19,14,4,6,43,,2,12,1,,,5,6,,,,,,,,,,,1,8,2,,2,1,65,,,,,,,,,,,,,,409
309115,"Cork City, Cork, Ireland","Co. Cork, Ireland",Ireland,51.901480220237,-8.4373144276504,land,freshwater,2023-09-14,,3,,3,13.23,1.24,0.00,1,1,3,,5,,,1,4,10,,1,,,2,13,2,,,,,,,,,,,,,,,,,,,,,,,,,,,,,,,,,,,,,,,,,,42
309116,,,Ireland,51.599234979815,-8.8539453747772,land,saltwater,2023-09-13,,8,,8,22.05,1.86,0.00,2,,4,45,12,8,,,,6,,1,1,,3,,2,,1,,,,1,,,11,,,2,3,,,,,8,,,,1,,,,1,,5,,,,,,,,,,,,,,115
309118,"Dundrum, Churchtown, Co. Dublin, Ireland",,Ireland,51.808315848138,-8.0761203367931,land,saltwater,2023-09-16,,13,14,27,661.39,0.62,0.00,25,5,23,17,32,3,,5,540,,,1,,1,540,15,40,30,12,164,,,63,3,1,30,3,16,1,,40,,,,12,6,,,,41,,1,27,8,450,,,,,,,,,,,,,,2130
309119,,,Ireland,51.8678113288,-7.9675462095863,land,saltwater,2023-09-17,,2,1,3,44.09,0.31,0.00,3,,18,5,17,19,,,50,1,,,3,,2,40,13,2,,30,,,2,,,23,1,7,,,,,,,1,,,,,2,,,1,,182,,,,,,,,,,,,,,419
309126,,,Ireland,54.566721054233,-8.4580374278166,land,saltwater,2023-09-16,,4,1,5,22.05,0.62,0.00,6,,,,120,,,,100,,,,,,,,,,,17,,,,,,,,20,,,,,,,,,,,,,,,,,200,,,,,,,,,,,,,,457
309127,,,Ireland,55.256232157855,-7.0053926547764,land,saltwater,2023-09-16,,4,2,6,88.18,0.62,0.00,7,10,10,50,10,50,10,10,10,10,10,5,5,5,5,,5,5,5,10,,,,,,10,,,,,,,,,,,,,1,,,,,,50,,,,,,,,,,,,,,286
309129,,,Ireland,55.261617017156,-6.9873866473581,land,saltwater,2023-09-16,,10,,10,0.00,1.86,0.00,20,870,140,120,910,870,,110,500,200,60,,40,50,150,1150,190,,,130,,,,2,10,20,20,,,,,,,,40,,,,,,,,,,410,,,,,,,,,,,,,,5992
309132,,"Co. Donegal, Ireland",Ireland,55.164131909353,-8.0938117352678,land,saltwater,2024-01-10,,10,,10,0.00,1.86,0.00,8,,20,8,16,12,,,36,30,,8,,,,20,12,20,,32,,,,,,24,8,8,,,,,,,,,,,,,,,,,140,,,,,,,,,,,,,,394
309133,"Crossconnell More, Crossconnell, Co. Galway, Ireland","Co. Donegal, Ireland",Ireland,55.28309993038,-7.4445553480966,land,saltwater,2023-09-15,,5,22,27,0.00,1.86,0.00,8,,8,8,,24,,,,100,,,,8,10,80,,,,62,,,,,,24,,,,,16,,,,32,,,,,,,,,,248,,,,,,,,,,,,,,620
309135,"Knock, Caratra, Co. Donegal, Ireland","Co. Donegal, Ireland",Ireland,55.294874848732,-7.1518029561279,land,saltwater,2023-09-15,,6,,6,48.50,0.62,0.00,3,2,1,,12,53,,3,5,120,,16,,,1,2,5,,,,,,,,9,,,,,,,,,,,,,,,2,1,,,,,,,,,,,,,,,,,,232
310064,"Dublin City, Co. Dublin, Ireland","Co. Dublin, Ireland",Ireland,53.349229852161,-6.2470088304012,land,saltwater,2023-09-22,"HEAnet and EduCampus companies - An Taisce",10,,10,1.36,1.86,0.00,6,,1,2,37,1,,10,22,59,1,2,,,,30,,4,,4,,1,,,,,,2,,7,,,,,2,,,4,1,,,,2,1,57,,,,,,,,,,,,,,250
310065,"Dublin, Ireland","Co. Dublin, Ireland",Ireland,53.335392300857,-6.1998287208349,land,saltwater,2023-09-21,"Trinseo Services Ireland Ltd. - An Taisce",30,,30,3.18,1.86,0.00,7,4,34,5,43,23,,15,24,535,,10,10,,5,40,11,16,16,3,,1,,,,15,9,5,,,,,1,69,5,,,24,,5,,,,1,212,,,,,,,,,,,,,,1141
310066,"Cork City, Cork, Ireland","Co. Cork, Ireland",Ireland,51.901988577715,-8.4822091980899,land,inland,2023-09-25,"Franciscan Well Brewery - An Taisce",11,,11,2.73,0.62,0.00,12,,,10,90,15,,,,,,,,,,,,,,4,,,,,,,,,,,,,,,5,,,,,,,,,,,,,,,,,,,,,,,,124
310067,"Wicklow, Co. Wicklow, Ireland","Co. Wicklow, Ireland",Ireland,53.149385146074,-6.0630724920567,land,saltwater,2023-09-25,"The Cove, Greystones - An Taisce",1,1,2,3.18,0.31,0.00,2,1,,,2,4,,3,2,48,,1,,,4,21,3,5,3,1,,,,,,1,1,3,,,,,,,,,,,,2,,,,,24,,,,,,,,,,,,,,129
310068,"Clonard East, Redbarn Holiday Homes, Co. Cork, Ireland",,Ireland,51.923634834116,-7.8726832797556,land,saltwater,2023-09-29,"Glanmire Community College - An Taisce",3,40,43,45.45,2.49,0.00,20,1,5,12,31,18,,6,16,21,3,5,1,1,3,19,7,3,3,19,,2,5,,,31,2,2,,,,,,1,5,,,,1,,,,,,98,,,,,,,,,,,,,,321
310069,"Youghal, Co. Cork, Ireland",,Ireland,51.923976391985,-7.8723339428978,land,saltwater,2023-09-29,"Gaelscoil Chorain - An Taisce",2,40,42,45.45,1.86,0.00,20,,,,2,2,,4,19,4,,1,5,1,,20,7,1,3,24,,,7,1,,29,3,4,,,,,,5,4,,,1,1,8,2,,2,1,158,,,,,,,,,,,,,,319
310070,"Cork City, Cork, Ireland","Co. Cork, Ireland",Ireland,51.901455439069,-8.4389448607462,land,inland,2023-09-14,"3ds - An Taisce",3,,3,2.73,1.24,0.00,1,1,3,,5,,,1,4,10,,1,,,2,13,2,,,,,,,,,,,,,,,,,10,,,,,,,,,,,,,,,,,,,,,,,,,52
310071,"Cork, Co. Cork, Ireland","Co. Cork, Ireland",Ireland,51.596413360088,-8.8658141716555,land,saltwater,2023-09-13,"Clonakility Communuity Resource Centre - An Taisce",8,,8,4.55,1.86,0.00,2,,4,45,12,8,,1,,6,,1,1,,3,,2,,1,,,,1,,,11,,,2,3,6,,,1,8,,,,1,,,,1,,9,,,,,,,,,,,,,,127
310072,"County Donegal, Co. Donegal, Ireland","Co. Donegal, Ireland",Ireland,54.614743,-8.376783,land,saltwater,2023-09-16,"Dunkineely Community Ltd - An Taisce",4,1,5,4.55,0.06,0.00,6,,,,120,,,,100,,,,,,,,,,,17,,,,,,,,20,,,,,,,,,,,,,,,,,,,,,,,,,,,,,,,257
310073,"Dun Laoghaire-Rathdown, Co. Dublin, Ireland","Co. Dublin, Ireland",Ireland,53.3099,-6.1953,land,saltwater,2023-09-23,"Cian and Dada - An Taisce",1,1,2,1.36,1.24,0.00,1,4,,10,5,12,,4,,6,,1,3,,2,23,2,,,,,,,,,,,,,,,,,,3,1,,,,,1,,,,11,,,,,,,,,,,,,,88
310074,"Offaly, Co. Offaly, Ireland","Co. Offaly, Ireland",Ireland,53.1823016,-7.1918796,land,inland,2023-09-29,"Fingleton White Portlaoise Office - An Taisce",4,,4,2.73,2.49,0.00,2,,5,4,25,4,,2,10,20,,,,,,5,,,,,,,,,,,,,2,,1,,,40,1,5,,24,,,1,,,3,2,,,,,,,,,,,,,,154
310075,"Dublin, Ireland","Co. Dublin, Ireland",Ireland,53.399601506344,-6.1273436776748,land,saltwater,2023-09-23,"Baldoyle Tidy Towns - An Taisce",12,4,16,18.18,0.62,0.00,4,4,11,12,8,26,,7,9,342,3,3,,,,64,8,10,2,8,,,7,,1,7,,,1,,,,,13,8,,,89,,,1,,,,81,,,,,,,,,,,,,,725
310076,"Kerry, Co. Kerry, Ireland","Co. Kerry, Ireland",Ireland,52.481723,-9.679406,land,saltwater,2023-09-16,"Cashen - An Taisce",4,,4,27.27,0.93,0.00,6,8,10,3,10,10,2,4,3,4,4,3,3,4,3,5,4,3,4,12,,,4,4,2,4,5,2,1,,1,,,2,6,4,,6,,2,2,2,1,,6,,,,,,,,,,,,,,153
310077,"Banna-Mountain, Banna Mountain, Co. Kerry, Ireland",,Ireland,52.339085516479,-9.8358911314589,land,saltwater,2023-09-16,"Banna Coastcare - An Taisce",25,15,40,181.82,4.97,0.00,20,7,9,4,59,21,,9,42,22,,,4,1,7,6,4,11,2,323,,,16,,2,10,,17,1,,8,,,2,17,,,20,1,,1,,,2,196,,,,,,,,,,,,,,824
310078,"Cork, Co. Cork, Ireland","Co. Cork, Ireland",Ireland,51.890991682363,-8.338765634175,land,saltwater,2023-09-29,"Fingleton White - An Taisce",6,,6,4.55,0.12,0.00,4,1,38,5,14,8,,15,230,11,,6,,4,7,854,46,149,16,38,,,14,,1,14,8,5,1,,,,,,7,,,8,,160,,,,,309,,,,,,,,,,,,,,1969
310079,"Meath, Co. Meath, Ireland","Co. Meath, Ireland",Ireland,53.7002462,-6.2444719,land,saltwater,2023-09-16,"Bettystown Tidy Towns - An Taisce",17,3,20,181.82,1.24,0.00,20,2,5,14,35,32,,3,37,150,,13,4,,4,40,5,8,,25,,,10,,,15,4,,4,,5,,,,7,5,,,,25,,6,,,,,,,,,,,,,,,,,458
310080,"Wexford, Co. Wexford, Ireland","Co. Wexford, Ireland",Ireland,52.253132,-6.333559,land,saltwater,2023-09-16,"Rosslare Harbour / Kilrane Environment Group - An Taisce",12,2,14,54.00,1.24,0.00,10,,,,,,,,,,,,,,,,,,,32,,,,1,,,,,,,,,,,,,,,,,,,,,,,,,,,,,,,,,,,33
310081,"South Dublin, Co. Dublin, Ireland","Co. Dublin, Ireland",Ireland,53.328819951031,-6.3905297601631,land,inland,2023-09-29,"Fingleton White - An Taisce",11,,11,36.36,0.62,0.00,20,15,,80,20,300,,,,40,,,,,8,30,,,,,,,,3,4,,,,,,,,,,15,,,,,,,3,,,37,,,,,,,,,,,,,,555
310082,"Wexford, Co. Wexford, Ireland","Co. Wexford, Ireland",Ireland,52.716395,-6.173374,land,inland,2023-09-16,"Kilgorman - An Taisce",3,,3,11.36,3.11,0.00,9,,5,1,35,40,10,,5,5,,7,9,,20,30,15,5,,,,,2,,,,,5,,,,,,15,4,,,,,,,,,,12,,,,,,,,,,,,,,225
310083,"Dublin City, Co. Dublin, Ireland","Co. Dublin, Ireland",Ireland,53.337382,-6.240365,land,inland,2023-09-21,"Docusign - An Taisce",30,,30,4.55,3.11,0.00,5,3,8,20,13,13,,42,13,654,,17,6,7,121,98,2,10,9,3,,,1,,1,19,1,,1,,2,,,12,5,,,54,,,,,,2,81,,,,,,,,,,,,,,1218
310084,"Dun Laoghaire-Rathdown, Co. Dublin, Ireland","Co. Dublin, Ireland",Ireland,53.257774536441,-6.1120907374181,land,saltwater,2023-09-28,"Rathdown school - An Taisce",3,50,53,9.09,0.50,0.00,19,1,15,7,18,29,,27,35,27,,11,6,7,3,120,18,12,14,9,,1,6,,1,15,,2,1,,,,,13,6,,,28,7,2,1,,,3,136,,,,,,,,,,,,,,581
310085,"Dun Laoghaire-Rathdown, Co. Dublin, Ireland","Co. Dublin, Ireland",Ireland,53.257883692565,-6.1119402859175,land,saltwater,2023-09-28,"Rathdown school - An Taisce",3,50,53,9.09,0.50,0.00,19,1,15,7,18,29,,27,35,27,,11,6,7,3,120,18,12,14,9,,1,6,,1,15,,2,1,,,,,13,6,,,28,7,2,1,,,3,136,,,,,,,,,,,,,,581
310086,"Fingal, Co. Dublin, Ireland","Co. Dublin, Ireland",Ireland,53.460317771823,-6.1289773047104,land,saltwater,2023-09-16,"Portmarnock Community Association Beach Committee - An Taisce",20,2,22,90.00,0.10,0.00,6,4,41,4,22,20,,3,81,195,,8,2,,7,94,13,31,18,28,,,,1,,23,4,1,12,,,,,6,3,1,,10,1,21,,,,,106,,,,,,,,,,,,,,760
310087,"Wexford, Co. Wexford, Ireland","Co. Wexford, Ireland",Ireland,52.6323,-6.22945,land,saltwater,2023-09-15,"Sammy swimmers - An Taisce",8,,8,2.27,2.49,0.00,12,,1,5,10,20,,,2,10,,,,,5,,,,2,10,,,,,,,,,,,4,,,,3,,,,1,,,,,,14,,,,,,,,,,,,,,87
310088,"Dublin City, Co. Dublin, Ireland","Co. Dublin, Ireland",Ireland,53.334157,-6.212813,land,inland,2023-09-21,"Trinseo - An Taisce",30,,30,135.00,0.10,0.00,,4,34,5,43,23,,15,24,535,,10,10,,5,40,11,16,16,3,,1,,,,15,9,5,,,,,,69,5,,,24,,5,,,,1,212,,,,,,,,,,,,,,1140
310089,"Dublin, Ireland","Co. Dublin, Ireland",Ireland,53.334345353257,-6.2126072452466,land,saltwater,2023-09-25,"EirGrid - An Taisce",13,,13,40.91,0.62,0.00,10,11,5,9,21,21,,6,53,140,,3,3,8,2,75,20,8,2,1,,,,,,,5,,,,,,,5,6,,,1,,,,1,,,10,,,,,,,,,,,,,,416
310090,"Knocknagin, Delvin Bridge, Co. Dublin, Ireland","Co. Dublin, Ireland",Ireland,53.639101426927,-6.213205274365,land,saltwater,2023-09-16,"Gormanston Community Association - An Taisce",5,,5,4.55,1.24,0.00,3,1,13,6,38,16,,2,13,,,7,6,1,6,64,9,1,1,10,,,2,,,14,,3,2,,,,,4,9,,,1,,3,1,,,,50,,,,,,,,,,,,,,283
310091,"Bog And Warren, Bog and Warren, Co. Wexford, Ireland",,Ireland,52.557759913073,-6.1977203464752,land,saltwater,2023-09-14,"5th Class St. Mary's N.S. Ballygarrett - An Taisce",3,30,33,3.64,0.62,0.00,2,4,,,,,,6,6,37,,,5,,,25,2,5,4,,,,,,,37,,,2,,,,,,,,,,,,,,,,,,,,,,,,,,,,,,133
310092,,,Ireland,54.304718,-8.568319,land,saltwater,2023-09-23,"North West Sea Kayaking Association Clean Coasts Group - An Taisce",4,,4,14.55,0.93,0.00,7,,32,1,8,3,,6,,120,,,,,2,15,,10,1,51,,,,,,2,4,,,,,,,,5,,,34,,,,,,,75,,,,,,,,,,,,,,369
310093,"Mweelahorna, Mweelnahorna, Co. Waterford, Ireland",,Ireland,52.053270397782,-7.5908463484465,land,saltwater,2023-09-16,"Coiste Maisithe na Rinne -Ring Peninsula Community Group - An Taisce",20,,20,81.82,4.97,0.00,18,,,5,50,16,1,7,23,20,,,,15,31,20,12,,,8,,,,1,,3,7,200,,,,,,,3,2,,3,,,5,1,,,19,,,,,,,,,,,,,,452
310094,"Clare, Co. Clare, Ireland","Co. Clare, Ireland",Ireland,53.130852905034,-9.2914371838406,land,saltwater,2023-09-18,"Rang 4,5,6 - An Taisce",5,40,45,27.27,0.31,0.00,7,8,6,1,35,11,,8,62,16,,,1,9,11,26,12,2,3,595,,,32,,,7,,29,8,,,,,,9,1,,13,,,,,1,,78,,,,,,,,,,,,,,984
310095,"Glennagiveny, Glenagivney, Co. Donegal, Ireland","Co. Donegal, Ireland",Ireland,55.258575720797,-7.0123880547774,land,saltwater,2023-09-16,"Kinnagoe Bay Clean Coasts - An Taisce",4,2,6,18.18,0.62,0.00,7,1,1,50,10,50,,1,1,1,1,1,1,1,1,1,1,1,1,,,,,,1,1,,,,,,,,1,,,,,1,,,,,,,,,,,,,,,,,,,,128
310096,"Kilgrovan, Kilgrovan Estate, Co. Waterford, Ireland",,Ireland,52.09476621486,-7.5442008121037,land,saltwater,2023-09-17,"Dungarvan Bay Open Water Swimmers - An Taisce",9,3,12,11.36,0.93,0.00,6,,,2,14,13,,1,22,11,,2,,2,3,36,7,18,5,2,,,2,,,,,2,,,2,,,3,4,2,,,1,,1,,,1,11,,,,,,,,,,,,,,167
310097,"Wicklow, Co. Wicklow, Ireland","Co. Wicklow, Ireland",Ireland,52.790520552367,-6.1409363972902,land,saltwater,2023-09-14,"Arklow Coastcare - An Taisce",15,,15,9.09,1.24,0.00,2,,1,5,16,7,3,,10,150,,4,,8,5,25,6,6,4,,,,,,,,,,,,1,,,7,3,1,,,,,,,,,40,,,,,,,,,,,,,,302
310098,"Galway, Ireland",,Ireland,53.262949014276,-9.0662176122909,land,saltwater,2023-09-15,"CSG - Grattan Beach - An Taisce",10,,10,109.09,0.77,0.00,12,20,,20,40,10,,5,15,100,,,,,30,70,,,,5,,,,,,,,,,,10,,,30,20,8,,,,,,,,,,,,,,,,,,,,,,,383
310099,"Dublin City, Co. Dublin, Ireland","Co. Dublin, Ireland",Ireland,53.338137823496,-6.1828779316818,land,saltwater,2023-09-14,"Dutch Embassy - An Taisce",11,,11,6.36,1.24,0.00,5,1,4,4,23,13,,1,62,128,,4,2,,6,32,27,10,1,,,,5,,,35,1,6,,,,,,,17,,,3,,29,2,,1,1,158,,,,,,,,,,,,,,576
310100,"County Donegal, Co. Donegal, Ireland","Co. Donegal, Ireland",Ireland,55.254205034472,-7.0059367511852,land,saltwater,2023-09-16,"Kinnagoe Bay Clean Coasts - An Taisce",4,2,6,18.18,0.62,0.00,7,1,1,50,10,50,,1,1,1,1,1,1,1,1,1,1,1,1,,,,,,1,1,,,,,,,,1,,,,,1,,,,,,,,,,,,,,,,,,,,128
310101,"Clare, Co. Clare, Ireland","Co. Clare, Ireland",Ireland,52.620124,-9.197019,land,saltwater,2023-09-17,"Colleen & Paddy O' Connor - An Taisce",2,,2,5.45,2.49,0.00,2,8,10,2,17,4,,1,4,,,1,,1,7,9,1,,,12,,4,38,1,,12,3,4,,,,,,,2,,,74,,,,1,,,5,,,,,,,,,,,,,,221
310102,"Fingal, Co. Dublin, Ireland","Co. Dublin, Ireland",Ireland,53.478173818445,-6.1156252780552,land,saltwater,2023-09-16,"DHL Express - An Taisce",6,6,12,2.27,1.55,0.00,3,1,1,1,5,11,,,5,44,,2,1,,3,21,3,,7,3,,,,,,43,,,,,,,,1,3,,,1,,,,,,1,53,,,,,,,,,,,,,,210
310103,"County Donegal, Co. Donegal, Ireland","Co. Donegal, Ireland",Ireland,55.320608,-7.177312,land,inland,2023-09-16,"Glenagad Community Centre - An Taisce",10,11,21,45.00,1.86,0.00,20,140,70,120,910,870,,110,500,200,60,,40,50,150,1150,190,,,110,,,,2,10,20,20,,,,,,,90,40,,,150,,,,,,,260,,,,,,,,,,,,,,5262
310104,"County Donegal, Co. Donegal, Ireland","Co. Donegal, Ireland",Ireland,55.160913,-8.087783,land,inland,2023-09-03,"Falcarragh Clean Coasts Group - An Taisce",10,,10,45.00,1.86,0.00,8,,20,8,16,12,,,36,30,,,8,,,20,12,20,,32,,,,,,24,8,8,,,,,,,,,,,,,,,,,140,,,,,,,,,,,,,,394
310105,"Binnion, Bunacrick, Co. Donegal, Ireland","Co. Donegal, Ireland",Ireland,55.282337,-7.431544,land,inland,2023-09-15,"Clonmany National School - An Taisce",5,22,27,22.50,1.86,0.00,8,,8,8,,24,,,,100,,,,8,10,80,,,,62,,,,,,24,,,,,16,,,24,32,,,,,,,,,,248,,,,,,,,,,,,,,644
310106,"County Donegal, Co. Donegal, Ireland","Co. Donegal, Ireland",Ireland,55.294018,-7.150773,land,saltwater,2023-09-15,"Culdaff Tidy Towns - An Taisce",6,,6,10.00,0.62,0.00,3,2,1,57,12,53,,3,5,120,,16,,,1,2,5,,,,,,,,9,,,,,,,,,,,,,,,2,1,,,,,,,,,,,,,,,,,,289
310107,"Dublin, Ireland","Co. Dublin, Ireland",Ireland,53.2974482,-6.1593896,land,saltwater,2023-09-16,"Anti social Swimmers - An Taisce",4,,4,2.27,0.62,0.00,3,,5,,15,9,,3,10,25,,,,,,,3,2,2,2,,,,,,,,,1,,,,,,,3,,,1,,,,,3,35,,,,,,,,,,,,,,119
310108,"Dublin City, Co. Dublin, Ireland","Co. Dublin, Ireland",Ireland,53.318564429275,-6.2050830324899,land,saltwater,2023-09-16,"Merrion Gates Residents - An Taisce",10,1,11,4.55,0.93,0.00,17,8,13,7,18,24,,14,8,,,,1,,9,25,10,1,2,6,,,3,,,7,2,3,,,1,,,7,2,4,,30,1,2,,,,4,111,,,,,,,,,,,,,,323
310109,"Cork, Co. Cork, Ireland","Co. Cork, Ireland",Ireland,51.809826,-8.070466,land,saltwater,2023-09-16,"Churchtown South litter Pickers - An Taisce",13,14,27,136.36,0.62,0.00,25,5,23,17,32,3,1,5,540,,,1,,1,6,15,40,30,12,166,,,63,3,1,30,3,16,1,17,40,,1,,12,6,,13,,41,,5,27,8,450,,,,,,,,,,,,,,1634
310110,"Sligo, Co. Sligo, Ireland","Co. Sligo, Ireland",Ireland,54.3429439,-8.6566083,land,saltwater,2023-09-17,"Raughley clean coasts - An Taisce",4,2,6,27.27,1.24,0.00,12,,4,4,8,9,,,40,,,,5,,,5,4,,,311,,,1,,,,4,20,,,,,,,11,6,,,,7,1,,,3,153,,,,,,,,,,,,,,596
310111,"Waterford, Co. Waterford, Ireland","Co. Waterford, Ireland",Ireland,52.095889076747,-7.5435385633621,land,saltwater,2023-09-17,"Nicola & James, Clonea - An Taisce",1,1,2,3.64,1.24,0.00,2,,5,2,20,15,10,2,20,2,,3,,2,3,40,10,,3,14,,,,,,,,2,,,6,,,,4,3,,,1,,3,,,,20,,,,,,,,,,,,,,190
310112,"Cork, Co. Cork, Ireland","Co. Cork, Ireland",Ireland,51.86856901169,-7.9699367839877,land,saltwater,2023-09-17,"Nagle NiFheinneadha, Ballycrenane Beach - An Taisce",2,1,3,9.09,0.31,0.00,3,,18,5,17,19,,,50,1,,,3,,2,40,13,2,,30,,,2,,,23,1,7,,,,,,,1,,,2,,2,,2,1,,195,,,,,,,,,,,,,,436
310113,"Cloosguire, Magherabeg Upper, Co. Kerry, Ireland",,Ireland,52.261954,-10.012255,land,saltwater,2023-09-17,"Castlegregory TidyTowns - An Taisce",6,1,7,6.82,2.49,0.00,5,7,1,2,9,3,,3,17,37,,,,,3,15,5,,,7,,,,,,13,8,,,,4,,,,,,,6,,,,1,,,36,,,,,,,,,,,,,,177
310114,"Mayo, Co. Mayo, Ireland","Co. Mayo, Ireland",Ireland,54.11667,-9.16667,land,inland,2023-09-17,"Elaine & Philip - An Taisce",2,,2,4.55,0.62,0.00,1,8,3,3,27,14,2,,12,17,,15,16,2,3,47,8,4,,1,,,1,,1,8,2,,3,,,,,,7,1,,18,,,,1,,,36,,,,,,,,,,,,,,260
310115,"Cork, Co. Cork, Ireland","Co. Cork, Ireland",Ireland,51.7749191,-8.3112749,land,saltwater,2023-09-16,"Sea Turtles, Fountainstown Beach - An Taisce",2,2,4,0.91,0.31,0.00,1,1,,,1,,,1,6,12,,,1,,,8,,3,4,3,,,,,,,,1,,5,,,,,1,1,,,,1,,,,1,9,,,,,,,,,,,,,,59
310116,"Wexford, Co. Wexford, Ireland","Co. Wexford, Ireland",Ireland,52.1780654,-6.5965162,land,saltwater,2023-09-16,"Tomhaggard Clean Coasts Group - An Taisce",13,1,14,3.09,0.81,0.00,6,13,57,2,74,22,,6,101,6,1,6,19,2,19,156,11,7,1,387,,,5,,,130,7,26,10,,,,,4,8,,,1,,2,1,1,4,,852,,,,,,,,,,,,,,1941
310117,"Fingal, Co. Dublin, Ireland","Co. Dublin, Ireland",Ireland,53.4784101,-6.1155737,land,saltwater,2023-09-17,"Donabate Clean Coasts - An Taisce",4,1,5,11.36,1.24,0.00,6,5,,10,25,25,,4,40,90,,2,,,10,70,20,,30,70,,,3,,,,,2,20,23,1,,2,,8,6,,2,,60,,3,1,1,125,,,,,,,,,,,,,,658
310118,"Wexford, Co. Wexford, Ireland","Co. Wexford, Ireland",Ireland,52.61825,-6.22902,land,saltwater,2023-09-15,"Ballymoney Sammys Swimmers - An Taisce",8,,8,31.82,1.24,0.00,10,,,,,,,,,,,,,,,,,,,,,,3,,,27,11,,3,,2,,,,11,,,4,1,,2,4,,,149,,,,,,,,,,,,,,217
310119,"Clare, Co. Clare, Ireland","Co. Clare, Ireland",Ireland,52.86795,-9.42576,land,saltwater,2023-08-27,"Whitestrand miltown malbay - An Taisce",35,,35,136.36,3.11,0.00,45,10,,5,200,15,25,,40,,2,1,5,5,10,30,30,5,10,141,,,,1,,,10,50,5,,51,,,,10,5,,,,,,10,,2,,,,,,,,,,,,,,,678
313197,"Cahersiveen, Co. Kerry, Ireland","Co. Kerry, Ireland",Ireland,51.94800417,-10.23139335,land,,2024-02-02,"Sea Synergy",1,,1,0.01,0.00,0.00,,,,,,,,,,,,,,,,,,,,,,,,,,,,,,,,,,,,,,,,,,,,,,,,,,,,,,,,,,,
314983,"Kerry, Co. Kerry, Ireland","Co. Kerry, Ireland",Ireland,51.82839338,-10.17238052,land,saltwater,2024-02-08,"Sea Synergy",4,,4,967.75,0.00,0.00,,,8,,12,1,,2,20,,,,,,1,,,1,1,86,2,,2,,2,6,4,7,,,,,1,,1,,36,3,1,,,4,,,54,,,,,,,,,,,,,,255
326744,"Kerry, Co. Kerry, Ireland","Co. Kerry, Ireland",Ireland,51.829465,-10.1745436,land,inland,2024-05-02,"Sea Synergy",5,,5,30.88,0.00,0.00,4,,,,,,,,,,,,,,,,,,,,,,,,,,,,,,,,,,,,,,,,,,,,,,,,,,,,,,,,,,
327068,"Cork, Co. Cork, Ireland","Co. Cork, Ireland",Ireland,51.560488333333,-8.9773983333333,land,saltwater,2024-05-03,"Reenas reena National School",42,,42,706.10,0.64,0.00,,5,20,,16,,,15,5,,3,,,,,,,2,1,87,6,,,4,1,44,,3,,1,,,,,,,32,,,2,1,,,,20,,,,,,,,,,,,,,268
327683,"Kerry, Co. Kerry, Ireland","Co. Kerry, Ireland",Ireland,51.829465,-10.1745436,land,inland,2024-05-16,"Sea Synergy",7,,7,17.64,0.00,0.00,3,,,,,,,,,,,,,,,,,,,,,,,,,,,,,,,,,,,,,,,,,,,,,,,,,,,,,,,,,,
329192,"Kerry, Co. Kerry, Ireland","Co. Kerry, Ireland",Ireland,51.829465,-10.1745436,land,inland,2024-06-09,"Sea Synergy",3,,3,9.92,0.00,0.00,2,,,,,,,,,,,,,,,,,,,,,,,,,,,,,,,,,,,,,,,,,,,,,,,,,,,,,,,,,,
329717,"Fingal, Co. Dublin, Ireland","Co. Dublin, Ireland",Ireland,53.5805519,-6.1078779,land,,2024-06-17,"selene test",1,,1,3.06,0.00,0.00,,,,6,,,,,,,,,,,,,,,,,,,,,,,,,,,,,,,,,,,,,,,,,,,,,,,,,,,,,,,6
329843,"Kerry, Co. Kerry, Ireland","Co. Kerry, Ireland",Ireland,51.7861125,-10.1656416,land,inland,2024-06-19,"Sea Synergy",14,,14,108.08,0.00,0.00,14,,,,,,,,,,,,,,,,,,,,,,,,,,,,,,,,,,,,,,,,,,,,,,,,,,,,,,,,,,
333244,"Dublin City, Co. Dublin, Ireland","Co. Dublin, Ireland",Ireland,53.3498053,-6.2603097,land,saltwater,2024-08-01,,1,,1,0.01,0.00,0.00,,,,,,,,,,,,,,,,,,,,,,,,,,,,,,,,,,,,,,,,,,,,,,,,,,,,,,,,,,,
334481,"Dublin City, Co. Dublin, Ireland","Co. Dublin, Ireland",Ireland,53.364544868372,-6.273131486647,land,saltwater,2024-09-04,"Clean Coasts - Dublin",5,,5,0.55,0.01,0.00,,1,1,1,,,,,,,,,,,,,,,,,,,,,,,,,,,,,,,,,,,,,,,,,,,,,,,,,,,,,,,3
334494,"County Donegal, Co. Donegal, Ireland","Co. Donegal, Ireland",Ireland,55.1948628,-7.8369654,land,saltwater,2024-09-08,"Donegal Lifeguards",2,,2,7.48,0.00,0.00,,5,6,4,5,10,6,,3,6,8,2,12,2,,12,7,3,,,,,,,,4,,,,3,8,,,3,,,,,1,,3,,,,8,,,,,,,,,,,,,,121
334497,,,Ireland,55.1746132,-7.8971701,land,saltwater,2024-09-08,"Donegal lifeguards",2,,2,17.12,0.00,0.00,,1,,1,6,4,3,2,3,1,10,1,4,1,2,3,3,2,1,10,,,,,,2,,1,,,,,3,,,1,,21,,,1,,,,3,,,,,,,,,,,,,,90
334502,,,Ireland,55.1746132,-7.8971701,land,saltwater,2024-09-08,"Donegal lifeguards",2,,2,2.83,0.00,0.00,,20,3,,6,3,3,1,1,1,2,3,4,1,3,1,4,1,1,,,,,,,,,1,,3,,,,,,1,,,,,,,,,,,,,,,,,,,,,,,63
334680,"South Dublin, Co. Dublin, Ireland","Co. Dublin, Ireland",Ireland,53.296538691468,-6.4165007032264,land,inland,2024-09-09,TOMRA24,2,,2,0.05,0.00,0.00,,3,,,,,,,,,,,,,,,,,,,,,,,,,,,,,,,,,,,,,,,,,,,,,,,,,,,,,,,,,3
334682,"South Dublin, Co. Dublin, Ireland","Co. Dublin, Ireland",Ireland,53.296675267629,-6.4162762183696,land,inland,2024-09-10,TOMRA24,2,,2,2.16,0.00,0.00,,,1,1,1,2,1,,,,5,,2,3,3,6,,,,,,,,,,,,7,,,,,,,,,2,4,,,,1,,,,,,,,,,,,,,,,,39
334685,"South Dublin, Co. Dublin, Ireland","Co. Dublin, Ireland",Ireland,53.296957737766,-6.416604872793,land,inland,2024-09-10,TOMRA24,2,,2,16.24,0.90,0.00,,,,1,7,6,5,2,4,35,7,,2,1,,36,2,3,,,3,,,,,3,7,5,1,1,1,2,,1,22,,7,42,,,,,,,,,,,,,,,,,,,,,206
334686,"Dublin City, Co. Dublin, Ireland","Co. Dublin, Ireland",Ireland,53.3498053,-6.2603097,land,inland,2024-09-10,TOMRA24,2,,2,44.52,0.00,0.00,,3,8,4,12,6,10,4,10,72,16,,6,1,,25,,4,10,3,,,11,,,2,3,13,,,7,,,7,9,,44,2,,,,2,,,,,,,,,,,,,,,,,294
334687,"South Dublin, Co. Dublin, Ireland","Co. Dublin, Ireland",Ireland,53.296546269098,-6.4165144349145,land,inland,2024-09-10,TOMRA24,2,,2,55.75,0.00,0.00,,7,9,10,11,24,29,6,13,33,9,7,10,8,22,38,13,,5,,,,13,,,2,11,1,,5,12,,,8,21,1,7,11,,2,2,5,,,3,,,,,,,,,,,,,,358
334688,"South Dublin, Co. Dublin, Ireland","Co. Dublin, Ireland",Ireland,53.296569946439,-6.4164921263107,land,inland,2024-09-10,TOMRA24,2,,2,32.55,0.00,0.00,,10,6,11,27,63,16,1,6,15,42,1,7,13,14,266,12,1,9,,,,3,,1,3,2,5,,4,13,,,2,,,4,11,,,,5,,,3,,,,,,,,,,,,,,576
334689,"South Dublin, Co. Dublin, Ireland","Co. Dublin, Ireland",Ireland,53.2841664,-6.4216224,land,inland,2024-09-10,tomra24,2,,2,16.36,0.00,0.00,,,,1,,,,,,,5,,,2,2,39,1,2,,,,,4,,,,2,,,6,4,,,,4,,5,3,,,,,,,1,,,,,,,,,,,,,,81
335018,"Sligo, Co. Sligo, Ireland","Co. Sligo, Ireland",Ireland,54.391540752245,-8.5235914598607,land,saltwater,2024-09-13,"Clean Coasts - Dublin Team office",10,,10,6.05,0.00,0.00,,,,,1,,,,,,,,,,,,,,,6,,,,,,,,,,,,,,,,,,,,,,,,,,,,,,,,,,,,,,,7
335066,"Dublin City, Co. Dublin, Ireland","Co. Dublin, Ireland",Ireland,53.3498053,-6.2603097,land,inland,2024-09-10,TOMRA24,2,,2,1.20,0.00,0.00,,,,,,1,,,,12,,,,,,40,,,,,,,,,,,,,,,,,,,,,,,,,,,,,,,,,,,,,,,,,,,53
335067,"Dublin City, Co. Dublin, Ireland","Co. Dublin, Ireland",Ireland,53.3498053,-6.2603097,land,inland,2024-09-10,Tomra24,2,,2,50.51,0.00,0.00,,6,1,7,,2,3,2,7,184,3,,4,,,14,2,1,3,,3,,15,,1,3,1,,,2,4,,,1,2,,2,4,,,,,,,,,,,,,,,,,,,,,277
335550,"Wexford, Co. Wexford, Ireland","Co. Wexford, Ireland",Ireland,52.1757194,-6.5863919,land,saltwater,2024-09-17,"the best buddies",3,,3,0.14,0.00,0.00,,,,,,,1,,,,,,,,1,2,,,,,,,,,,,,3,,,,,,,,,,,,,,,,,1,,,,,,,,,,,,,,8
335559,"Wexford, Co. Wexford, Ireland","Co. Wexford, Ireland",Ireland,52.175522209145,-6.5920431353152,land,saltwater,2024-09-17,,1,,1,3.64,0.09,0.00,,,,2,4,3,,,,20,,1,1,,,,2,,,2,,,,,,3,,,,,,,,,,,,,,,,,,,9,,,,,,,,,,,,,,47
335581,"Wexford, Co. Wexford, Ireland","Co. Wexford, Ireland",Ireland,52.1757194,-6.5863919,land,saltwater,2024-09-17,,2,,2,60.00,0.00,0.00,4,,,,,,,,,,,,,,,,,,,,,,,,,,,,,,,,,,,,,,,,,,,,,,,,,,,,,,,,,,
335656,"County Donegal, Co. Donegal, Ireland","Co. Donegal, Ireland",Ireland,55.1948628,-7.8369654,land,saltwater,2024-09-18,"Donegal lifeguards",1,,1,8.73,0.00,0.00,,4,10,1,4,2,2,2,4,2,,,6,,,5,3,2,5,4,,,,,,3,,2,,1,,,1,2,,4,,,,3,,,,,6,,,,,,,,,,,,,,78
336029,"Dublin City, Co. Dublin, Ireland","Co. Dublin, Ireland",Ireland,53.334983019314,-6.2143210213656,land,saltwater,2024-09-20,"Delta Capita",6,,6,85.06,2.35,0.00,,3,14,36,19,20,6,8,2,11,5,4,1,1,4,3,2,,1,12,2,,10,1,,,,2,,5,,,1,,,,4,1,,,,,1,1,2,,,,,,,,,,,,,,182
336060,"Dun Laoghaire-Rathdown, Co. Dublin, Ireland","Co. Dublin, Ireland",Ireland,53.2464892,-6.1129669,land,saltwater,2024-09-20,"Beach clean",1,,1,2.09,0.00,0.00,,2,6,1,1,,,4,2,27,,2,,,,3,,,,,,,,,,,,,4,3,,,,2,,,,,,,,1,,,,,,,,,,,,,,,,,58
336095,"Fingal, Co. Dublin, Ireland","Co. Dublin, Ireland",Ireland,53.450630753883,-6.1398753541446,land,saltwater,2024-09-20,Smartbox,3,,3,1.54,0.18,0.00,,,14,2,,,,2,,35,2,,1,,,,,,,,,,,,,,,,,,,,,,,,,1,,,,,,,9,,,,,,,,,,,,,,66
336099,"Fingal, Co. Dublin, Ireland","Co. Dublin, Ireland",Ireland,53.403565,-6.149025,land,freshwater,2024-09-20,Smartbox,3,,3,267.98,0.00,0.00,,,3,11,7,8,1,3,7,19,55,11,21,1,1,10,3,3,3,,,2,,,1,4,,1,,7,1,,,,,2,,,,,,,,,,,,,,,,,,,,,,,185
336101,"Fingal, Co. Dublin, Ireland","Co. Dublin, Ireland",Ireland,53.450478049796,-6.1555584331954,land,saltwater,2024-09-20,Smartbox,2,,2,9.72,0.00,0.00,,1,,5,,,,5,2,21,4,,2,,1,21,,,,,,,,,,,,1,,1,,,,,,,,43,,4,,,,,25,,,,,,,,,,,,,,136
336102,"Fingal, Co. Dublin, Ireland","Co. Dublin, Ireland",Ireland,53.45008851155,-6.1412892824358,land,inland,2024-09-20,smartbox,4,,4,7.23,1.32,0.00,,,,11,,,,3,3,21,3,,5,,,7,2,,,,,,,,,2,,,,,1,,,,2,,2,5,,,,,1,1,92,,,,,,,,,,,,,,161
336103,"Fingal, Co. Dublin, Ireland","Co. Dublin, Ireland",Ireland,53.4505326,-6.143218,land,inland,2024-09-20,Smartbox,1,,1,5.23,0.89,0.00,,2,5,5,,4,2,2,3,15,5,1,,1,1,3,1,7,2,,,,,,,,,,,2,,,2,,1,,,3,,,,,,,5,,,,,,,,,,,,,,72
336112,"Fingal, Co. Dublin, Ireland","Co. Dublin, Ireland",Ireland,53.449897724605,-6.1404600758088,land,inland,2024-09-20,Smartbox,2,,2,22.91,0.06,0.00,,2,1,,2,,,7,9,1,1,2,5,1,1,26,,,4,4,,,1,,1,,1,,,5,,,,,,2,37,54,,,,,,1,,,,,,,,,,,,,,,168
336123,"Fingal, Co. Dublin, Ireland","Co. Dublin, Ireland",Ireland,53.4440193,-6.1312377,land,saltwater,2024-09-20,smartbox,3,,3,1.34,0.00,0.00,,2,4,,1,,,2,,30,1,,,1,,,2,2,,,,,,,,,,,,,,1,,11,,,,,,,,,,1,,,,,,,,,,,,,,,58
336133,"Cork, Co. Cork, Ireland","Co. Cork, Ireland",Ireland,51.492306400448,-9.2308552420911,land,saltwater,2024-09-20,"Ilen River Nature Matters",2,,2,9.92,0.00,0.00,,,3,,2,,2,2,18,,,,,,1,1,,,,32,1,,,,,,3,1,,,,,,,,,6,1,1,,,,1,,21,,,,,,,,,,,,,,96
336821,"Wexford, Co. Wexford, Ireland","Co. Wexford, Ireland",Ireland,52.1757194,-6.5863919,land,saltwater,2024-09-17,,3,,3,2.34,0.00,0.00,,,,,,,,,,,,,,,,1,,,,2,,,,,,,,1,,,,,,,1,,,2,,,,,,,,,,,,,,,,,,,,,7
336822,"Wexford, Co. Wexford, Ireland","Co. Wexford, Ireland",Ireland,52.174824541483,-6.5938997268738,land,saltwater,2024-09-17,poochina,2,,2,0.95,0.09,0.00,,3,,1,2,1,,,,,,,1,,,,,,,,,,,,,,,,,,,,,,,,,2,,,,,,,1,,,,,,,,,,,,,,11
336823,"Wexford, Co. Wexford, Ireland","Co. Wexford, Ireland",Ireland,52.173260080932,-6.593347489922,land,inland,2024-09-17,"Aoibheann and sophie",2,,2,0.01,0.15,0.00,,,,,,,,,,,,,,,,,,,,,,,,,,,,,,,,,,,,,,,,,,,,,,,,,,,,,,,,,,,
336824,"Saintkierans, St kieran'S, Co. Wexford, Ireland",,Ireland,52.23511508492,-6.7817020175288,land,saltwater,2024-09-17,chipmuncks,3,,3,0.01,8.97,0.00,,,,,,,,,,,,,,,,,,,,,,,,,,,,,,,,,,,,,,,,,,,,,,,,,,,,,,,,,,,
336825,"Wexford, Co. Wexford, Ireland","Co. Wexford, Ireland",Ireland,52.175433333333,-6.591715,land,inland,2024-09-17,gooners,10,,10,0.14,0.00,0.00,,,1,,,,,,3,2,1,,,,,3,1,,,,,,,,,,,,,,,,,,,,,,,,,,,,,,,,,,,,,,,,,,11
337451,"Cork, Co. Cork, Ireland","Co. Cork, Ireland",Ireland,51.492716389019,-9.2317069429701,land,saltwater,2024-09-21,"Ilen River Nature Matters",1,,1,24.25,0.62,0.00,,,5,,5,,3,,15,,1,,,,3,2,1,2,,43,,,2,,,,2,3,,3,,,,,,,9,6,,2,,,,,27,,,,,,,,,,,,,,134
337723,"South Dublin, Co. Dublin, Ireland","Co. Dublin, Ireland",Ireland,53.328866469674,-6.3780541531742,land,saltwater,2024-09-22,"southside Seapoint",6,,6,8.28,0.00,0.00,,,6,2,,4,2,2,,10,3,3,,,4,8,,2,7,,,,,,1,1,3,,,1,1,1,,,2,,4,16,,,4,,,,5,,,,,,,,,,,,,,92
337932,"Kerry, Co. Kerry, Ireland","Co. Kerry, Ireland",Ireland,52.13410287,-10.26875986,land,saltwater,2024-09-23,"Dingle COP",3,,3,65.72,0.00,0.00,,,,,,,,,7,7,,,,1,,19,3,,,58,,,,,1,5,5,2,,,,,1,,1,2,22,9,,,,,,,312,,,,,,,,,,,,,,455
339004,"Wexford, Co. Wexford, Ireland","Co. Wexford, Ireland",Ireland,52.234483239393,-6.3474438656965,land,saltwater,2024-09-21,Skittles,6,,6,66.58,2.67,0.00,,2,9,,8,,1,,1,22,1,,3,2,,32,6,2,,28,,,3,,,,,1,,3,,,1,4,1,,6,,,,,,,,18,,,,,,,,,,,,,,154
339008,"Clare, Co. Clare, Ireland","Co. Clare, Ireland",Ireland,52.736748226316,-9.5436310252518,land,saltwater,2024-09-21,"Doonbeg   Tidy Towns",16,,16,41.68,0.00,0.00,,2,,,4,4,,,,,2,2,,,,,,,4,25,2,,4,,,,9,,,,,1,,,,,2,3,,,,,,,21,,,,,,,,,,,,,,85
339319,"Fingal, Co. Dublin, Ireland","Co. Dublin, Ireland",Ireland,53.578276787885,-6.1227557994425,land,inland,2024-09-23,TOMRA24,3,,3,0.98,0.37,0.00,,2,,1,3,,,2,,,,,,,,,,1,,,,,,,,,,,2,,,,,3,,,,,,,,,,,,,,,,,,,,,,,,,14
339438,"Kerry, Co. Kerry, Ireland","Co. Kerry, Ireland",Ireland,51.829465,-10.1745436,land,inland,2024-09-25,"Sea Synergy",7,,7,23.16,0.00,0.00,3,,,,,,,,,,,,,,,,,,,,,,,,,,,,,,,,,,,,,,,,,,,,,,,,,,,,,,,,,,
339692,"Waterford, Co. Waterford, Ireland","Co. Waterford, Ireland",Ireland,52.047480582799,-7.5840093565087,land,saltwater,2024-09-26,"Heilbhic Head Cleanup Crew",7,,7,5.60,0.00,0.00,,1,,,10,4,,,1,52,1,2,,17,3,,1,,2,2,,,,,,5,,,,,1,,,,2,,5,4,,,,,,,18,,,,,,,,,,,,,,131
340162,"Fingal, Co. Dublin, Ireland","Co. Dublin, Ireland",Ireland,53.434709077751,-6.1238644737807,land,saltwater,2024-09-27,"Friends Of The Coast",1,,1,0.20,1.98,0.00,,6,,,1,,,,,183,,,,,,,,30,,,,,,,1,,,,,,,,,,,,,,,,,1,1,,3,,,,,,,,,,,,,,226
341929,"Kerry, Co. Kerry, Ireland","Co. Kerry, Ireland",Ireland,51.829465,-10.1745436,land,inland,2024-10-09,"Sea Synergy",7,,7,46.32,0.00,0.00,6,,,,,,,,,,,,,,,,,,,,,,,,,,,,,,,,,,,,,,,,,,,,,,,,,,,,,,,,,,
342341,"County Donegal, Co. Donegal, Ireland","Co. Donegal, Ireland",Ireland,55.095767,-7.5318303,land,saltwater,2024-10-01,"Donegal lifeguards",4,,4,29.03,0.00,0.00,,7,3,8,15,22,,6,8,4,9,5,,,6,28,12,5,8,4,,,3,,2,14,6,1,,6,,,2,2,4,4,5,8,,,,3,,,,,,,,,,,,,,,,,210
342344,"South Dublin, Co. Dublin, Ireland","Co. Dublin, Ireland",Ireland,53.292026744292,-6.3086668658658,land,saltwater,2024-10-16,AXIS,35,,35,41.80,5.00,0.00,,2,2,7,1,2,1,3,2,13,1,1,2,2,,,2,3,1,6,5,,,1,2,1,6,1,,1,3,1,5,2,,1,3,1,,5,,,,,5,,,,,,,,,,,,,,94
342542,"Kerry, Co. Kerry, Ireland","Co. Kerry, Ireland",Ireland,51.942729,-10.24346,land,saltwater,2024-10-19,"Sea Synergy",3,,3,23.16,0.00,0.00,3,,,,,,,,,,,,,,,,,,,,,,,,,,,,,,,,,,,,,,,,,,,,,,,,,,,,,,,,,,
342565,,,Ireland,52.200549109249,-6.7286359568521,land,saltwater,2024-10-19,Skittles,6,,6,17.05,2.87,0.00,,,4,,16,,2,,7,3,1,,,,1,6,,,,11,1,,,,,3,2,2,1,4,,,,,,,11,1,,,,6,,1,36,,,,,,,,,,,,,,119
344945,"Dublin City, Co. Dublin, Ireland","Co. Dublin, Ireland",Ireland,53.334862291547,-6.212793071359,land,saltwater,2024-10-19,"Bank of America - My Environment - 2024 ICC",27,,27,105.80,0.50,0.00,,,,,,,,,,,,,,,,,,,,,,,,,,,,,,,,,,,,,,,,,,,,,,,,,,,,,,,,,,,
345164,"Clare, Co. Clare, Ireland","Co. Clare, Ireland",Ireland,52.5705484,-9.8616683,land,saltwater,2024-12-02,"Michael & Kim",2,,2,15.00,0.00,0.00,1,,,,,,,,,,,,,,,,,,,,,,,,,,,,,,,,,,,,,,,,,,,,,,,,,,,,,,,,,,
346714,"Kerry, Co. Kerry, Ireland","Co. Kerry, Ireland",Ireland,51.829465,-10.1745436,land,saltwater,2024-12-29,"Sea Synergy",14,,14,100.34,0.00,0.00,11,,,,,,,,,,,,,,,,,,,,,,,,,,,,,,,,,,,,,,,,,,,,,,,,,,,,,,,,,,
352459,"Kerry, Co. Kerry, Ireland","Co. Kerry, Ireland",Ireland,51.829465,-10.1745436,land,saltwater,2025-01-07,"Sea Synergy",3,,3,23.15,0.00,0.00,2,,,,,,,,,,,,,,,,,,,,,,,,,,,,,,,,,,,,,,,,,,,,,,,,,,,,,,,,,,
353629,"Kerry, Co. Kerry, Ireland","Co. Kerry, Ireland",Ireland,51.829465,-10.1745436,land,saltwater,2025-01-18,"Sea Synergy",1,,1,100.31,0.00,0.00,8,,,,,,,,,,,,,,,,,,,,,,,,,,,,,,,,,,,,,,,,,,,,,,,,,,,,,,,,,,
353889,"Kerry, Co. Kerry, Ireland","Co. Kerry, Ireland",Ireland,51.829465,-10.1745436,land,saltwater,2025-01-21,"Sea Synergy",1,,1,7.72,0.00,0.00,1,,,,,,,,,,,,,,,,,,,,,,,,,,,,,,,,,,,,,,,,,,,,,,,,,,,,,,,,,,
365530,"Waterford, Co. Waterford, Ireland","Co. Waterford, Ireland",Ireland,52.0936,-7.6136,land,inland,2024-09-20,"Abbeyside Beach - An Taisce",50,,50,17.60,0.31,0.00,9,6,7,4,21,11,,5,8,1,,,1,1,12,15,5,,,170,,,7,,1,2,,,,,,,,,2,,,,1,,,,,,13,,,,,,,,,,,,,,293
365531,"Waterford, Co. Waterford, Ireland","Co. Waterford, Ireland",Ireland,52.0936,-7.6136,land,inland,2024-09-20,"Abbeyside Strand & The White Strand - An Taisce",3,,3,32.34,1.86,0.00,3,,11,,10,12,,,4,15,,2,,,13,,4,1,1,12,,,2,,,5,,371,,,,,,,,,,,,,1,,,,26,,,,,,,,,,,,,,490
365532,"Clonmass, Cloonmass, Co. Donegal, Ireland",,Ireland,55.1667,-7.8833,land,inland,2024-09-20,"Ards Forest beach - An Taisce",60,,60,33.00,1.24,0.00,5,7,28,5,9,5,,1,2,10,1,2,8,2,3,53,1,2,2,38,,,3,,,4,4,5,,,,,,,6,,,,,,7,,,,37,,,,,,,,,,,,,,245
365533,"Wicklow, Co. Wicklow, Ireland","Co. Wicklow, Ireland",Ireland,52.7933,-6.1417,land,inland,2024-09-20,"Arklow South Beach - An Taisce",5,1,6,4.40,0.93,0.00,2,,,10,,2,,6,,25,,,,5,12,20,5,,5,2,,,1,,1,,1,,,,,,,,2,,,,,,,,,,11,,,,,,,,,,,,,,108
365534,"Sligo, Co. Sligo, Ireland","Co. Sligo, Ireland",Ireland,54.27874012,-8.477921585,land,inland,2024-09-20,"Aviva volunteers (Sligo\Leitrim) - An Taisce",3,,3,35.20,3.11,0.00,2,2,,11,4,12,,,5,50,,,,,4,15,2,,3,4,,,,,,,,,,,,,,,4,,,,,,,,,,22,,,,,,,,,,,,,,138
365535,"Kinard East, Coill Trá, Co. Kerry, Ireland",,Ireland,51.8267,-10.2667,land,inland,2024-09-20,"Ballinskellings Beach - An Taisce",6,3,9,30.80,0.93,0.00,5,1,,7,23,15,,3,5,152,,,,,4,43,,,1,3,,,2,,,5,,,,,,,,,,,,,,,,,,,54,,,,,,,,,,,,,,318
365536,"Cork, Co. Cork, Ireland","Co. Cork, Ireland",Ireland,51.8233,-8.0833,land,inland,2024-09-20,"Ballycroneen Beach - An Taisce",2,1,3,11.00,0.62,0.00,1,,,,,1,,,,6,,,,8,1,2,,15,,6,,,,,,,,,,,,,,,35,,,,,,,,,,6,,,,,,,,,,,,,,80
365537,"Coolseskin, Cooleskin, Co. Wexford, Ireland",,Ireland,52.1733,-6.6833,land,inland,2024-09-20,"Ballyteigue Burrow - An Taisce",23,10,33,52.80,0.31,0.00,3,6,20,6,40,14,,10,70,13,,4,,1,2,242,16,11,,31,,,11,,,25,3,21,,,,,,,1,2,1,8,,3,,,1,3,577,,,,,,,,,,,,,,1142
365538,"Wicklow, Co. Wicklow, Ireland","Co. Wicklow, Ireland",Ireland,53.0417,-6.4167,land,saltwater,2024-09-22,"Bannhill, Wicklow Gap - An Taisce",3,,3,154.00,1.24,0.00,12,10,10,10,40,10,,5,10,20,3,3,3,10,10,20,10,,5,5,,,5,,6,10,10,,,,,,,,30,,,,,10,5,,,,13,,,,,,,,,,,,,,273
365539,"Betaghstown, Laytown-Bettystown-Mornington, Co. Meath, Ireland","Co. Meath, Ireland",Ireland,53.7033,-6.2433,land,saltwater,2024-09-21,"Bettystown Beach  - An Taisce",6,1,7,110.00,1.24,0.00,8,8,12,14,10,12,,2,32,209,,10,3,,10,60,1,,1,5,,,6,,1,,,,4,,,,,,8,2,,,,,,,,,15,,,,,,,,,,,,,,425
365540,"Cork, Co. Cork, Ireland","Co. Cork, Ireland",Ireland,51.9,-8.3958,land,inland,2024-09-20,"Blackrock Castle, Cork - An Taisce",11,,11,88.00,1.86,0.00,7,7,18,15,23,15,,12,10,132,1,3,8,1,2,32,2,10,3,19,,,,,,101,,3,,,,,,,,,,,1,7,1,,1,5,218,,,,,,,,,,,,,,650
365541,"Kerry, Co. Kerry, Ireland","Co. Kerry, Ireland",Ireland,51.85023034,-9.746794976,land,inland,2024-09-20,"Blackwater Pier - An Taisce",1,,1,37.40,0.62,0.00,2,1,4,2,14,10,,,10,8,,,,2,7,16,2,,,63,,,,1,,8,4,1,,,,,,,,,,,,,,,,,48,,,,,,,,,,,,,,201
365542,"Dublin, Ireland","Co. Dublin, Ireland",Ireland,53.36376062,-6.151801038,land,saltwater,2024-09-21,"Bull Island Action Group - An Taisce",46,4,50,220.00,1.24,0.00,40,,,,,,,,,,,,,,,,,,,,,,,,,,,,,,,,,,,,,,,,,,,,,,,,,,,,,,,,,,
365543,"Fingal, Co. Dublin, Ireland","Co. Dublin, Ireland",Ireland,53.3917,-6.1167,land,inland,2024-09-20,"Burrow Beach - An Taisce",5,3,8,8.80,1.24,0.00,3,5,10,1,6,3,,,,8,1,1,5,2,3,15,2,1,1,1,,,,,,,8,,,,,,,,,,,,,8,,,,1,2,,,,,,,,,,,,,,84
365544,"Carlow, Co. Carlow, Ireland","Co. Carlow, Ireland",Ireland,52.83867391,-6.934951021,land,inland,2024-09-20,"Carlow Tidy Towns - An Taisce",30,5,35,147.40,1.24,0.00,28,50,87,113,57,82,,99,131,1065,64,65,35,49,106,312,82,89,32,21,,,1,,3,13,5,4,,,32,,,,66,,,,1,10,4,,,,244,,,,,,,,,,,,,,2922
365545,"Kerry, Co. Kerry, Ireland","Co. Kerry, Ireland",Ireland,52.3167,-9.75,land,inland,2024-09-20,"Carrahane road - An Taisce",1,,1,4.40,0.93,0.00,1,2,1,,1,1,,,3,2,,,3,,2,4,,5,,6,,,2,,1,2,,2,,,,,,,,,,,,,,,,,4,,,,,,,,,,,,,,41
365546,"Kerry, Co. Kerry, Ireland","Co. Kerry, Ireland",Ireland,52.2667,-10.0333,land,inland,2024-09-20,"Castlegregory Beach - An Taisce",7,,7,17.60,2.49,0.00,2,,2,10,7,7,,,,6,,4,,,,6,1,,,2,,,,,,9,2,3,,,,,,,3,,,14,,1,,,,,16,,,,,,,,,,,,,,93
365547,"Allaghee More, Allagheemore, Co. Kerry, Ireland",,Ireland,51.7667,-10.4,land,inland,2024-09-20,"Coast and Cliff beach, near Skelligs Hotel. - An Taisce",3,46,49,17.60,0.00,0.00,,,6,1,10,2,,3,30,22,,,2,2,2,19,3,,2,137,,,1,1,,18,7,6,,,,,,,,,,,,,,,,,172,,,,,,,,,,,,,,446
365548,"Kerry, Co. Kerry, Ireland","Co. Kerry, Ireland",Ireland,52.2667,-9.7167,land,inland,2024-09-20,"Cockelshell Beach - An Taisce",10,2,12,110.00,1.24,0.00,8,,20,,50,,,,60,10,,,,,,,,50,5,8,,,2,,,10,,,,,,,,,2,,,,,,,,,,500,,,,,,,,,,,,,,717
365549,"Kerry, Co. Kerry, Ireland","Co. Kerry, Ireland",Ireland,52.2667,-9.7167,land,inland,2024-09-20,"Cockleshell Beach, Tralee Bay - An Taisce",82,,82,165.00,0.47,0.00,12,5,82,5,17,6,,4,38,12,,,1,2,5,125,6,24,8,42,,1,29,,,105,7,11,,,,,,,4,,,,10,24,5,,,16,472,,,,,,,,,,,,,,1066
365550,"County Donegal, Co. Donegal, Ireland","Co. Donegal, Ireland",Ireland,55.2833,-7.1667,land,saltwater,2024-09-21,"Culldaff - An Taisce",6,,6,26.40,0.62,0.00,2,,2,1,5,3,,,3,2,,,,,5,,,3,2,2,,,3,1,,,3,4,,,,,,2,8,,,,,,,,,,5,,,,,,,,,,,,,,54
365551,"Dublin City, Co. Dublin, Ireland","Co. Dublin, Ireland",Ireland,53.32737946,-6.208243397,land,inland,2024-09-20,"DHL Express - An Taisce",6,,6,17.60,0.00,0.00,2,3,,,2,,,,8,37,,,,,,6,4,20,,,,,,,,21,,,,,,,,,8,,,,,,,,,1,14,,,,,,,,,,,,,,124
365552,"Dublin, Ireland","Co. Dublin, Ireland",Ireland,53.3667,-6.1333,land,inland,2024-09-20,"Dollymount Beach Raheny end - An Taisce",1,1,2,8.80,0.39,0.00,1,1,4,4,,,,1,6,8,,1,1,,1,12,2,,4,1,,,,,,,,2,,2,,,,,4,,,1,,,,,,,25,,,,,,,,,,,,,,80
365553,"Aughness, Aughness South, Co. Mayo, Ireland",,Ireland,54.0833,-9.8833,land,inland,2024-09-20,"Doohoma Beach - An Taisce",2,,2,176.00,1.86,0.00,30,,,,,,,,,22,,,,,,,,,,100,,,,,,,,,,,,,,,,,,,,,,,,,,,,,,,,,,,,,,,122
365554,"Mayo, Co. Mayo, Ireland","Co. Mayo, Ireland",Ireland,53.8333,-9.6333,land,inland,2024-09-20,"Doughbeg Beach - An Taisce",16,2,18,220.00,0.62,0.00,14,2,3,,4,6,,,,,,2,2,,,,,,4,100,,,5,,1,1,,3,,,,,,,1,,,,,,,,,,33,,,,,,,,,,,,,,167
365555,"Clare, Co. Clare, Ireland","Co. Clare, Ireland",Ireland,52.9333,-9.0667,land,inland,2024-09-20,"Dromore wood - An Taisce",1,,1,41.80,2.49,0.00,6,,4,3,8,7,,,4,3,,,,1,5,10,,,,17,,,1,,,,,,,,,,,,,,,,,,,,,,26,,,,,,,,,,,,,,89
365556,"Duncannon, PA 17020, USA",,Ireland,52.2167,-6.9333,land,inland,2024-09-20,"Duncannon - An Taisce",1,1,2,6.60,3.73,0.00,4,,,,4,2,,,9,10,,,6,,,6,,2,,17,,,,,,,,,,,,,,,,,,,,,,,,,4,,,,,,,,,,,,,,60
365557,"Kilkilloge, Mullaghmore, Co. Sligo, Ireland",,Ireland,54.5167,-8.4333,land,inland,2024-09-20,"Dunmore Strand - An Taisce",2,1,3,4.40,1.55,0.00,3,,,1,,,,9,1,14,,,,,,2,,,,22,,,,1,,3,,,,,,,,,2,,,,,,,,,,49,,,,,,,,,,,,,,104
365558,"Rerrin, Co. Cork, Ireland",,Ireland,51.6,-9.8333,land,inland,2024-09-20,"Durras Strand - An Taisce",4,26,30,44.00,1.86,0.00,8,21,44,2,15,7,,1,28,5,2,4,6,6,4,83,17,1,2,145,,,2,,,93,11,13,,,,,,,17,,,,1,5,,,8,5,67,,,,,,,,,,,,,,615
365559,"Sligo, Co. Sligo, Ireland","Co. Sligo, Ireland",Ireland,54.2833,-8.9667,land,inland,2024-09-20,"Easkey Coast Line - An Taisce",14,2,16,33.00,3.11,0.00,3,,4,,10,2,,,4,,,,,,3,,2,,,16,,,,,,,2,,,,,,,,20,,,,,,,,,,29,,,,,,,,,,,,,,92
365560,"Ferrybank North, Ferrybank, Co. Wexford, Ireland",,Ireland,52.34832946,-6.456872159,land,inland,2024-09-20,"Ferrybank to Kaats Strand   - An Taisce",4,16,20,46.20,2.40,0.00,3,17,12,4,48,25,,30,36,50,,17,,,1,200,48,5,3,8,,,,,,,,,,2,,,,,12,,,,,2,,,,,,,,,,,,,,,,,,,520
365561,"Ardnahinch, Ardnahinch Bay, Co. Cork, Ireland",,Ireland,51.85,-7.9833,land,inland,2024-09-20,"Garryvoe Beach - An Taisce",2,2,4,2.20,0.62,0.00,1,,3,,1,1,,2,1,15,,,,,2,15,,1,,,,,1,,,,,1,,,,,,,8,,,,,,,,,,12,,,,,,,,,,,,,,63
365562,"Meath, Co. Meath, Ireland","Co. Meath, Ireland",Ireland,53.65,-6.2333,land,inland,2024-09-20,"Gormanston Beach - An Taisce",2,,2,11.00,0.93,0.00,2,,15,1,16,12,,,11,4,,,,,,,1,,1,9,,,,1,,4,1,1,,1,,,,,1,1,4,,,,,3,,,67,,,,,,,,,,,,,,154
365563,"Wicklow, Co. Wicklow, Ireland","Co. Wicklow, Ireland",Ireland,53.14,-6.0633,land,inland,2024-09-20,"Greystones South Beach - An Taisce",25,1,26,50.60,0.81,0.00,3,1,8,1,11,12,,3,11,15,,3,,,,11,,,4,,,,,,1,10,,,,12,4,,,,13,,,,,,2,,,,16,,,,,,,,,,,,,,138
365564,"Dublin, Ireland","Co. Dublin, Ireland",Ireland,53.3897,-6.0658,land,inland,2024-09-20,"Howth Claremont Beach - An Taisce",5,,5,33.00,0.00,0.00,6,1,,,12,6,,,38,10,,,,1,2,59,101,12,13,79,,,,,,2,,,,,,,,,,,,,,32,,,,2,242,,,,,,,,,,,,,,612
365565,"County Donegal, Co. Donegal, Ireland","Co. Donegal, Ireland",Ireland,55.1833,-7.9667,land,inland,2024-09-20,"Killahoey Beach - An Taisce",2,,2,22.00,0.62,0.00,1,,13,5,,2,,1,8,14,,,,,,16,2,,,,,,1,,,,,,,,,,,,11,,,,,,,,,,29,,,,,,,,,,,,,,102
365566,"County Donegal, Co. Donegal, Ireland","Co. Donegal, Ireland",Ireland,55.1833,-7.9667,land,inland,2024-09-20,"Killahoey Beach, - An Taisce",18,1,19,154.00,0.81,0.00,11,25,24,8,13,10,,4,16,38,,17,4,4,4,47,4,4,1,20,,,1,1,,25,,1,,12,,,,,2,,,,1,,2,,3,,82,,,,,,,,,,,,,,373
365567,"Dun Laoghaire-Rathdown, Co. Dublin, Ireland","Co. Dublin, Ireland",Ireland,53.255,-6.115,land,inland,2024-09-20,"Killiney Beach - An Taisce",3,1,4,4.40,1.86,0.00,1,1,,1,3,2,,2,2,3,,,1,1,1,2,,5,3,13,,,11,,,,,2,,,,,,,13,,,,,5,,,,,1,,,,,,,,,,,,,,72
365568,"Lahinch, Co. Clare, Ireland",,Ireland,52.9333,-9.35,land,inland,2024-09-20,"Lahinch beach by Banner Gleo and the West Coast Surf Club - An Taisce",15,40,55,145.20,1.24,0.00,30,4,6,16,35,45,,40,26,50,6,46,36,30,20,35,22,36,10,7,,,1,,,,29,,,,,,,,5,,,,2,11,3,,,10,80,,,,,,,,,,,,,,611
365569,"Westmeath, Co. Westmeath, Ireland","Co. Westmeath, Ireland",Ireland,53.5333,-7.4,land,inland,2024-09-20,"Lilliput - An Taisce",6,,6,37.40,1.86,0.00,5,,1,1,26,12,,,30,23,8,2,5,,4,12,6,11,4,1,,,,,,,2,,,,,,,,7,,,,2,2,8,,,,38,,,,,,,,,,,,,,205
365570,"Lissadill, Lissadell, Co. Sligo, Ireland",,Ireland,54.3333,-8.5833,land,inland,2024-09-20,"Lissadel - An Taisce",5,3,8,176.00,1.24,0.00,4,,8,,,7,,15,,3,7,,6,,2,35,2,2,6,32,,,12,,,8,,2,,,,,,,,,,,,,,,,,64,,,,,,,,,,,,,,211
365571,"County Donegal, Co. Donegal, Ireland","Co. Donegal, Ireland",Ireland,54.65,-8.2833,land,inland,2024-09-20,"Magherabeg Cut - An Taisce",2,2,4,17.60,0.62,0.00,1,,1,,5,,,1,20,2,,,,,,2,3,2,3,250,,,,,,,,,,1,,,,,,,,,,,,,,,,,,,,,,,,,,,,,290
365572,"County Donegal, Co. Donegal, Ireland","Co. Donegal, Ireland",Ireland,54.65,-8.2834,land,inland,2024-09-20,"Maherabeg Cut - An Taisce",3,,3,15.40,0.62,0.00,1,,,,10,,,,,3,,,,15,1,5,,,,52,,,,,,9,,2,,,,,,,1,,,,,,,,,,8,,,,,,,,,,,,,,106
365573,"County Donegal, Co. Donegal, Ireland","Co. Donegal, Ireland",Ireland,54.65,-8.2833,land,inland,2024-09-20,"Maherabeg Cut - An Taisce",2,,2,33.00,0.62,0.00,2,,,1,5,,,,9,,,,,,,16,,,2,760,,,,,,1,,,,,,,,,1,,,,,,,,,,,,,,,,,,,,,,,,795
365574,"County Donegal, Co. Donegal, Ireland","Co. Donegal, Ireland",Ireland,54.65,-8.2834,land,inland,2024-09-20,"Maherabeg Cut - Grotto - An Taisce",1,,1,17.60,0.62,0.00,1,,,4,1,1,,1,5,,,,,,,,,,,10,,,3,2,,2,,,,,,,,,,,,,,,,,,,13,,,,,,,,,,,,,,42
365575,"Wicklow, Ireland",,Ireland,52.98996176,-6.045839986,land,inland,2024-09-19,"Majors Cove, Wicklow Town  - An Taisce",8,,8,26.40,1.24,0.00,3,2,33,2,10,2,,3,5,150,,1,4,,,25,,3,3,6,,,1,,,,3,,,4,,,1,,4,,,,,,,,,,,,,,,,,,,,,,,,262
365576,"Fingal, Co. Dublin, Ireland","Co. Dublin, Ireland",Ireland,53.45,-6.15,land,inland,2024-09-20,"Malahide Beach - An Taisce",8,25,33,44.00,1.24,0.00,3,3,6,27,6,13,,17,15,60,,,,,6,30,8,4,3,4,,,10,,1,3,65,3,,,,,,,8,,,,,,1,,,,45,,,,,,,,,,,,,,338
365577,"County Donegal, Co. Donegal, Ireland","Co. Donegal, Ireland",Ireland,55.1833,-7.8167,land,inland,2024-09-20,"Marble Hill - An Taisce",7,3,10,4.40,0.62,0.00,1,5,1,1,5,1,,1,1,5,,1,1,1,2,3,1,1,1,9,,,,,,,,,,,,,,,,,,,,,,,,,11,,,,,,,,,,,,,,51
365578,"Dublin, Ireland","Co. Dublin, Ireland",Ireland,53.37,-6.14,land,saltwater,2024-09-24,"Nestle CSR Bull Island - An Taisce",45,,45,66.00,1.24,0.00,15,97,125,140,181,195,99,71,141,857,203,48,99,59,73,660,85,76,66,,,,,,,,,,,,,,,,,,,,,,,,,,,,,,,,,,,,,,,,3275
365579,"Nohoval, Co. Cork, Ireland",,Ireland,51.7,-8.4,land,inland,2024-09-20,"Oyysterhaven Beach - An Taisce",4,1,5,8.80,0.19,0.00,1,,,,,,,,10,19,,,,,,15,,,,13,,,,,,,,11,,,,,,,1,,,,,,1,,,,35,,,,,,,,,,,,,,105
365580,"Rathpoleen, Crosspatrick, Co. Kilkenny, Ireland",,Ireland,53.2544,-9.9717,land,inland,2024-09-20,"Park East Beach, Derryloughaun West, Irska - An Taisce",2,1,3,70.40,0.04,0.00,2,1,1,,11,1,,,147,,,,,1,,9,25,10,3,378,,,4,1,,58,10,38,,,,,,,,,,,,,,,,2,456,,,,,,,,,,,,,,1156
365581,"County Donegal, Co. Donegal, Ireland","Co. Donegal, Ireland",Ireland,54.74982508,-8.702713452,land,inland,2024-09-20,"Port - An Taisce",2,,2,33.00,0.50,0.00,8,5,6,2,12,4,,1,10,,,,,2,,5,1,,1,22,,,3,,1,2,1,5,,,,,,,,,,,,,,,1,,22,,,,,,,,,,,,,,106
365582,"Fingal, Co. Dublin, Ireland","Co. Dublin, Ireland",Ireland,53.4214,-6.1256,land,inland,2024-09-20,"Portmarnock - An Taisce",4,,4,22.00,3.11,0.00,2,,1,,1,,,5,,15,,3,,20,6,30,8,,,8,,1,1,,1,,,1,,,,,,,10,,,,,10,,,,,52,,,,,,,,,,,,,,173
365583,"Wexford, Co. Wexford, Ireland","Co. Wexford, Ireland",Ireland,52.33565694,-6.465041604,land,inland,2024-09-20,"Presentation Secondary School - An Taisce",40,,40,17.60,0.00,0.00,1,,2,1,6,,,,6,42,,2,1,,,52,6,7,2,,,,,,,,,,,,,,,,10,,,,,,,,,,111,,,,,,,,,,,,,,248
365584,"Ballynakilly, Benault, Co. Donegal, Ireland",,Ireland,55.0667,-7.5333,land,inland,2024-09-20,"Rathmullan Beach - An Taisce",10,27,37,169.40,0.00,0.00,1,2,4,10,8,13,,4,6,45,,4,7,5,4,32,3,5,6,13,,,2,2,,,,,,,,,,,7,,,,,3,,,,,25,,,,,,,,,,,,,,210
365585,"Wexford, Co. Wexford, Ireland","Co. Wexford, Ireland",Ireland,52.255,-6.3853,land,inland,2024-09-20,"Rosslare Strand - An Taisce",9,,9,132.00,0.00,0.00,10,,,10,2,2,,,,20,,4,,10,10,10,10,,,,,,,1,,7,,,,,,,,,3,,,,,,,,,,,,,,,,,,,,,,,,89
365586,"Wexford, Co. Wexford, Ireland","Co. Wexford, Ireland",Ireland,52.28200471,-6.390393939,land,inland,2024-09-20,"Rylan Wood - An Taisce",8,,8,35.20,0.62,0.00,2,,,4,15,13,,4,1,17,,9,,3,9,7,3,2,6,,,,,,1,2,,,,,,,,,14,,,,,,,,,,,,,,,,,,,,,,,,110
365587,"Louth, Co. Louth, Ireland","Co. Louth, Ireland",Ireland,53.8531,-6.3131,land,inland,2024-09-20,"Salterstown beach - An Taisce",2,,2,11.00,1.86,0.00,3,2,1,1,10,10,,1,2,1,1,,1,,2,16,3,2,3,16,,,1,,1,10,1,4,,,,,,,8,,,,,,,,,,5,,,,,,,,,,,,,,102
365588,"Galway City, Galway, Ireland","Co. Galway, Ireland",Ireland,53.2612,-9.0828,land,inland,2024-09-20,"Salthill - An Taisce",6,41,47,57.20,0.93,0.00,15,3,,3,40,18,,,5,50,,6,4,2,6,15,,40,10,35,,,10,1,,4,30,,,,,,,,2,,,,,,,,,,110,,,,,,,,,,,,,,394
365589,"Dublin, Ireland","Co. Dublin, Ireland",Ireland,53.32421707,-6.206167191,land,inland,2024-09-20,"Sandyford Beach - An Taisce",65,,65,110.00,0.93,0.00,8,6,5,11,17,11,,8,9,130,,4,3,,5,72,4,9,4,,,,5,,1,8,,3,,,,,,,8,,,,,,,,,,32,,,,,,,,,,,,,,355
365590,"Dublin City, Co. Dublin, Ireland","Co. Dublin, Ireland",Ireland,53.3261,-6.2119,land,inland,2024-09-20,"Sandymount Beach - An Taisce",15,,15,66.00,1.24,0.00,15,9,7,5,12,22,,44,34,25,5,4,6,6,8,31,12,15,7,1,,,,,8,25,18,2,,,,,,,,,,,2,,,,,6,,,,,,,,,,,,,,,314
365591,"Dun Laoghaire-Rathdown, Co. Dublin, Ireland","Co. Dublin, Ireland",Ireland,53.2281,-6.1122,land,inland,2024-09-20,"Shankhill beach - An Taisce",2,3,5,33.00,1.55,0.00,2,2,9,10,4,8,,2,12,30,,,2,,,36,4,,,,,,,,,,,,,,,,,,,,,,,,,,,,12,,,,,,,,,,,,,,131
365592,"Dublin, Ireland","Co. Dublin, Ireland",Ireland,53.3414,-6.1822,land,saltwater,2024-09-21,"Shelley banks CSR - An Taisce",6,,6,35.20,1.24,0.00,4,,2,2,3,3,,1,1,40,1,1,,,,,,,2,1,,,,,,,,,1,,,,,,,,,,,1,3,,1,1,,,,,,,,,,,,,,,64
365593,"Dublin, Ireland","Co. Dublin, Ireland",Ireland,53.3414,-6.1822,land,saltwater,2024-09-21,"Shelley banks CSR - An Taisce",6,,6,17.60,1.24,0.00,3,,2,4,6,3,,6,4,120,,1,3,,2,20,1,,1,,,,,,,,,2,,,,,,3,2,,4,,2,2,,,,,,,,,,,,,,,,,,,188
365594,"Kerry, Co. Kerry, Ireland","Co. Kerry, Ireland",Ireland,51.8333,-9.9,land,inland,2024-09-20,"Sneem Riverbank - An Taisce",7,22,29,35.20,1.24,0.00,2,2,10,21,12,9,,1,9,257,,11,1,,3,67,1,,7,2,,,,,,20,,4,,,,,,,,,,,,,,,,,40,,,,,,,,,,,,,,477
365595,"Galway, Co. Galway, Ireland","Co. Galway, Ireland",Ireland,53.34,-9.8333,land,inland,2024-09-20,"Tidy Towns Leitir Meallain and Baile Na Cille  - An Taisce",2,,2,33.00,0.31,0.00,2,3,1,,,,,4,1,,,,,1,4,8,2,1,4,,,2,,,3,2,3,1,,,,,,2,,,1,,,,,2,,27,,,,,,,,,,,,,,,72
365596,"Wexford, Co. Wexford, Ireland","Co. Wexford, Ireland",Ireland,52.2364,-6.9341,land,inland,2024-09-20,"Tra Mor - An Taisce",2,1,3,6.60,0.62,0.00,4,4,4,12,2,,,10,5,,2,,,2,8,4,1,1,19,,,2,1,,6,,4,,,,,,,7,,,,1,,8,,,,36,,,,,,,,,,,,,,,139
365597,"Fingal, Co. Dublin, Ireland","Co. Dublin, Ireland",Ireland,53.48905253,-6.098358415,land,inland,2024-09-20,"Tykes Quay - An Taisce",11,,11,110.00,1.24,0.00,8,15,11,39,40,,5,18,28,,4,6,,10,53,13,1,1,17,,,2,2,2,14,2,1,,,,,,,4,,,,,,2,,,,1,155,,,,,,,,,,,,,,446
365598,"Kerry, Co. Kerry, Ireland","Co. Kerry, Ireland",Ireland,52.1333,-10.3667,land,inland,2024-09-20,"Ventry Beach and Dunes  - An Taisce",8,,8,154.00,3.73,0.00,10,2,5,,,10,,,50,30,,,,10,10,20,15,,,65,,,,,,,,15,,1,,,,,15,,,,,,,,,,125,,,,,,,,,,,,,,373
365599,"Seafield, Baile An Tsagart, Co. Clare, Ireland",,Ireland,52.8431,-9.559,land,inland,2024-09-20,"Whitestrand Beach - An Taisce",15,,15,220.00,1.55,0.00,30,,,3,50,10,,,100,,,,2,10,,20,5,,2,1102,,,,,1,10,10,100,,,,,,,13,,,,,,,,1,,110,,,,,,,,,,,,,,1549
366871,"County Donegal, Co. Donegal, Ireland","Co. Donegal, Ireland",Ireland,55.19146637,-7.84335151,land,saltwater,2025-04-14,"Donegal Lifeguards",14,,14,80.00,1.80,0.00,,2,2,14,11,9,,3,6,13,1,3,4,21,13,15,9,3,2,37,1,,2,1,,8,,2,,5,,,,14,2,,16,,,,,2,,,33,,,,,,,,,,,,,,254
373071,,,Ireland,55.19289836,-7.84329534,land,saltwater,2025-07-03,"Donegal Lifeguards",12,,12,36.61,0.00,0.00,,1,2,1,3,5,3,1,1,2,,4,2,,1,20,4,1,,6,,,10,,,8,,5,1,2,,,,1,1,1,,1,,,,,,,2,,,,,,,,,,,,,,89
373782,"Donegal, Co. Donegal, Ireland","Co. Donegal, Ireland",Ireland,55.1948628,-7.8369654,land,saltwater,2025-07-14,"Donegal Lifeguards",14,,14,19.33,0.00,0.00,,5,3,7,5,5,6,2,4,8,2,2,2,1,3,4,3,2,4,4,,,2,,2,1,1,1,2,4,2,2,2,4,7,3,1,1,,2,,1,,,4,,,,,,,,,,,,,,114
374434,"Kerry, Co. Kerry, Ireland","Co. Kerry, Ireland",Ireland,52.1544607,-9.5668632,land,saltwater,2025-07-27,"Lyne family",3,,3,4.75,0.00,0.00,,,,,,,,,1,1,,,,,,,,,,3,,,,,,,,,,1,,,2,,,1,,,,,,,,,10,,,,,,,,,,,,,,19
374466,"Clare, Co. Clare, Ireland","Co. Clare, Ireland",Ireland,52.9334534,-9.41287,land,saltwater,2025-07-28,"Lyne family",3,,3,26.06,0.00,0.00,,,1,,16,,,,,,,,,,1,1,1,,,3,,,5,,,,,,,,,,2,,,2,57,,,,,1,,,,,,,,,,,,,,,,,90
375894,"Donegal, Co. Donegal, Ireland","Co. Donegal, Ireland",Ireland,55.1948628,-7.8369654,land,saltwater,2025-08-21,"Donegal Lifeguards",15,,15,46.29,0.00,0.00,3,,,,,,,,,,,,,,,,,,,,,,,,,,,,,,,,,,,,,,,,,,,,,,,,,,,,,,,,,,
376316,"Fingal, Co. Dublin, Ireland","Co. Dublin, Ireland",Ireland,53.578671666667,-6.1227983333333,land,inland,2025-08-25,TOMRA25,1,,1,0.00,0.00,0.00,,,,,,,,,,,,,,,,,,2,,,,,,,,,,,,,,,,,,,,,,,,,,,,,,,,,,,,,,,,,2
376317,"South Dublin, Co. Dublin, Ireland","Co. Dublin, Ireland",Ireland,53.29636176,-6.41673599,land,inland,2025-09-09,TOMRA25,2,,2,19.07,1.70,0.00,,,5,3,,1,1,2,,39,,1,1,,,61,2,,1,,,,3,,,,,,,5,,,,,3,,13,30,,,,,,,,,,,,,,,,,,,,,171
376320,"South Dublin, Co. Dublin, Ireland","Co. Dublin, Ireland",Ireland,53.296189913526,-6.4167575072497,land,inland,2025-09-09,TOMRA25,2,,2,19.37,0.88,0.00,,,3,3,7,5,5,2,2,37,,,1,1,3,14,3,,,,,,3,,,,1,,,,1,,,1,,,15,45,,,,,,,37,,,,,,,,,,,,,,189
376321,"South Dublin, Co. Dublin, Ireland","Co. Dublin, Ireland",Ireland,53.296630373965,-6.416561144576,land,inland,2025-09-09,TOMRA25,2,,2,8.92,2.20,0.00,,,1,,4,13,1,,,3,,15,,1,3,16,4,3,,,,,,,,4,1,,,,,,,,2,,15,34,,,,1,,,7,,,,,,,,,,,,,,128
376322,"South Dublin, Co. Dublin, Ireland","Co. Dublin, Ireland",Ireland,53.29629054663,-6.4168592108877,land,inland,2025-09-09,TOMRA25,2,,2,34.21,1.69,0.00,,3,1,1,9,8,5,2,5,41,2,22,8,5,10,77,20,3,1,,,,9,,,2,2,5,3,1,2,,,1,18,2,1,9,1,2,1,2,,,58,,,,,,,,,,,,,,342
376323,"South Dublin, Co. Dublin, Ireland","Co. Dublin, Ireland",Ireland,53.296401666667,-6.4166733333333,land,inland,2025-09-09,TOMRA25,2,,2,21.91,2.29,0.00,,3,7,5,8,13,2,2,5,2,1,21,6,2,4,55,7,4,,,,,4,,,,1,,,5,3,,,10,8,,4,10,,,,,,,3,,,,,,,,,,,,,,195
376520,"South Dublin, Co. Dublin, Ireland","Co. Dublin, Ireland",Ireland,53.296549443423,-6.4164084765734,land,inland,2025-09-09,TOMRA25,2,,2,27.98,0.04,0.00,,12,9,14,18,20,7,8,5,4,10,6,7,10,7,12,6,9,3,,,,2,,,2,,,1,10,1,,,7,6,2,,4,,,10,,,,,,,,,,,,,,,,,,212
376521,"South Dublin, Co. Dublin, Ireland","Co. Dublin, Ireland",Ireland,53.296535285758,-6.4180374792896,land,inland,2025-09-09,TOMRA25,16,,16,2.71,1.00,0.00,,,1,,,,12,,1,33,,,1,2,,13,,,,,,,,,,3,1,,,1,,1,,,,,9,,,,,,,1,2,,,,,,,,,,,,,,81
377015,"Dublin City, Co. Dublin, Ireland","Co. Dublin, Ireland",Ireland,53.355004579368,-6.1705560180661,land,saltwater,2025-09-19,"Apple Dollymount cleanup",7,,7,63.10,0.02,0.00,,13,3,,1,3,,7,9,109,1,3,4,4,1,40,1,6,,20,,,7,,,1,12,2,1,4,2,,5,,1,2,92,24,,2,,4,2,,228,,,,,,,,,,,,,,614
377030,"Wexford, Co. Wexford, Ireland","Co. Wexford, Ireland",Ireland,52.3881772,-6.3621414,land,saltwater,2025-09-19,Almeida's,2,,2,64.36,0.00,0.00,,4,1,1,1,,1,3,11,3,1,,2,1,,41,1,21,7,29,,,3,1,,,,8,1,,,,,,,7,12,,2,,,,,1,75,,,,,,,,,,,,,,238
377651,,,Ireland,53.3897136,-6.0751883,land,saltwater,2025-09-20,"PTSB Model Risk",3,,3,7.54,0.00,0.00,,1,,2,4,,2,,,9,,,1,,2,4,2,,5,3,,,,,,,,1,,4,,,1,1,1,1,,3,1,,,2,,1,7,,,,,,,,,,,,,,58
379889,"Donegal, Co. Donegal, Ireland","Co. Donegal, Ireland",Ireland,55.05016291,-8.22821263,land,saltwater,2025-09-20,"Falcarragh Clean Coasts",11,,11,22.08,0.00,0.00,,3,4,21,4,2,,,8,3,,,,,,8,1,,,8,,,1,,,,,4,,,,,,,,,,,,,,,,,6,,,,,,,,,,,,,,73
380668,"Wicklow, Co. Wicklow, Ireland","Co. Wicklow, Ireland",Ireland,53.13679,-6.0537726,land,saltwater,2025-09-21,"Greystones Community College",2,,2,0.20,0.00,0.00,,1,,,,,2,,,,,,1,1,,2,,,1,,,,,,,,,,,,,,,,,,,,,,,,,,2,,,,,,,,,,,,,,10
381684,"Wexford, Co. Wexford, Ireland","Co. Wexford, Ireland",Ireland,52.643728797779,-6.240799641295,land,saltwater,2025-09-24,Seco's,3,,3,7.63,0.00,0.00,,1,1,1,1,1,1,1,,1,2,1,1,,1,1,,1,1,1,1,,1,,,,1,,,1,1,,1,1,1,,,1,,,1,1,,,,,,,,,,,,,,,,,28
383496,"Waterford, Co. Waterford, Ireland","Co. Waterford, Ireland",Ireland,51.952329,-7.7734793,land,saltwater,2025-10-05,,2,,2,6.49,0.00,0.00,,1,,5,7,1,,,2,7,2,,,3,,4,,,,2,,,,,,,2,,,1,,,,,,,2,1,,,,,,,13,,,,,,,,,,,,,,53
383501,"Waterford, Co. Waterford, Ireland","Co. Waterford, Ireland",Ireland,51.94216,-7.80365,land,saltwater,2025-10-05,,2,,2,6.33,0.00,0.00,,,,,7,2,1,,2,,,,,2,,,1,,,1,2,,,,,,1,,,,,,1,2,,,1,9,,,,,,,2,,,,,,,,,,,,,,34
384781,"Waterford, Co. Waterford, Ireland","Co. Waterford, Ireland",Ireland,51.952329,-7.7734793,land,saltwater,2025-10-12,,1,,1,2.20,0.00,0.00,1,,,,,,,,,,,,,,,,,,,,,,,,,,,,,,,,,,,,,,,,,,,,,,,,,,,,,,,,,,
385417,"Cork, Co. Cork, Ireland","Co. Cork, Ireland",Ireland,51.9341917,-7.8592868,land,inland,2025-09-20,"Volunteer Cork",2,,2,15.00,0.00,0.00,1,,,,,,,,,,,,,,,,,,,,,,,,,,,,,,,,,,,,,,,,,,,,,,,,,,,,,,,,,,
385838,"Waterford, Co. Waterford, Ireland","Co. Waterford, Ireland",Ireland,51.952329,-7.7734793,land,saltwater,2025-10-28,,1,,1,15.44,0.00,0.00,2,,,,,,,,,,,,,,,,,,,,,,,,,,,,,,,,,,,,,,,,,,,,,,,,,,,,,,,,,,
386778,"Waterford, Co. Waterford, Ireland","Co. Waterford, Ireland",Ireland,51.9510741,-7.725329,land,saltwater,2025-11-09,,1,,1,2.20,0.00,0.00,1,,,,,,,,,,,,,,,,,,,,,,,,,,,,,,,,,,,,,,,,,,,,,,,,,,,,,,,,,,
390597,"Dublin City, Co. Dublin, Ireland","Co. Dublin, Ireland",Ireland,53.344984701835,-6.261255601421,land,saltwater,2026-01-07,vb,5,,5,1.19,0.04,0.00,,2,,2,,2,,,2,,,,,,1,,,,,,,,,,,,,,,,,,,,,,,,,,,,,,,,,,,,,,,,,,,,9
406066,"Galway, Co. Galway, Ireland","Co. Galway, Ireland",Ireland,53.170705,-8.986245,land,saltwater,2026-05-04,"Kinvara earthkeeperd",20,,20,30.00,0.00,0.00,2,,,,,,,,,,,,,,,,,,,,,,,,,,,,,,,,,,,,,,,,,,,,,,,,,,,,,,,,,,
406067,"Galway, Co. Galway, Ireland","Co. Galway, Ireland",Ireland,53.170705,-8.986245,land,saltwater,2026-05-04,"Kinvara earthkeeperd",20,,20,30.00,0.00,0.00,2,,,,,,,,,,,,,,,,,,,,,,,,,,,,,,,,,,,,,,,,,,,,,,,,,,,,,,,,,,
406068,"Galway, Co. Galway, Ireland","Co. Galway, Ireland",Ireland,53.170705,-8.986245,land,saltwater,2026-01-04,"Kinvara earthkeeper",20,,20,30.00,0.00,0.00,4,,,,,,,,,,,,,,,,,,,,,,,,,,,,,,,,,,,,,,,,,,,,,,,,,,,,,,,,,,
Totals:,,,,,,,,,,,,,,,,,2767,2978,4081,10179,8288,565,2884,8937,24092,921,1629,1225,1436,3821,15769,3363,2293,1315,10575,99,48,1308,147,318,2277,980,2108,274,320,525,18,75,1118,1587,319,1407,1341,142,822,200,640,120,303,16980,44,856,180,520,622,223,101,67,27,240,779,1231,5142
