"Cleanup ID",Zone,State,Country,Latitude,Longitude,"Cleanup Type",Environment,"Cleanup Date","Group Name",Adults,Children,People,Pounds,"Distance mi","Area mi","# of bags","Grocery bags (plastic)","Other bags (plastic)","Beverage bottles (glass)","Beverage bottles (plastic)","Beverage cans","Beverage sachets/pouches","Bottle caps (metal)","Bottle caps (plastic)","Cigarette butts","Cups, Plates (foam)","Cups, Plates (paper)","Cups, Plates (plastic)","Food containers (foam)","Food containers (plastic)","Food wrappers (candy, chips, etc.)","Lids (plastic)","Straws/stirrers (plastic)","Utensils (plastic)","Lines, nets, traps, ropes, etc.","Foam dock pieces","Appliances (refrigerators, washers, etc.)","Construction materials",Tires,"6-Pack holders","Foam packaging","Other plastic bottles (oil, bleach, etc.)","Strapping bands",Balloons,Clothing,E-cigarettes,"Electronic waste (phones, batteries)","Footwear (shoes/slippers)","Paper bags","Tobacco products (lighters, cigar tips, wrap)",Toys,"Other plastic waste","Other waste (metal, paper, etc.)",Condoms,"Cotton bud sticks (swabs)",Diapers,"Gloves & masks (PPE)",Syringes,"Tampons & applicators","Plastic/foam pieces","Fishing buoys, pots & traps","Fishing net & pieces","Fishing line (1 yard/meter = 1 piece)","Rope (1 yard/meter = 1 piece)","Other plastic/foam packaging","Tobacco packaging/wrap","Cigar tips","Cigarette lighters",Fireworks,"Other tobacco (packaging, lighter, etc.)","Foam pieces","Glass pieces","Plastic pieces","Total Items Collected"
149783,"Peniche, Portugal","Leiria District, Portugal",Portugal,39.366832733154,-9.3115463256836,land,,2021-01-10,,2,,2,30.00,0.00,0.00,2,,,,,,,,,,,,,,,,,,,,,,,,,,,,,,,,,,,,,,,,,,,,,,,,,,,,,,,,,,
149911,"Peniche, Portugal","Leiria District, Portugal",Portugal,39.364635467529,-9.316162109375,land,,2021-01-12,,1,,1,15.00,0.00,0.00,1,,,,,,,,,,,,,,,,,,,,,,,,,,,,,,,,,,,,,,,,,,,,,,,,,,,,,,,,,,
149912,"Peniche, Portugal","Leiria District, Portugal",Portugal,39.36464,-9.31616,land,,2021-01-12,,1,,1,0.25,0.00,0.00,,,,,5,,,,,,,,,,,,,,,,,,,,,,,,,,,,,,,,,,,,,,,,,,,,,,,,,,,,,,5
150595,"Oeiras, Portugal","Lisbon, Portugal",Portugal,38.70286,-9.29687,land,,2021-01-21,,1,,1,2.37,0.00,0.00,,,,,,,,,,,,,,,2,,,,,,,,,,,,,,,,,,,,,4,,,,,,,,,,,,,,,,,,,,,,,9
151173,"Cascais, Portugal","Lisbon, Portugal",Portugal,38.684028625488,-9.3297939300537,land,,2021-01-24,"My Photo Print",3,,3,2.00,0.00,0.00,1,,,,,,,,,,,,,,,,,,,,,,,,,,,,,,,,,,,,,,,,,,,,,,,,,,,,,,,,,,
154751,"Vila Nova de Gaia, Portugal","Porto District, Portugal",Portugal,41.12861,-8.64547,land,,2021-02-13,,1,,1,0.10,0.00,0.00,,,,,,,,,,4,,,,,,,,,,,,,,,,,,,,,,,,,,,,,,,,,,,,,,,,,,,,,,,,,5
155006,"Cascais, Portugal","Lisbon, Portugal",Portugal,38.68608,-9.32961,land,,2021-02-21,,1,,1,0.14,0.01,0.00,,1,,,2,,,,3,,,,,,,,2,2,,,,,,,,,,,,,,,,,,,,,,,,,,,,,,,,,,,,,,,,,10
168831,,,Portugal,38.68064,-9.33912,land,,2021-05-02,,6,,6,19.48,1.14,0.00,,7,,,,,5,,23,93,,,,1,3,28,2,5,68,,,,,,,,,3,,,,,,,,5,,,,,,1,,,,,,,,,,,,,1,,,409,725
169291,"Cascais, Portugal","Lisbon, Portugal",Portugal,38.68024,-9.33623,land,,2021-05-02,,6,,6,0.55,0.02,0.00,,,,,,,,,3,,,,,,,1,,,,,,,,,,,,,,,,,,,,,,,,,,,,,,,,,,,,,,,,,,,5
169483,"Cascais, Portugal","Lisbon, Portugal",Portugal,38.67703,-9.3293,land,,2021-05-07,,4,,4,10.43,0.36,0.00,,1,,1,,1,,9,7,164,,,,,1,2,13,,2,,,,,,,,,3,,,2,,,,,1,,,,,,1,,,,,,,,,,,,,1,,,52,296
170326,"Cascais, Portugal","Lisbon, Portugal",Portugal,38.68749,-9.35944,land,,2021-05-16,,6,,6,11.01,0.36,0.00,,1,,9,,,1,1,12,128,,,,,1,18,,2,1,,,,,,,,,,1,,,,,,,1,,,,,,2,,,,,,,,,,,,,,,,124,315
175116,"Oeiras, Portugal","Lisbon, Portugal",Portugal,38.68529,-9.31457,land,,2021-07-03,Matas,1,,1,0.86,0.03,0.00,,,,,,,,2,,35,,,,,,,,,,,,,,,,,,,,,,,,,,,,,,,,1,,,,,,,,,,,,,,,,1,41
175439,"Cascais, Portugal","Lisbon, Portugal",Portugal,38.68097,-9.33926,land,,2021-07-07,,5,,5,6.97,0.32,0.00,,,,,,,,,16,95,,,,,6,17,,2,32,,,,,,,,,,,,,,,,,3,,,,,,1,,,,,,,,,,,,,,,,113,300
176209,"Portimão, 8500, Portugal","Faro District, Portugal",Portugal,37.1366954,-8.5394273,land,,2021-07-16,,2,,2,0.01,0.00,0.00,,,,,,,,,,,,,,,,,,,,,,,,,,,,,,,,,,,,,,,,,,,,,,,,,,,,,,,,,,,
177944,"Viana do Castelo, Portugal","Viana do Castelo District, Portugal",Portugal,41.77859062822,-8.8710573742431,land,,2021-06-21,"Sailors for the Sea Portugal | Reciclar é a Nossa Praia",4,40,44,50.71,3.11,0.00,,,,,,,,,,22,,,,,,,,,,,,,,,,,,,,,,,,,,,,,,,,5,,,,,,,33,11,,,,,1,,,,72
177952,"Cascais, Portugal","Lisbon, Portugal",Portugal,38.6947317,-9.3597413,land,,2021-08-04,,1,,1,17.00,0.00,0.00,3,,,,,,,,,,,,,,,,,,,,,,,,,,,,,,,,,,,,,,,,,,,,,,,,,,,,,,,,,,
178205,"Cascais, Portugal","Lisbon, Portugal",Portugal,38.69543,-9.34886,land,,2021-08-04,,1,,1,0.01,0.01,0.00,3,,,,,,,,,,,,,,,,,,,,,,,,,,,,,,,,,,,,,,,,,,,,,,,,,,,,,,,,,,
178380,"Loulé, Portugal","Faro District, Portugal",Portugal,37.10859,-8.08673,land,,2021-08-10,,1,,1,0.01,0.01,0.00,,,,,,,,,,1,,,,,,,,,,,,,,,,,,,,,,,,,,,,,,,,,,,,,,,,,,,,,,,,,1
181043,"Cascais, Portugal","Lisbon, Portugal",Portugal,38.68101,-9.33915,land,,2021-09-04,,6,,6,7.83,0.02,0.00,,2,,,,,4,2,12,99,,,,,,21,,90,1,,,,,,,,,,,,,,,,,1,,,,,,1,,,,,,,,,,,,,,,,238,497
181917,"Coimbra, Portugal","Coimbra District, Portugal",Portugal,40.17977,-8.41905,land,,2021-09-10,"Equinix Community Cleanup",1,,1,7.09,0.02,0.00,,3,,3,2,,17,26,,111,,,,,3,7,,5,1,,,,,,,,,5,,,,,,,,,,,,,,4,,,,,,,,,,,,,5,,,,224
182432,"Cascais, Portugal","Lisbon, Portugal",Portugal,38.68071,-9.33863,land,,2021-09-12,,6,,6,17.73,0.00,0.00,,1,,,2,2,,1,10,250,,,1,,,21,2,17,3,,,,,,,,,,,,,,,,,4,,,,,,1,,,,,,,,,,,,,,,,353,730
183061,"Cascais, Portugal","Lisbon, Portugal",Portugal,38.6851,-9.33627,land,,2021-09-14,"Yihao, João, Pedro Silva",3,,3,1.68,0.02,0.00,,2,,,1,,,,,46,,,,,,6,,,,,,,,,,,,,,,12,,,,,,,,,,,2,,,,,,,,,,,,,4,,,9,88
184444,"Cascais, Portugal","Lisbon, Portugal",Portugal,38.69548,-9.44923,land,,2021-09-18,"Sailors for the Sea Portugal",24,,24,44.08,0.34,0.00,,27,,56,24,16,,7,7,221,,,4,7,12,30,1,3,3,,,,9,,,,,,,,,,,,,,,,,,,7,,,,,,,,,,,,,8,,,41,494
189396,"Figueira da Foz, Portugal","Coimbra District, Portugal",Portugal,40.165565490723,-8.8496046066284,land,,2021-09-19,"Bom Sucesso - Figueira do Futuro",22,,22,218.00,0.00,0.00,22,,,,,,,,,,,,,,,,,,,,,,,,,,,,,,,,,,,,,,,,,,,,,,,,,,,,,,,,,,
189417,"Figueira da Foz, Portugal","Coimbra District, Portugal",Portugal,40.2633871,-8.78073,land,,2021-09-19,"Bom Sucesso - Figueira do Futuro",22,,22,216.00,0.00,0.00,21,,,,,,,,,,,,,,,,,,,,,,,,,,,,,,,,,,,,,,,,,,,,,,,,,,,,,,,,,,
189443,"Sesimbra, Portugal","Setubal, Portugal",Portugal,38.56454,-9.03967,land,,2021-09-20,,2,,2,20.00,0.01,0.00,,10,,27,4,20,3,13,34,462,,,3,4,1,6,6,6,10,,,,9,,,,,2,,,,,,,,1,,,,,,31,,,,,,,,,,,,,3,,,1,668
190278,"Cascais, Portugal","Lisbon, Portugal",Portugal,38.69544,-9.44972,land,,2021-09-18,"Sailors of the Sea",1,,1,1.09,0.00,0.00,,,,2,1,,,,,,,,,,,,,,,,,,,,,,,,,,,,,,,,,,,,,,,,,,,,,,,,,,,,,2,6
192443,"Cascais, Portugal","Lisbon, Portugal",Portugal,38.7218,-9.47816,land,,2021-09-23,Gaivota,2,,2,0.01,0.01,0.00,,,,,,,,,,,,,,,,,,,,,,,,,,,,,,,,,,,,,,,,,,,,,,,,,,,,,,,,,,,
192448,"Matosinhos, Portugal","Porto District, Portugal",Portugal,41.20821,-8.71559,land,,2021-09-23,"Sailors for the sea",3,,3,10.08,0.33,0.00,,4,,,,,,4,1,27,,,,,2,,,5,2,,,,,,,,,3,,,2,,,,,,,,,,,2,,,,,,,,,,,,,2,,,19,95
192452,"Matosinhos, Portugal","Porto District, Portugal",Portugal,41.20853,-8.71536,land,,2021-09-23,"Sailors for the sea",13,,13,7.36,0.24,0.00,,1,,1,1,,,,3,30,,,,,1,15,,1,,,,,,,,,,8,,,,,,,,,,,,,,,,,,,,,,,,,,,,,,13,75
192453,"Matosinhos, Portugal","Porto District, Portugal",Portugal,41.20809,-8.71559,land,,2021-09-23,"Sailors for the sea",9,,9,0.13,0.00,0.00,,,,,,,,,,20,,,,,,,,,,,,,,,,,,,,,,,,,,,,,,,,,,,,,,,,,,,,,,,,1,21
192457,"Matosinhos, Portugal","Porto District, Portugal",Portugal,41.20806,-8.71559,land,,2021-09-23,"Sailors for the Sea Portugal",,,,1.00,0.00,0.00,,13,,,,1,,,,43,,,,,,,,,,,,,,,,,,,,,,,,,,1,,,,,,,,,,,,,,,,,,,,,,,58
192470,"Matosinhos, Portugal","Porto District, Portugal",Portugal,41.20721,-8.71615,land,,2021-09-23,"sailors for the sea",11,,11,1.27,0.24,0.00,,,,,1,,,,,23,,,,,4,,,4,,,,,,,,,,,,,,,,,,,,,,,,,,,,,,,,,,,,,,,,,39
192479,"Cascais, Portugal","Lisbon, Portugal",Portugal,38.73182,-9.47,land,,2021-09-23,"Sailors for the see Portugal",25,,25,79.48,0.86,0.00,,18,,19,24,12,,36,11,51,,,4,4,2,,,,5,,,,,3,,,,2,,,,,,,,1,,,,,,5,,,,,,,,,,,,,5,,,31,284
192480,"Cascais, Portugal","Lisbon, Portugal",Portugal,38.73028,-9.47383,land,,2021-09-23,"Sailors for the see Portugal",30,,30,61.73,0.01,0.00,,26,,16,14,20,,32,18,40,,,10,,,,,,,,,,,14,,,,,,,,,,,,5,,,,,,5,,,,,,,,,,,,,9,,,38,265
192481,"Cascais, Portugal","Lisbon, Portugal",Portugal,38.7245,-9.47545,land,,2021-09-23,"Sailors for the sea",22,,22,41.38,0.03,0.00,,1,,3,5,2,2,15,1,642,,,,,5,1,,3,,,,,21,,,,,,,,,,,,,,,,,,,9,,,,,,,,,,,,,4,,,155,1000
192483,"Cascais, Portugal","Lisbon, Portugal",Portugal,38.73068,-9.46876,land,,2021-09-23,"Sailors For the Sea",20,,20,17.64,1.23,0.00,,2,,19,24,6,,2,13,273,,,6,,3,10,,1,,,,,3,14,,,,,,,4,,,,,,,,,,,17,,,,,,,,,,,,,18,,,58,543
192490,"Cascais, Portugal","Lisbon, Portugal",Portugal,38.72527,-9.47461,land,,2021-09-23,22,1,,1,28.60,0.12,0.00,,5,,1,5,,1,3,10,78,,,4,,3,5,4,4,8,,,,11,,,,,3,,,,,,,,2,,,,,,9,,,,,,,,,,,,,,,,6,199
192511,"Cascais, Portugal","Lisbon, Portugal",Portugal,38.72473,-9.47491,land,,2021-09-23,"Saí-lhes for the sea",24,,24,21.22,0.13,0.00,,9,,14,,,,6,2,22,,,3,2,,16,,,,,,,13,,,,,,,,,,,,,2,,,,,,13,,,,,,,,,,,,,3,,,23,133
192757,"Loures, Portugal","Lisbon, Portugal",Portugal,38.8057,-9.10286,land,,2021-09-24,Equinix/EWLN,1,,1,0.01,0.13,0.00,,,,,,,,,,,,,,,,,,,,,,,,,,,,,,,,,,,,,,,,,,,,,,,,,,,,,,,,,,,
193696,"Cascais, Portugal","Lisbon, Portugal",Portugal,38.7218,-9.47819,land,,2021-09-23,"Gaivotas (PTs)",4,,4,16.57,0.00,0.00,,5,,7,1,,,,4,,,,,2,,1,,,,,,,12,,,,,,,,,,,,,,,,,,,15,,,,,,,,,,,,,5,,,27,95
193697,"Cascais, Portugal","Lisbon, Portugal",Portugal,38.72528,-9.47439,land,,2021-09-23,,2,,2,2.25,0.49,0.00,,13,,,,,2,,2,,,,3,,,,,,1,,,,,,,,,,,,,,,,,,,,,,,,,,,,,,,,,,,,,,,66,99
193698,"Cascais, Portugal","Lisbon, Portugal",Portugal,38.73131,-9.46925,land,,2021-09-23,"Sailors for the sea Portugal",30,,30,8.53,0.31,0.00,,,,7,4,2,,3,,26,,,,1,4,,,,,,,,1,,,,,1,,,1,,,,,3,,,,,,1,,,,,,,,,,,,,,,,15,88
193699,"Cascais, Portugal","Lisbon, Portugal",Portugal,38.7247,-9.47401,land,,2021-09-23,"Sailors for the Sea Portugal",24,,24,36.82,0.06,0.00,,,,15,,7,,4,2,89,,,4,4,,12,,,,,,,28,,,,,,,,,,,,,,,,,,,32,,,,,,,,,,,,,3,,,62,287
193705,"Almada, Portugal","Setubal, Portugal",Portugal,38.67219,-9.23321,land,,2021-09-23,,1,,1,0.01,0.00,0.00,,,,,,,,,,,,,,,,,,,,,,,,,,,,,,,,,,,,,,,,,,,,,,,,,,,,,,,,,,,
193747,"Cascais, Portugal","Lisbon, Portugal",Portugal,38.693470814773,-9.4167158451406,underwater,,2021-09-18,"Sailors for the Sea Portugal, Movimento Claro, Cascais Ambiente, Clube Naval de Cascais",28,2,30,374.79,1.24,0.00,,,10,27,11,62,,,5,1,,1,2,,,,4,,2,,,,2,4,5,,,,,,,,,,,2,,,,,,9,,3,,16,7,,15,21,,,1,,1,2,5,31,249
194824,"Cascais, Portugal","Lisbon, Portugal",Portugal,38.7222,-9.47798,land,,2021-09-30,"Sailors for the sea",120,,120,623.91,0.04,0.00,,,,,,,,,,1,,,,,,,,,,,,,,,,,,,,,,,,,,,,,,,,,,,,,,,,,,,,,,,,,1
194856,"Cascais, Portugal","Lisbon, Portugal",Portugal,38.73224,-9.46795,land,,2021-09-30,"Sailors for the sea",30,,30,9.31,0.57,0.00,,1,,10,2,4,1,6,1,6,,,,,1,5,,1,,,,,,,,,,,,,,,,,,,,,,,,,,,,,,,,,,,,,,,,8,77
194865,"Cascais, Portugal","Lisbon, Portugal",Portugal,38.72193,-9.47789,land,,2021-09-30,"Sailors for the sea Portugal",26,,26,14.79,0.00,0.00,,4,,15,13,12,,,,117,,,,1,,2,2,,13,,,,1,,,,,6,,,,,,,,4,,,,,,2,,,,,,,,,,,,,3,,,3,216
194875,"Cascais, Portugal","Lisbon, Portugal",Portugal,38.73606,-9.4708,land,,2021-09-30,"Sailors for the sea",30,,30,2.16,0.09,0.00,,,,,,,,,,156,,,,,,,,,,,,,1,,,,,,,,,,,,,,,,,,,1,,,,,,,,,,,,,,,,,161
195749,"Cascais, Portugal","Lisbon, Portugal",Portugal,38.72191,-9.47791,land,,2021-09-30,"Sailors for the sea Portugal",26,,26,14.29,0.00,0.00,,1,,15,7,12,,,,117,,,,1,,1,2,,13,,,,1,,,,,6,,,,,,,,4,,,,,,2,,,,,,,,,,,,,3,,,3,206
195750,"Cascais, Portugal","Lisbon, Portugal",Portugal,38.72213,-9.47792,land,,2021-09-30,26,1,,1,0.85,0.22,0.00,,,,,,,,,,,,,,,,,,,,,,,1,,,,,,,,,,,,,,,,,,,,,,,,,,,,,,,,1,,,,2
195751,"Cascais, Portugal","Lisbon, Portugal",Portugal,38.73184,-9.47015,land,,2021-09-30,"Sailors for the see Portugal",25,,25,6.09,0.12,0.00,,2,,6,3,2,,,6,14,,,3,,,,,,1,,,,,,,,,,,,,,,,,,,,,,,,,,,,,,,,,,,,,,,13,72
195754,"Cascais, Portugal","Lisbon, Portugal",Portugal,38.73694,-9.4706,land,,2021-09-30,"Sailors for the sea Portugal",22,,22,22.03,0.00,0.00,,12,,15,10,8,1,3,,254,,,15,13,,8,2,,,,,,2,,,,,2,,,1,,,,,,,,,,,34,,,,,,,,,,,,,,,,,401
195897,"Lamego, 5100, Portugal","Viseu District, Portugal",Portugal,41.15528,-7.79865,land,,2021-10-04,Equinix/EWLN,1,,1,0.32,0.00,0.00,,,,,,,,,,53,,,,,,,,,,,,,,,,,,,,,,,,,,,,,,,,,,,,,,,,,,,,,,,,,53
196404,"Cascais, Portugal","Lisbon, Portugal",Portugal,38.68355,-9.3381,land,,2021-10-07,"Yihao Liu, Pedro Silva, Ines Lopes",3,,3,3.41,0.02,0.00,,2,,1,5,4,,,,108,,,,,1,4,,,,,,,,,,,,,,,,,,,,,,,,,,9,,,,,,,,,,,,,,,,1,148
196484,"Loures, Portugal","Lisbon, Portugal",Portugal,38.80572,-9.10274,land,,2021-10-07,Equinix/EWLN,1,,1,0.68,0.01,0.00,,1,,1,1,,,,,,,,,,,,,,,,,,,,,,,,,,,,,,,,,,,,,9,,,,,,,,,,,,,,,,,12
196710,"Lisbon, Portugal","Lisbon, Portugal",Portugal,38.7594102,-9.1960387,land,,2021-10-08,,1,,1,12.00,0.00,0.00,2,,,,,,,,,,,,,,,,,,,,,,,,,,,,,,,,,,,,,,,,,,,,,,,,,,,,,,,,,,
196990,"Loures, Portugal","Lisbon, Portugal",Portugal,38.80571,-9.10276,land,,2021-10-09,Equinix/EWLN,1,,1,9.31,0.00,0.00,,1,,16,3,,,,,,,,5,,,,,6,4,,,,,,,,,,,,,,,,,,,,,,,,,,,,,,,,,,,,,,,,42
199492,"Carcavelos, Portugal",,Portugal,38.68044,-9.33939,land,,2021-10-12,"Cata, Ana, Rita",3,,3,4.16,0.10,0.00,,,,6,2,2,1,2,2,6,,,3,,1,3,,2,3,,,,,,,,,,,,1,,,,,,,,,,,,,,,,,,,,,,,,3,,,4,45
199494,"Cascais, Portugal","Lisbon, Portugal",Portugal,38.68744,-9.33691,land,,2021-10-12,,3,,3,4.35,0.00,0.00,,2,,,5,2,,,1,72,,,,,14,48,,,,,,,,,,,,,,,,,,,,,,,,,,5,,,,,,,,,,,,,1,,,9,169
203260,"Cascais, Portugal","Lisbon, Portugal",Portugal,38.68659,-9.3335,land,,2021-10-26,,3,,3,0.80,0.00,0.00,,4,,,,,,2,,12,,,,,,13,,,,,,,,,,,,,,,,,,,,,,,,,,2,,,,,,,,,,,,,,,,2,37
209018,"Cascais, Portugal","Lisbon, Portugal",Portugal,38.68876,-9.33502,land,,2021-11-30,,3,,3,2.63,0.00,0.00,,6,,2,4,2,,,1,,,,4,,,31,2,,1,,,,,,,,,,,,1,,,,,,,,,,,2,,,,,,,,,,,,,,,,,58
211167,"Cascais, Portugal","Lisbon, Portugal",Portugal,38.68372,-9.33796,land,,2021-12-03,"Yihao Liu, Manoel Beltrão",2,,2,9.04,0.68,0.00,,2,,,5,1,,,2,62,,,,,2,,,,,,,,,,,,,,,,,,,,,,,,,,,5,,,,,,,,,,,,,2,,,2,151
227913,"Lisbon, Portugal","Lisbon, Portugal",Portugal,38.69331,-9.21671,land,,2022-04-03,Salesforce-GSS,1,,1,0.17,0.00,0.00,,,,,1,,,,1,,,,,,,,,,,,,,,,,,,,,,,,,,,,,,,,,,,,,,,,,,,,,,,,,,3
228005,"Lisbon, Portugal","Lisbon, Portugal",Portugal,38.71464,-9.13422,land,,2022-04-04,Salesforce-GSS,1,,1,0.71,0.15,0.00,,,,,,,,2,4,115,,,,,,,,,,,,,,,,,,,,,,,,,,,,,,,,,,,,,,,,,,,,,,,,,121
228179,"Lagos, 8600, Portugal","Faro District, Portugal",Portugal,37.11253,-8.66038,land,,2022-04-06,"Salesforce - GS&S",1,,1,0.44,0.03,0.00,,,,,,,,,,,,,22,,,,,,,,,,,,,,,,,,,,,,,,,,,,,,,,,,,,,,,,,,,,,,22
228782,"Lagos, 8600, Portugal","Faro District, Portugal",Portugal,37.0977051,-8.6815669,land,,2022-04-12,"Salesforce - GS&S",1,,1,1.00,0.00,0.00,,,,,,,,,,,,,,,,,,,,,,,,,,,,,,,,,,,,,,,,,,,,,,,,,,,,,,,,,,,
230409,"Cascais, Portugal","Lisbon, Portugal",Portugal,38.68133,-9.33979,land,,2022-04-26,"The best trio",3,,3,3.43,0.17,0.00,,12,,,,,,2,2,54,,,,2,2,20,1,1,,,,,1,,,,,2,3,,,,,,,,,,,,,1,,,,,,,,,,,,,1,,,6,120
230897,"Portimão, 8500, Portugal","Faro District, Portugal",Portugal,37.15858,-8.56295,land,,2022-05-02,,1,,1,0.08,0.00,0.00,,,,,1,1,,,,,,,,,,,,1,,,,,,,,,,,,,,,,,,,,,,,,,,,,,,,,,,,,,,,,,3
231138,"Tavira, 8800, Portugal","Faro District, Portugal",Portugal,37.12567,-7.64437,land,,2022-05-02,,1,,1,0.01,0.04,0.00,,,,,,,,,,,,,,,,,,,,,,,,,,,,,,,,,,,,,,,,,,,,,,,,,,,,,,,,,,,
231464,"Cascais, Portugal","Lisbon, Portugal",Portugal,38.6879164,-9.3378114,land,,2022-05-12,"o melhor duo",2,,2,0.35,0.00,0.00,,,2,,1,,2,,3,45,,,,,2,3,,2,1,,,,,,,,,,,,,,,,,,,,,,,,,,2,,,,,,,,,,,,,,63
231750,"Lagos, 8600, Portugal","Faro District, Portugal",Portugal,37.1185522,-8.641153,land,,2022-05-17,,1,,1,7.18,0.00,0.00,,1,3,9,5,7,3,,11,1,3,3,2,,,10,9,1,,,,,,,,,,,1,1,,,1,,,1,,1,,,,,,,,,,,,,,,,,,,,,73
232100,"Portimão, 8500, Portugal","Faro District, Portugal",Portugal,37.1446442,-8.5808292,land,,2022-05-22,"saca molas",3,,3,6.58,0.00,0.00,,4,7,2,5,7,9,4,8,5,2,4,4,3,4,,2,11,2,,,,,,2,2,,1,,1,,,2,,1,2,3,,,7,2,6,,2,,,,,,,,,,,,,,,114
232254,"Cascais, Portugal","Lisbon, Portugal",Portugal,38.6835779,-9.33819511,land,,2022-05-24,"o melhor duo",2,,2,0.71,0.40,0.00,,1,4,,1,,1,,,8,,,,,1,5,,,,,,,,,,,1,,,,,,,1,,,,,,,,,,,3,,,,,,,,,,,,,,26
233379,"Aljezur, 8670, Portugal","Faro District, Portugal",Portugal,37.314762,-8.8621869,land,,2022-06-08,"saca molas",1,,1,0.01,0.00,0.00,,,,,,,,,,,,,,,,,,,,,,,,,,,,,,,,,,,,,,,,,,,,,,,,,,,,,,,,,,,
233463,"Lagos, 8600, Portugal","Faro District, Portugal",Portugal,37.1185522,-8.641153,land,,2022-06-09,"saca molas",1,,1,4.40,0.00,0.00,2,,,,,,,,,,,,,,,,,,,,,,,,,,,,,,,,,,,,,,,,,,,,,,,,,,,,,,,,,,
233464,"Lagos, 8600, Portugal","Faro District, Portugal",Portugal,37.1185522,-8.641153,land,,2022-06-09,"saca molas",1,,1,2.20,0.00,0.00,1,,,,,,,,,,,,,,,,,,,,,,,,,,,,,,,,,,,,,,,,,,,,,,,,,,,,,,,,,,
234177,"Portimão, 8500, Portugal","Faro District, Portugal",Portugal,37.120983,-8.5572908,land,,2022-06-20,"saca molas",1,,1,9.92,0.00,0.00,2,,,,,,,,,,,,,,,,,,,,,,,,,,,,,,,,,,,,,,,,,,,,,,,,,,,,,,,,,,
235846,"Lisbon, Portugal","Lisbon, Portugal",Portugal,38.742885702922,-9.1574908866994,land,,2022-07-18,,19,,19,143.30,0.62,0.00,,5,,66,30,19,,41,41,228,5,5,8,5,5,40,41,,5,60,,,5,,,,,,,,,,,6,9,,3,,2,,,,,,432,,,,,,,,,,,,,,1061
235949,"Matosinhos, Portugal","Porto District, Portugal",Portugal,41.189380739979,-8.7053500499447,land,,2022-07-20,"sailors for the sea",130,,130,29.52,0.05,0.00,,1,,,3,,,,42,100,15,,,,,12,,11,,4,,,,,,,2,7,,,,,,,,,,,1,44,,,,,,,,,,,,,,,,,,,242
236043,"Figueira da Foz, Portugal","Coimbra District, Portugal",Portugal,40.152457660543,-8.8681073076992,land,,2022-07-22,"sailors for the sea",77,,77,4.41,0.87,0.00,,3,,5,4,1,1,7,12,323,,,,7,,3,,2,,70,2,,,,,,,1,1,1,,,,,,,5,,,,,1,,,,,,,,,,,,,,,,,449
236063,"Maia, Portugal","Porto District, Portugal",Portugal,41.246832462361,-8.5722161816745,underwater,,2022-07-23,"sailors for the sea",2,,2,4.41,0.00,0.00,1,,,,,,,,,,,,,,,,,,,,,,,,,,,,,,,,,,,,,,,,,,,,,,,,,,,,,,,,,,
236064,"Nazaré, 2450, Portugal","Leiria District, Portugal",Portugal,39.6012147,-9.0700991,underwater,,2022-07-23,"sailors for the sea",3,,3,2.20,0.00,0.00,1,,,,,,,,,,,,,,,,,,,,,,,,,,,,,,,,,,,,,,,,,,,,,,,,,,,,,,,,,,
236203,"Nazaré, 2450, Portugal","Leiria District, Portugal",Portugal,39.6012147,-9.0700991,land,,2022-07-25,"sailors for the sea",50,,50,39.68,0.00,0.00,8,,,,,,,,,,,,,,,,,,,,,,,,,,,,,,,,,,,,,,,,,,,,,,,,,,,,,,,,,,
236355,"Almada, Portugal","Setubal, Portugal",Portugal,38.64609782964,-9.2382217062449,land,,2022-07-28,,1,,1,0.01,0.00,0.00,,,,,,,1,,,,,,,,,,,,,,,,,,,,,,,,,,,,,,,,,,,,,,,,,,,,,,,,,,,,1
236609,"Sines, Portugal",,Portugal,37.903967653946,-8.805890133767,underwater,,2022-07-31,"sailors for the sea",8,,8,28.00,10.00,0.00,,,,,,,,,,,,,,,,,,,,4,,,,,,,,,,,,,,,,,,,,,,,,,,,,,,,,,,,,,,,4
236642,"Lagos, 8600, Portugal","Faro District, Portugal",Portugal,37.110092945948,-8.6748869449084,land,,2022-08-02,"sailors for the sea",27,,27,7.72,0.00,0.00,1,,,,,,,,,,,,,,,,,,,,,,,,,,,,,,,,,,,,,,,,,,,,,,,,,,,,,,,,,,
236648,"Lagos, Nigeria","Faro District, Portugal",Portugal,37.102816465795,-8.6418364410481,land,,2022-08-02,"sailors for the sea",36,,36,149.22,1.86,0.00,,,,1,,,,30,,111,,,,,,15,,20,,20,,,3,,,,,,,,,,,,,,,,,10,,,,1,101,,,,,,,,,,,,,,312
236736,"Portimão, 8500, Portugal","Faro District, Portugal",Portugal,37.13617,-8.5376926,land,,2022-08-04,"sailors for the sea",35,,35,11.02,0.00,0.00,1,,,,,,,,,,,,,,,,,,,,,,,,,,,,,,,,,,,,,,,,,,,,,,,,,,,,,,,,,,
236956,"Portimão, 8500, Portugal","Faro District, Portugal",Portugal,37.14521967572,-8.5624548009292,land,,2022-08-07,"saca molas",1,,1,14.32,0.00,0.00,4,,,,,,,,,,,,,,,,,,,,,,,,,,,,,,,,,,,,,,,,,,,,,,,,,,,,,,,,,,
237403,"Lagos, 8600, Portugal","Faro District, Portugal",Portugal,37.1027881,-8.6730275,land,,2022-08-13,"saca molas",1,,1,27.55,0.00,0.00,4,,,,,,,,,,,,,,,,,,,,,,,,,,,,,,,,,,,,,,,,,,,,,,,,,,,,,,,,,,
237587,"Portimão, 8500, Portugal","Faro District, Portugal",Portugal,37.130505,-8.5935063,land,,2022-08-17,"saca molas",1,,1,9.92,0.00,0.00,2,,,,,,,,,,,,,,,,,,,,,,,,,,,,,,,,,,,,,,,,,,,,,,,,,,,,,,,,,,
238065,"8500 Portimão, Portugal","Faro District, Portugal",Portugal,37.1087692,-8.53060573,land,,2022-08-03,"Sailors for the Sea Portugal",1,,1,0.01,0.00,0.00,,,,,,,,,,,,,,,,,,,,,,,,,,,,,,,,,,,,,,,,,,,,,,,,,,,,,,,,,,,
238230,"Portimão, 8500, Portugal","Faro District, Portugal",Portugal,37.13617,-8.5376926,land,,2022-08-28,"saca molas",1,,1,25.35,0.00,0.00,3,,,,,,,,,,,,,,,,,,,,,,,,,,,,,,,,,,,,,,,,,,,,,,,,,,,,,,,,,,
238295,"Lisbon, Portugal","Lisbon, Portugal",Portugal,38.743002053993,-9.1571103413262,land,,2022-08-26,"sailors for the sea",1,,1,0.01,0.00,0.00,,,,,,,,,,,,,,,,,,,,,,,,,,,,,,,,,,,,,,,,,,,,,,,,,,,,,,,,,,,
240029,"Cascais, Portugal","Lisbon, Portugal",Portugal,38.69745597,-9.41943187,land,,2022-09-13,"Sailors for the Sea Portugal",1,,1,0.60,0.00,0.00,,,,1,1,1,,,,,,,,,,,,,,,,,,,,,,,,,,,,,,,,,,,,,,,,,,,,,,,,,,,,,3
240030,"Cascais, Portugal","Lisbon, Portugal",Portugal,38.691909811287,-9.4188776114858,land,,2022-09-13,"sailors for the sea",1,,1,1.09,0.00,0.00,,,,2,,2,,,,,,,,,,,,,,,,,,,,,,,,,,,,,,,,,,,,,,,,,,,,,,,,,,,,,4
240055,"Lisbon, Portugal","Lisbon, Portugal",Portugal,38.755070175615,-9.186834321456,land,,2022-09-13,"sailors for the sea",1,,1,7.17,0.00,0.00,,,,,3,,,,4,,,,,,,,,,,1,,,,,,,,,,,,,,,,,,,,,,,,,,,,,,,,,,,,,,,8
240146,"Amadora, Portugal","Lisbon, Portugal",Portugal,38.7631349,-9.2408775,land,,2022-09-14,"Sailors for the Sea Portugal",1,,1,5.34,0.00,0.00,,,,6,5,11,5,4,5,2,5,5,20,,,,,,,,,,,,,,,,,,,,,,,,,,6,1,1,,,,,,,,,,,,,,,,,,76
240634,"Funchal, Portugal","Madeira, Portugal",Portugal,32.63564540189,-16.941731246861,land,,2022-09-16,"sailors for the sea - praia formosa",20,,20,88.18,9.94,0.00,,,,,,,,,,3,4,2,,2,,,,,,2,3,,,,,,,,,,,,,,,,,,,,,,,,,,,,,,,,,,,,,,16
240642,"Funchal, Portugal","Madeira, Portugal",Portugal,32.635551720139,-16.941888764199,land,,2022-09-16,"sailors for the sea - praia formosa",1,,1,0.56,0.00,0.00,,,,,,,,,,60,,,9,3,2,,,,,,,,,,,,,,,,,,,,,,,,,,,,,,,,,,,,,,,,,,,,74
240647,"Lourinhã, 2530, Portugal","Lisbon, Portugal",Portugal,39.207595296581,-9.2850572531292,land,,2022-09-16,fuscas,120,,120,0.04,0.00,0.00,,,,,,1,,,,,,,,,,,,,,,,,,,,,,,,,,,,,,,,,,,,,,,,,,,,,,,,,,,,,1
240895,"Mafra, Portugal","Lisbon, Portugal",Portugal,38.98820000817,-9.4189355949007,land,,2022-09-17,,1,,1,0.01,0.00,0.00,,,,,,,,,,,,,,,,,,,,,,,,,,,,,,,,,,,,,,,,,,,,,,,,,,,,,,,,,,,
240922,"Mafra, Portugal","Lisbon, Portugal",Portugal,38.98819765,-9.41894861,land,,2022-09-17,"sailors for the sea - praia de almograve",1,,1,1.24,10.00,0.00,,2,5,,,,,2,4,15,,,,,,3,,2,,2,1,,,,,5,,,,1,,,,,,,1,6,,2,4,,,,1,,,,,,,,,,,,,,56
240948,"Ovar, Portugal","Aveiro District, Portugal",Portugal,40.876113333333,-8.67548,land,,2022-09-17,mariazinhas,3,,3,3.47,0.21,0.00,,,10,,,,,1,1,165,2,,1,,,12,,6,2,,,,,,,,,2,,,,,,,,,,20,,,,,,,,,,,,,,,,,,,,,222
240951,"Peniche, Portugal","Leiria District, Portugal",Portugal,39.3638892,-9.3380494,land,,2022-09-17,"Sailors for the sea - Peniche",1,,1,0.78,10.00,0.00,,6,23,,2,1,,,3,,,,,,,,1,,,,,,,,,,,,,,,,,,,,,,,,,,,,,,,,,,,,,,,,,,36
240956,"Peniche, Portugal","Leiria District, Portugal",Portugal,39.3638892,-9.3380494,land,,2022-09-17,"Sailors for the sea - Peniche",1,,1,72.20,10.00,0.00,,,2,,,,3,2,6,15,,,,,,,,1,,10,1,,,,,3,,6,,,,,,,,,,,,5,1,,,,,,,,,,,,,,,,,,55
240957,"Mafra, Portugal","Lisbon, Portugal",Portugal,38.98819765,-9.41894861,land,,2022-09-17,"sailors for the sea - praia de almograve",1,,1,"1,519.42",10.00,0.00,,1,41,2,7,4,3,,7,149,1,,2,4,3,1,,15,2,216,,,1,,,5,1,,,3,,,,,1,,,8,,,6,,,,14,,,,,,,,,,,,,,497
240958,"Mafra, Portugal","Lisbon, Portugal",Portugal,38.98819765,-9.41894861,land,,2022-09-17,"sailors for the sea - praia de almograve",1,,1,263.99,10.00,0.00,,4,9,8,8,4,1,1,5,5,5,,3,4,3,,,4,,30,4,,,2,2,10,,,2,1,,,,7,,2,4,5,,2,,,,,36,,,,,,,,,,,,,,171
240961,"Ribeira Grande, Portugal","Azores, Portugal",Portugal,37.819058778102,-25.54137876267,land,,2022-09-17,"Sailors for the sea - Santa Barbara",1,,1,27.76,0.08,0.00,,20,,13,,8,4,1,1,11,16,1,3,,,,1,,7,,,,7,,,,1,,,2,,,1,,,,,,,,,,1,,1,,,,,,,,,,,,,,99
240962,"Peniche, Portugal","Leiria District, Portugal",Portugal,39.3638892,-9.3380494,land,,2022-09-17,"Sailors for the sea - Peniche",1,,1,0.63,10.00,0.00,,1,2,,,,,5,2,124,,,2,1,,2,,6,,,,,,,,1,,1,,,1,,,,1,,,,2,,,,,,,,,,,,,,,,,,,,151
240963,"Ovar, Portugal","Aveiro District, Portugal",Portugal,40.92528735109,-8.6617965500933,land,,2022-09-17,"Sailors for the Sea Ovar",2,,2,0.07,3.46,0.00,,1,2,,,,,2,,15,,,,,,,,1,,,,,,,,,,,,,,,,,,,,,,1,,,,,,,,,,,,,,,,,,,22
240964,"Mafra, Portugal","Lisbon, Portugal",Portugal,38.98819765,-9.41894861,land,,2022-09-17,"sailors for the sea - praia de almograve",1,,1,32.20,10.00,0.00,,,,,,,,3,1,125,,2,,,,4,,,,2,,,6,,,,,3,,2,,,,,,,10,,1,,,,,,8,,,,,,,,,,,,,,167
240965,"Peniche, Portugal","Leiria District, Portugal",Portugal,39.3638892,-9.3380494,land,,2022-09-17,"Sailors for the sea - Peniche",1,,1,254.05,10.00,0.00,,5,7,1,5,1,4,5,40,134,1,,4,1,5,7,1,15,66,26,16,,5,1,,3,,2,,1,1,,5,1,2,3,101,4,1,53,,1,1,,109,,,,,,,,,,,,,,638
240967,"Peniche, Portugal","Leiria District, Portugal",Portugal,39.3638892,-9.3380494,land,,2022-09-17,"Sailors for the sea - Peniche",1,,1,69.76,10.00,0.00,,5,20,1,5,1,12,5,24,265,1,,7,1,,2,1,41,40,11,4,,2,1,,,,2,,,1,,1,,2,1,3,1,,12,,,,,53,,,,,,,,,,,,,,525
240968,"Ovar, Portugal","Aveiro District, Portugal",Portugal,40.8730243,-8.6754221,land,,2022-09-17,sailorsforthesea-ovar,1,,1,170.22,0.00,0.00,,4,15,3,9,3,,1,7,159,8,1,4,1,,,,10,,23,4,,,,,1,3,2,,,,,,,10,,,1,1,12,,,,,1,,,,,,,,,,,,,,283
240969,"Mafra, Portugal","Lisbon, Portugal",Portugal,38.98819765,-9.41894861,land,,2022-09-17,"sailors for the sea - praia de almograve",1,,1,619.08,10.00,0.00,,3,7,3,5,4,3,2,16,27,1,1,2,,,,7,6,,76,,,23,,,1,52,4,,2,1,,3,,2,,48,12,,2,2,,,1,37,,,,,,,,,,,,,,353
240970,"Mafra, Portugal","Lisbon, Portugal",Portugal,38.988495414936,-9.4184984279503,land,,2022-09-17,"sailors for the sea - Ribeira D’Ilhas",6,,6,37.25,10.00,0.00,,,1,,1,1,,,4,63,7,,,,,7,20,1,,4,,,,,,,2,,,,1,,,,,,33,30,,,,3,,,31,,,,,,,,,,,,,,209
240971,"Mafra, Portugal","Lisbon, Portugal",Portugal,38.98819765,-9.41894861,land,,2022-09-17,"sailors for the sea - praia de almograve",1,,1,4.67,10.00,0.00,,7,12,,10,11,1,8,13,29,5,2,4,1,5,24,4,1,,,,,,,,,4,2,,4,,,,4,,,,6,,,1,12,,,1,,,,,,,,,,,,,,171
240972,"Mafra, Portugal","Lisbon, Portugal",Portugal,38.98819765,-9.41894861,land,,2022-09-17,"sailors for the sea - praia de almograve",1,,1,90.19,10.00,0.00,,2,5,,,4,3,,4,43,,,1,,,10,,4,,10,5,,4,,,2,1,1,,1,,,,,2,,1,13,,1,,,,,43,,,,,,,,,,,,,,160
240973,"Peniche, Portugal","Leiria District, Portugal",Portugal,39.360401362386,-9.3631519317568,land,,2022-09-17,"Sailors for the sea - Peniche",4,,4,68.56,0.00,0.00,,,,,,,,,2,84,2,,,2,,5,,,,6,21,,,,,,,,,,,,,,,,,,,,,1,,,4,,,,,,,,,,,,,,127
240975,"Peniche, Portugal","Leiria District, Portugal",Portugal,39.3638892,-9.3380494,land,,2022-09-17,"Sailors for the sea - Peniche",1,,1,1.28,10.00,0.00,,5,20,1,3,1,,3,3,18,,,2,,,1,1,8,26,1,,,,1,,,,2,,,1,,1,1,,,,3,,,,,,,42,,,,,,,,,,,,,,144
240976,"Mafra, Portugal","Lisbon, Portugal",Portugal,38.98819765,-9.41894861,land,,2022-09-17,"sailors for the sea - praia de almograve",1,,1,29.23,10.00,0.00,,1,4,2,4,1,5,14,3,403,5,,,,,17,1,,,2,1,,,,,2,1,10,,7,1,,3,1,1,,6,9,,,10,5,,,12,,,,,,,,,,,,,,531
240981,"Peniche, Portugal","Leiria District, Portugal",Portugal,39.3638892,-9.3380494,land,,2022-09-17,"Sailors for the sea - Peniche",1,,1,0.24,10.00,0.00,,2,4,,2,,,,3,,,,,,,,,,,,,,,,,,,,,,,,,,,,,,,3,,,,,,,,,,,,,,,,,,,14
240982,"Mafra, Portugal","Lisbon, Portugal",Portugal,38.98819765,-9.41894861,land,,2022-09-17,"sailors for the sea - praia castelo do queijo",8,,8,73.13,10.00,0.00,,,3,2,6,4,3,2,2,83,2,,7,6,13,20,,,2,4,12,,6,,,13,,,,8,,,2,,7,3,1,6,8,,4,2,3,2,38,,,,,,,,,,,,,,274
240983,"Mafra, Portugal","Lisbon, Portugal",Portugal,38.98819765,-9.41894861,land,,2022-09-17,"sailors for the sea - praia de almograve",1,,1,64.24,10.00,0.00,,1,5,4,2,,6,7,2,292,4,,3,4,,4,,,,6,10,,2,,,5,,5,,,,,,,8,1,,,3,,,,,3,76,,,,,,,,,,,,,,453
240984,"Peniche, Portugal","Leiria District, Portugal",Portugal,39.3638892,-9.3380494,land,,2022-09-17,"Sailors for the sea - Peniche",1,,1,320.74,10.00,0.00,,5,7,1,10,1,5,5,50,157,3,,4,1,5,10,2,19,71,34,20,,5,1,,5,,2,,2,1,,7,1,2,3,129,7,1,64,,3,1,,121,,,,,,,,,,,,,,765
240988,"Mafra, Portugal","Lisbon, Portugal",Portugal,38.98819765,-9.41894861,land,,2022-09-17,"sailors for the sea - praia de almograve",4,,4,0.00,9.94,0.00,,,6,,2,,4,1,6,63,,,1,,,,,6,1,,,,,,,,,,,,,,2,,,,,2,,,,,1,,1,,,,,,,,,,,,,,96
240990,"Esposende, 4740, Portugal","Braga, Portugal",Portugal,41.49546432,-8.78553874,land,,2022-09-17,,1,,1,140.45,0.15,0.00,,1,3,6,6,1,1,,4,,2,,1,,6,24,,11,,12,,,16,,,13,1,2,,4,,,1,,,,49,,,,,2,,,6,,,,,,,,,,,,,,172
240994,"Ribeira Grande, Portugal","Azores, Portugal",Portugal,37.819058778102,-25.54137876267,land,,2022-09-17,"Sailors for the sea - Santa Barbara",1,,1,45.71,0.32,0.00,,,1,,1,,,4,3,131,,,1,,1,31,2,1,,5,,,2,,,,,5,,1,,,,,,,13,16,1,,,,,,14,,,,,,,,,,,,,,233
240996,"Ribeira Grande, Portugal","Azores, Portugal",Portugal,37.819058778102,-25.54137876267,land,,2022-09-17,"Sailors for the sea - Santa Barbara",1,,1,2.75,0.00,0.00,,1,3,1,3,9,1,7,,176,2,2,,1,,1,,,1,,,,,,1,,,,,2,,,,,4,,,5,,,,,,,,,,,,,,,,,,,,,220
240997,"Ribeira Grande, Portugal","Azores, Portugal",Portugal,37.819058778102,-25.54137876267,land,,2022-09-17,"Sailors for the sea - Santa Barbara",1,,1,0.01,0.07,0.00,,,,,,,,,,,,,,,,,,,,,,,,,,,,,,,,,,,,,,,,,,,,,,,,,,,,,,,,,,,
240999,"Mafra, Portugal","Lisbon, Portugal",Portugal,38.988495414936,-9.4184984279503,land,,2022-09-17,"sailors for the sea - Ribeira D’Ilhas",6,,6,539.30,10.00,0.00,,1,2,5,4,1,,5,7,164,3,,1,,,10,,3,,62,1,,27,,,4,,5,,7,,,,,2,,192,20,,,,,,,54,,,,,,,,,,,,,,580
241001,"Peniche, Portugal","Leiria District, Portugal",Portugal,39.3638892,-9.3380494,land,,2022-09-17,"Sailors for the sea - Peniche",1,,1,125.05,10.00,0.00,,24,13,29,8,8,8,13,24,824,8,,3,1,2,13,1,63,48,10,8,,2,1,,,,2,,2,1,,2,,4,1,7,1,1,14,,1,1,,77,,,,,,,,,,,,,,1225
241004,"Peniche, Portugal","Leiria District, Portugal",Portugal,39.3638892,-9.3380494,land,,2022-09-17,"Sailors for the sea - Peniche",1,,1,70.28,10.00,0.00,,4,8,,3,2,,5,12,140,1,,2,1,,10,1,6,36,6,,,2,1,,,,5,1,,1,,1,,6,1,4,,1,7,,1,,,22,,,,,,,,,,,,,,290
241006,"Funchal, Portugal","Madeira, Portugal",Portugal,32.64250086,-16.95526714,land,,2022-09-17,"sailors meia praia - el Sol-lifestyle & HUB Ativo",3,,3,52.43,0.00,0.00,,,,,,,,,,371,,,,,,,,,,,,,,,,,,,,,,,,,,,,,,,,,,,6,,,,,,,,,,,,,,377
241007,"Figueira da Foz, Portugal","Coimbra District, Portugal",Portugal,40.2250864,-8.8473024,land,,2022-09-17,"sailors for the sea- praia murtinheira",2,,2,52.43,0.00,0.00,,,,,,,,,,,,,,,,,,,,,,,,,,,,,,,,,,,,,,,,,,,,,,,,,,,,,,,,,,,
241042,"Peniche, Portugal","Leiria District, Portugal",Portugal,39.3638892,-9.3380494,land,,2022-09-17,"Sailors for the sea - Peniche",1,,1,226.86,10.00,0.00,,5,15,10,17,7,6,6,21,117,,,3,1,,2,1,157,8,28,15,,,,,,,2,,3,,,2,,8,2,,5,1,48,2,3,1,3,407,,,,,,,,,,,,,,906
241093,"Lagos, 8600, Portugal","Faro District, Portugal",Portugal,37.1185522,-8.641153,land,,2022-09-17,"sailors meia praia - el Sol-lifestyle & HUB Ativo",3,,3,"1,559.87",0.00,0.00,,8,3,13,1,1,,15,44,384,,,10,,2,48,3,13,2,214,,,3,,,9,,16,,5,,,,1,11,4,75,104,1,6,29,1,,4,92,,,,,,,,,,,,,,1122
241113,"Cascais, Portugal","Lisbon, Portugal",Portugal,38.71888242,-9.44141638,land,,2022-09-14,"Sailors for the Sea Portugal",68,,68,152.12,6.21,0.00,,18,4,45,48,200,20,4,42,1208,25,11,3,,,56,,21,4,14,7,,2,,,6,6,11,,3,,,,,,,,,,46,,8,,,1200,,,,,,,,,,,,,,3012
241347,"Ovar, Portugal","Aveiro District, Portugal",Portugal,40.87642904,-8.67572978,land,,2022-09-17,,2,,2,4.42,2.91,0.00,,,20,4,2,3,,3,2,100,2,20,,,,44,,11,,,,,,,,,,,,,,,,,,,,,,,,,,,,,,,,,,,,,,,,,211
241512,"Odemira, Portugal","Beja District, Portugal",Portugal,37.652263082564,-8.8016948662698,land,,2022-09-17,"sailors for the sea - praia de Almograve",56,,56,28.30,0.00,0.00,,1,2,14,12,42,14,7,2,61,4,,,,,6,,,,1,,,,,,,,,,1,,,,1,11,,10,65,,,1,,,,,,,,,,,,,,,,,,255
241959,"Vila do Conde, Portugal","Porto District, Portugal",Portugal,41.36913639,-8.74360135,land,,2022-09-17,Férias,2,,2,7.72,0.00,0.00,1,,,,,,,,,,,,,,,,,,,,,,,,,,,,,,,,,,,,,,,,,,,,,,,,,,,,,,,,,,
241962,"7630-174 Nascedios, Portugal",,Portugal,37.6526594,-8.8022205,land,,2022-09-17,"sailors for the sea - praia de almograve",56,,56,61.73,0.00,0.00,,7,1,24,25,80,2,23,7,1990,9,,19,,5,26,2,5,1,40,6,,14,,2,29,1,1,,6,1,,6,7,12,,203,351,,,1,5,1,,428,,,,,,,,,,,,,,3340
241983,"7630-174 Nascedios, Portugal",,Portugal,37.6526594,-8.8022205,land,,2022-09-17,"sailors for the sea - praia de almograve",1,,1,425.92,0.00,0.00,,7,1,24,25,80,2,23,7,1990,9,,19,,5,26,2,5,1,40,6,,14,,2,29,1,1,,6,1,,6,7,12,,203,351,,,1,5,1,,428,,,,,,,,,,,,,,3340
242274,"Sines, Portugal","Setubal, Portugal",Portugal,37.95581938,-8.86659162,land,,2022-09-17,,1,,1,129.15,0.00,0.00,,,1,2,1,,1,1,6,3,,,,7,1,10,4,12,,16,9,,1,,1,2,1,2,,,,,,,,,,6,,,,1,,,21,,,,,,,,,,,,,,109
242803,"Mafra, Portugal","Lisbon, Portugal",Portugal,38.988495414936,-9.4184984279503,land,,2022-09-17,"sailors for the sea - Ribeira D’Ilhas",6,,6,82.75,10.00,0.00,,3,1,3,5,7,,3,,141,2,,,,,2,,,,11,,,,,,,,,,,,,,,,,27,2,,,,3,,,,,,,,,,,,,,,,,210
243295,"Mafra, Portugal","Lisbon, Portugal",Portugal,38.988495414936,-9.4184984279503,land,,2022-09-17,"sailors for the sea - Lagos",6,,6,287.90,0.00,0.00,,1,10,9,2,1,,7,4,133,7,,1,,,5,3,9,1,42,,,,,,,1,5,,4,1,1,,1,,2,16,16,,,1,3,,1,31,,,,,,,,,,,,,,318
244192,"Mafra, Portugal","Lisbon, Portugal",Portugal,38.98819765,-9.41894861,land,,2022-09-17,"sailors for the sea - praia de almograve",1,,1,2.24,10.00,0.00,,,1,,,4,,,1,30,1,,2,1,1,,,1,,,,,,,,,,,,2,,,,,,,,6,,,1,,,,1,,,,,,,,,,,,,,52
244256,"Viana do Castelo, Portugal","Viana do Castelo District, Portugal",Portugal,41.6957567,-8.8156211,land,,2022-09-18,"Guardiões do Lima - VRL",40,,40,22.50,0.00,0.00,3,,,,,,,,,,,,,,,,,,,,,,,,,,,,,,,,,,,,,,,,,,,,,,,,,,,,,,,,,,
244329,"Ovar, Portugal","Aveiro District, Portugal",Portugal,40.8596399,-8.6253313,land,,2022-09-18,"Sailor for the sea Ovar",2,,2,108.01,0.00,0.00,7,,,,,,,,,,,,,,,,,,,,,,,,,,,,,,,,,,,,,,,,,,,,,,,,,,,,,,,,,,
244388,"Ovar, Portugal","Aveiro District, Portugal",Portugal,40.856001294127,-8.6203470636683,land,,2022-09-18,,2,,2,78.00,0.00,0.00,,2,2,,,,,,4,30,,,,,,5,,,,11,,,,,,,,,,,2,,,,,,6,,,,,,,,28,,,,,,,,,,,,,,90
244397,"Portimão, 8500, Portugal","Faro District, Portugal",Portugal,37.130505,-8.5935063,land,,2022-09-18,"the lonely plastic fisherman",2,,2,23.16,0.00,0.00,3,,,,,,,,,,,,,,,,,,,,,,,,,,,,,,,,,,,,,,,,,,,,,,,,,,,,,,,,,,
245133,"Vila do Conde, Portugal","Porto District, Portugal",Portugal,41.3517302,-8.7478619,land,,2022-09-22,Garnier,1,,1,55.43,0.00,0.00,,2,,4,2,,1,3,2,20,,,,,,15,6,3,,3,,,4,1,1,,1,,,1,,,1,,,,,,,,,1,,,,,,,,,,,,,,,,,71
245264,"Mafra, Portugal","Lisbon, Portugal",Portugal,39.012136671704,-9.4211904096752,land,,2022-09-23,#garnie,1,,1,1.92,0.03,0.00,,,,1,2,,,,3,9,,,,,,2,,1,,,,,,,,,,1,,,,,,,,2,,,2,1,,1,,1,,,,,,,,,,,,,,,26
247024,"Matosinhos, Portugal","Porto District, Portugal",Portugal,41.198058559908,-8.6993832416234,land,,2022-09-26,"André Costa",1,,1,0.73,0.00,0.00,,,1,1,1,1,,,,,2,,,,,,,,,,,,,,,,,,,,,,,1,,,,,,,,,,,,,,,,,,,,,,,,,7
247026,"Matosinhos, Portugal","Porto District, Portugal",Portugal,41.198033915417,-8.6994147659945,land,,2022-09-26,garnier,1,,1,0.99,0.00,0.00,,,1,1,2,1,,2,,,,,1,,,1,,,,,,,,,,3,,,,,,,,,,,,,,,,,,,,,,,,,,,,,,,,,12
247283,"Barreiro, Portugal","Setubal, Portugal",Portugal,38.6608149,-9.0790724,land,,2022-09-28,#Garnier,1,,1,2.97,0.00,0.00,,3,2,5,5,,,5,,,,,2,,,,,,,,,,,,,,,,,,,,,,,,,,,,,,,,,,,,,,,,,,,,,,22
247302,"Amadora, Portugal","Lisbon, Portugal",Portugal,38.7631822,-9.2408775,land,,2022-09-20,"Sailors for the sea - Peniche",1,,1,0.01,0.00,0.00,,,,,,,,,,,,,,,,,,,,,,,,,,,,,,,,,,,,,,,,,,,,,,,,,,,,,,,,,,,
247308,"Lisbon, Portugal","Lisbon, Portugal",Portugal,38.742984483863,-9.1571401312238,land,,2022-09-28,"sailors for the sea - praia almograve",60,,60,61.73,0.00,0.00,,8,3,38,37,122,16,30,9,260,,13,19,,5,33,2,5,1,41,6,,14,,2,29,1,,,1,,,6,8,,,213,,,,2,5,1,,428,,,,,,,,,,,,,,1358
247309,"Lisbon, Portugal","Lisbon, Portugal",Portugal,38.742997470564,-9.1572153704894,land,,2022-09-28,"sailors for the sea - praia castelo de neiva",1,,1,527.72,0.00,0.00,,10,22,11,27,8,11,11,71,274,3,,7,2,5,12,3,176,79,62,35,,5,1,,5,,4,,5,1,,2,,8,2,,,2,112,2,6,2,3,528,,,,,,,,,,,,,,1517
248368,"Cascais, Portugal","Lisbon, Portugal",Portugal,38.680686591653,-9.3371665307316,land,,2022-10-11,estrela,2,,2,7.30,2.00,0.00,,,18,,3,,,,2,15,2,2,3,,1,5,,,,,4,,,,,,,,,,,,,,,,3,7,,,,,,,6,,,,,,,,,,,,,,71
248369,"Cascais, Portugal","Lisbon, Portugal",Portugal,38.6879164,-9.3378114,land,,2022-10-11,"vasco + duda",2,,2,7.22,0.00,0.00,,,,,1,,1,4,,50,,,1,,,21,,,1,,,,,,,2,,,2,1,,1,,,,,36,11,,,,1,,,4,,,,,,,,,,,,,,137
248370,"Cascais, Portugal","Lisbon, Portugal",Portugal,38.681131921802,-9.3392676694437,land,,2022-10-11,Cleaners!,3,,3,25.20,1.00,0.00,,,3,,2,,1,5,1,28,,2,,1,,9,,1,,3,,,1,,1,,,,,,1,,,2,5,,2,2,1,6,,,,,4,,,,,,,,,,,,,,81
248390,"Cascais, Portugal","Lisbon, Portugal",Portugal,38.729967334069,-9.3949653062879,land,,2022-10-11,,2,,2,0.75,0.02,0.00,,,,1,,,,4,,17,,,,,,4,,1,,,,,,,,,,,,,,,,,,,,,1,,,,,,26,,,,,,,,,,,,,,54
248468,"Lisbon, Portugal","Lisbon, Portugal",Portugal,38.743023894051,-9.1571396945099,land,,2022-10-12,"sailors for the sea - meia praia",14,,14,319.96,0.00,0.00,,2,12,9,3,1,,12,8,667,,7,3,,,7,3,15,2,44,,,,,,3,3,6,,4,2,1,,1,,2,16,,2,,1,,,,44,,,,,,,,,,,,,,880
248475,"Lisbon, Portugal","Lisbon, Portugal",Portugal,38.7429536443,-9.1573344788442,land,,2022-10-12,"sailors for the sea - figueira",15,,15,200.26,0.00,0.00,,7,24,9,14,17,19,7,42,130,7,6,16,6,9,8,14,17,5,18,4,,5,2,3,6,8,3,,3,1,,4,1,,3,,,,,,,1,,28,,,,,,,,,,,,,,447
248476,"Lisbon, Portugal","Lisbon, Portugal",Portugal,38.743023609937,-9.15703901955,land,,2022-10-12,peniche,4,,4,11.02,0.00,0.00,,2,4,1,4,3,,1,3,,,,,,,1,,1,,6,,,1,,,,,,,,,,,,,,,,,3,,,,,,,,,,,,,,,,,,,30
248477,"Lisbon, Portugal","Lisbon, Portugal",Portugal,38.742885538326,-9.1574313196521,land,,2022-10-12,"sailors for the sea - funchal",49,,49,39.68,0.00,0.00,,33,33,3,22,4,,12,23,2498,8,2,4,,,40,1,12,36,12,2,,10,2,,35,1,6,1,4,1,,2,33,7,2,4,3,1,7,7,1,,2,84,,,,,,,,,,,,,,2958
248480,"Lisbon, Portugal","Lisbon, Portugal",Portugal,38.743008019361,-9.1571797247607,land,,2022-10-12,"sailors for the sea - sines",1,,1,190.74,0.00,0.00,,1,1,20,30,2,,1,9,111,5,2,2,1,3,3,2,6,8,16,20,,,2,,,1,,1,1,,,1,,,,2,,,,,,2,1,,,,,,,,,,,,,,,254
248483,"Lisbon, Portugal","Lisbon, Portugal",Portugal,38.74300792225,-9.1570706718356,land,,2022-10-12,"sailors for the sea - ribeira ilhas",29,,29,119.05,0.00,0.00,,7,27,20,23,13,,20,13,1295,4,16,5,11,2,53,22,7,2,80,1,,39,,2,14,6,5,,11,1,4,1,43,,,256,,,,6,8,4,2,185,,,,,,,,,,,,,,2208
248486,"Lisbon, Portugal","Lisbon, Portugal",Portugal,38.742996127715,-9.1570598219382,land,,2022-10-12,"sailors for the sea - esposende",9,,9,46.30,0.00,0.00,,6,2,6,3,2,5,6,10,157,,,,,2,36,4,10,,30,1,,16,,,20,,6,,4,,,1,,,,30,,,,8,2,,,20,,,,,,,,,,,,,,387
248489,"Lisbon, Portugal","Lisbon, Portugal",Portugal,38.743023062146,-9.1569881477969,land,,2022-10-12,"sailors for the sea - porto",19,,19,41.66,0.00,0.00,,8,18,7,18,15,10,17,17,404,2,7,11,11,21,48,4,1,,,10,,2,,,18,4,9,,12,,,2,4,,4,1,,11,,5,14,3,5,115,,,,,,,,,,,,,,838
248496,"Lisbon, Portugal","Lisbon, Portugal",Portugal,38.743058089432,-9.1570270196983,land,,2022-10-12,"sailors for the sea - açores",45,,45,238.10,0.00,0.00,,73,117,71,41,37,33,57,154,3408,5,36,35,14,13,112,10,160,192,521,53,,29,6,3,27,2,32,3,19,3,,10,10,,11,213,,5,87,35,5,3,4,450,,,,,,,,,,,,,,6099
248498,"Lisbon, Portugal","Lisbon, Portugal",Portugal,38.743034229644,-9.1570740963751,land,,2022-10-12,"sailors for the sea - ovar",60,,60,152.12,0.00,0.00,,51,68,60,87,216,53,39,205,2762,13,35,28,6,21,179,19,100,242,209,61,,60,2,,18,59,25,,18,6,,22,2,,3,203,20,3,242,29,12,3,1,1567,,,,,,,,,,,,,,6749
251233,"Lagos, 8600, Portugal","Faro District, Portugal",Portugal,37.135545761983,-8.7756181520974,watercraft,,2022-11-07,,1,,1,8.40,3.70,0.00,,2,,,1,,1,,,,3,,1,,,,,,,1,1,,,,,,,,,,,,,,,,,,,,,,,,2,,,,,,,,,,,,,,12
251381,"Cascais, Portugal","Lisbon, Portugal",Portugal,38.729820250707,-9.4740943905065,land,,2022-11-02,"Élise Hazzard",1,,1,0.53,0.00,0.00,,,,,,,,,4,,,,1,,,,2,,,,,,,,,,,1,,,,1,,,,,3,,,,,,,,5,,,,,,,,,,,,,,17
252901,"Cascais, Portugal","Lisbon, Portugal",Portugal,38.676856155543,-9.3286244664428,land,,2022-11-29,cleaners,3,,3,15.08,0.02,0.00,,,22,1,,,3,,7,,,,,,,,,,,2,,,,,,,,,,,,,,,,,,,,,,,,,10,,,,,,,,,,,,,,45
256883,"Lagos, 8600, Portugal","Faro District, Portugal",Portugal,37.1027881,-8.6730275,land,,2023-01-06,,1,,1,7.72,0.00,0.00,1,,,,,,,,,,,,,,,,,,,,,,,,,,,,,,,,,,,,,,,,,,,,,,,,,,,,,,,,,,
257155,"Cascais, Portugal","Lisbon, Portugal",Portugal,38.700096753827,-9.4688678408603,land,,2023-01-11,"Green Coast Peakees",1,,1,0.26,0.00,0.00,,1,2,,,,1,,2,,,,,2,1,,,,,,,,,,,,,,,,,,,,,,,,,,,,,,,,,,,,,,,,,,,,9
257279,"Cascais, Portugal","Lisbon, Portugal",Portugal,38.700635556815,-9.4606518977697,land,,2023-01-12,"Green Coast Peakees",1,,1,0.42,0.00,0.00,,1,,,4,3,2,3,,,,,1,,,1,,,,,,,,,,,,,,,,,,,,,,,,,,1,,,,,,,,,,,,,,,,,16
257474,"Cascais, Portugal","Lisbon, Portugal",Portugal,38.700634341827,-9.4604994947327,land,,2023-01-15,"Green Coast Peakees",1,,1,7.97,0.00,0.00,,,,,3,1,2,2,1,,1,,,,,1,,,,1,,,,,,,,,,,,,,,1,,1,,,,1,,,,,,,,,,,,,,,,,,15
257522,"Lagoa, 8400, Portugal","Faro District, Portugal",Portugal,37.09382148,-8.46764641,land,,2023-01-16,"BMC group",1,,1,7.98,0.00,0.00,,,2,1,1,3,,6,,12,1,,,,2,,,,,1,,,,,,1,,,,,,,,,1,,,,,,,,,,,,,,,,,,,,,,,,31
257982,"Cascais, Portugal","Lisbon, Portugal",Portugal,38.680649804919,-9.3375854753045,land,,2023-01-24,,5,,5,2.22,0.05,0.00,,,,,1,4,,2,5,10,,1,,,,16,3,4,,,,,,,,7,2,,,,,,,2,,,2,,,,,,,,15,,,,,,,,,,,,,,74
257983,"Cascais, Portugal","Lisbon, Portugal",Portugal,38.684528395734,-9.3372614399898,land,,2023-01-24,,3,,3,6.03,1.15,0.00,,4,3,,1,,,3,4,26,1,1,1,,,1,,1,1,,,,,,,,,,2,,,,,1,3,,18,24,,4,,,,,9,,,,,,,,,,,,,,108
257985,"Cascais, Portugal","Lisbon, Portugal",Portugal,38.680468754565,-9.3369133238335,land,,2023-01-24,"bravo team",5,,5,7.99,0.00,0.00,,5,3,7,10,4,9,20,14,28,18,22,15,13,18,11,2,12,13,,,,,,,,,,,,,,,,,,,,,,,,,,,,,,,,,,,,,,,,224
258389,"Lisbon, Portugal","Lisbon, Portugal",Portugal,38.742985992125,-9.1571194289207,land,,2023-01-28,"Sailors for the sea",16,,16,79.37,2.49,0.00,,13,1,27,16,15,,17,5,240,1,5,10,7,6,2,6,4,,3,4,,5,2,1,7,1,,1,23,,1,,14,14,1,1,200,7,,,,,,126,,,,,,,,,,,,,,786
258432,"Cascais, Portugal","Lisbon, Portugal",Portugal,38.700458394206,-9.4606514533539,land,,2023-01-29,"MPC Green Coast Peakees",1,,1,1.08,0.09,0.00,,,,,,1,1,,1,,,,,,,2,,,,,,,,,,,,,,,,,2,,1,,,,,,,2,,,,,,,,,,,,,,,,,10
260295,"Cascais, Portugal","Lisbon, Portugal",Portugal,38.684589205363,-9.3362687651219,land,,2023-02-07,,3,,3,9.48,1.30,0.00,,,3,,,,,2,4,131,,1,2,,,2,,11,1,,,,,,,1,,,,1,,,,,,,45,25,,,,,,,65,,,,,,,,,,,,,,294
260297,"Cascais, Portugal","Lisbon, Portugal",Portugal,38.681116635016,-9.3388971593318,land,,2023-02-07,,5,,5,2.51,0.00,0.00,,2,2,,1,,,11,5,44,2,1,,2,,3,,1,1,,,,,,,9,,,,,,,,,5,,6,3,,,,,,,30,,,,,,,,,,,,,,128
265189,"Cascais, Portugal","Lisbon, Portugal",Portugal,38.676329981536,-9.3280114140362,land,,2022-05-10,,6,,6,1.75,0.70,0.00,,,,,1,1,,,,16,2,,2,,,16,,,,,,,,,,,,,,,,,,,,,,,,,,2,,,,,,,,,,,,,,,,,40
265312,"Cascais, Portugal","Lisbon, Portugal",Portugal,38.68499472,-9.33556622,land,,2022-05-24,"o melhor duo",2,,2,0.52,0.00,0.00,,2,5,,,,1,,,8,,,,2,2,4,,2,,,,,,,,,,,,,,,,,,,,,,,,,,,1,,,,,,,,,,,,,,27
266901,"Odemira, Portugal","Beja District, Portugal",Portugal,37.65279734067,-8.794717239276,land,,2022-09-16,,1,,1,0.01,0.00,0.00,,,,,,,,,,,,,,,,,,,,,,,,,,,,,,,,,,,,,,,,,,,,,,,,,,,,,,,,,,,
267019,"Ovar, Portugal","Aveiro District, Portugal",Portugal,40.87654403,-8.67554483,land,,2022-09-17,"sailors for the sea ovar",2,,2,151.31,1.42,0.00,,1,4,27,11,2,,4,4,88,,,3,3,3,2,3,3,,13,1,,14,,,,,,,2,,,2,1,,,16,20,1,1,,,,,4,,,,,,,,,,,,,,233
267020,"Ovar, Portugal","Aveiro District, Portugal",Portugal,40.87641086,-8.67570535,land,,2022-09-17,"Sailors of the Sea Ovar",2,,2,0.01,0.00,0.00,,,,,,,,,,,,,,,,,,,,,,,,,,,,,,,,,,,,,,,,,,,,,,,,,,,,,,,,,,,
267021,"Ovar, Portugal","Aveiro District, Portugal",Portugal,40.8730243,-8.6754221,land,,2022-09-17,,2,,2,0.01,0.00,0.00,,,,,,,,,,,,,,,,,,,,,,,,,,,,,,,,,,,,,,,,,,,,,,,,,,,,,,,,,,,
267022,"Ovar, Portugal","Aveiro District, Portugal",Portugal,40.876399353147,-8.6756221577525,land,,2022-09-17,"sailors for the sea-ovar",1,,1,0.01,0.00,0.00,,,,,,,,,,,,,,,,,,,,,,,,,,,,,,,,,,,,,,,,,,,,,,,,,,,,,,,,,,,
267023,"Ovar, Portugal","Aveiro District, Portugal",Portugal,40.8596399,-8.6253313,land,,2022-09-17,"sailors for the sea-ovar",1,,1,0.01,0.00,0.00,,,,,,,,,,,,,,,,,,,,,,,,,,,,,,,,,,,,,,,,,,,,,,,,,,,,,,,,,,,
267024,"Santa Maria da Feira, Portugal","Aveiro District, Portugal",Portugal,40.925393003882,-8.5551322141997,land,,2022-09-17,granjix,3,,3,0.01,0.00,0.00,,,,,,,,,,,,,,,,,,,,,,,,,,,,,,,,,,,,,,,,,,,,,,,,,,,,,,,,,,,
268039,"Ovar, Portugal","Aveiro District, Portugal",Portugal,40.85878273,-8.62423573,land,,2022-09-17,,1,,1,0.01,0.00,0.00,,,,,,,,,,,,,,,,,,,,,,,,,,,,,,,,,,,,,,,,,,,,,,,,,,,,,,,,,,,
268294,"Lisbon, Portugal","Lisbon, Portugal",Portugal,38.7222524,-9.1393366,land,,2022-09-23,#garnier,1,,1,0.01,0.00,0.00,,,,,,,,,,,,,,,,,,,,,,,,,,,,,,,,,,,,,,,,,,,,,,,,,,,,,,,,,,,
269688,"Silves, Portugal","Faro District, Portugal",Portugal,37.154863320396,-8.2814044453653,land,,2023-01-10,,1,,1,0.01,0.00,0.00,,,,,,,,,,,,,,,,,,,,,,,,,,,,,,,,,,,,,,,,,,,,,,,,,,,,,,,,,,,
269837,"Évora, Portugal","Évora District, Portugal",Portugal,38.570031330251,-7.907316948187,land,,2023-02-04,"Sailors for the sea",1,,1,0.01,0.21,0.00,,,,,,,,,,,,,,,,,,,,,,,,,,,,,,,,,,,,,,,,,,,,,,,,,,,,,,,,,,,
270375,"Portel, 7220, Portugal","Évora District, Portugal",Portugal,38.304377669916,-7.6957485297632,land,,2023-02-26,"MPC Green Coast Peakees",1,,1,0.50,0.03,0.00,,1,,,1,,,,1,,,,,,,,,,,,,,,,,,,,,,,,,3,5,,,,,,,1,,,,,,,,,,,,,,,,,12
270447,"Cascais, Portugal","Lisbon, Portugal",Portugal,38.684578250209,-9.3362565289303,land,,2023-02-28,,2,,2,1.86,0.46,0.00,,1,3,,2,,,,4,44,1,,,,,,,3,1,,,,,,,11,,,,,,,,1,2,,,4,,,,,,,26,,,,,,,,,,,,,,103
270448,"Cascais, Portugal","Lisbon, Portugal",Portugal,38.684618208808,-9.3362638867897,land,,2023-02-28,,3,,3,11.27,2.09,0.00,,,1,,,,,2,1,109,,1,3,,,9,,9,,,,,,,,1,,,,,,,,,,,49,35,,,,,,,6,,,,,,,,,,,,,,226
270449,"Cascais, Portugal","Lisbon, Portugal",Portugal,38.680603179144,-9.3370082854696,land,,2023-02-28,"Day 28 Feb",2,,2,6.44,0.48,0.00,,,5,2,3,2,1,,1,21,1,1,,,,4,2,,,,,,1,,,1,,,,,,,,,1,,6,10,,,,,,,,,,,,,,,,,,,,,62
270450,"Cascais, Portugal","Lisbon, Portugal",Portugal,38.680947139835,-9.3383350816479,land,,2023-02-28,team,2,,2,6.11,0.30,0.00,,8,3,8,2,6,7,9,14,16,10,6,10,6,4,4,,13,2,,,,,,,,,,,,,,,1,,,,,,,,,,,,,,,,,,,,,,,,,129
270564,"Cascais, Portugal","Lisbon, Portugal",Portugal,38.684055917001,-9.3351568188605,land,,2023-03-01,cleaners,2,,2,5.17,0.02,0.00,,4,1,1,4,1,,1,,13,,,,,,4,1,3,,,3,,,,,2,,2,,,,,,,,,,2,,2,,,,,6,,,,,,,,,,,,,,50
271191,"Angra do Heroísmo, 9700, Portugal","Azores, Portugal",Portugal,38.654673697146,-27.273687416246,land,saltwater,2022-11-05,"Agrupamento 590 - Terra Ch | Terreiro de S. Mateus",2,19,21,152.12,0.16,0.00,,,,,,,,,,,,,,,,,,,,,,,,,,,,,,,,,,,,,,,,,,,,,,,,,,,,,,,,,,,
271192,"Cascais, Portugal","Lisbon, Portugal",Portugal,38.700302905256,-9.4167148340003,land,saltwater,2022-11-05,"Agrupamento 729 - Cascais | Cascais",3,27,30,79.37,0.62,0.04,,,,,,,,,,,,,,,,,,,,,,,,,,,,,,,,,,,,,,,,,,,,,,,,,,,,,,,,,,,
271193,"Mira, 3070, Portugal","Coimbra District, Portugal",Portugal,40.490275,-8.792704,land,saltwater,2022-11-06,"Agrupamento 1036 - Barcouo | Praia do Poo da Cruz",2,17,19,169.76,1.24,0.01,,,,,,,,,,,,,,,,,,,,,,,,,,,,,,,,,,,,,,,,,,,,,,,,,,,,,,,,,,,
271194,"Ponta Delgada, Portugal","Azores, Portugal",Portugal,37.803798,-25.802994,land,saltwater,2022-11-05,"Agrupamento 646 - Feteiras | Piscina Natural das Feteiras",2,12,14,440.92,0.10,0.00,,,,,,,,,,,,,,,,,,,,,,,,,,,,,,,,,,,,,,,,,,,,,,,,,,,,,,,,,,,
271195,"Tavira, 8800, Portugal","Faro District, Portugal",Portugal,37.116318,-7.642932,land,saltwater,2022-11-12,"Agrupamento 100 - Tavira | Salinas e Ria Formosa",1,12,13,297.62,2.49,3.09,,,,,,,,,,,,,,,,,,,,,,,,,,,,,,,,,,,,,,,,,,,,,,,,,,,,,,,,,,,
271196,"Macedo de Cavaleiros, 5340, Portugal","Bragança District, Portugal",Portugal,41.587049,-6.907323,land,saltwater,2022-11-12,"Agrupamento 602 - Macedo de Cavaleiros | Praia Fluvial da Ribeira",4,46,50,132.28,0.68,0.04,,,,,,,,,,,,,,,,,,,,,,,,,,,,,,,,,,,,,,,,,,,,,,,,,,,,,,,,,,,
271197,"Ílhavo, 3830, Portugal","Aveiro District, Portugal",Portugal,40.616136,-8.67091,land,saltwater,2022-11-12,"Agrupamento 189 - lhavo | Cho da Malhada - Coutada",3,27,30,284.40,0.19,0.00,,,,,,,,,,,,,,,,,,,,,,,,,,,,,,,,,1,,,,,,,,,,,,,,,,,,,,,,,,,,1
271198,"Coimbra, Portugal","Coimbra District, Portugal",Portugal,40.254161,-8.43462,land,freshwater,2022-11-12,"Agrupamento 1199 - Santa Apolnia | Ribeira de Sta Apolnia",5,45,50,837.76,1.24,0.00,,,,,,,,,,,,,,,,,,,,,,,,,,,,,,,,,,,,,,,,,1,,,,,,,,,,,,,,,,,,1
271199,"Penacova, 3360, Portugal","Coimbra District, Portugal",Portugal,40.34192,-8.32363,land,saltwater,2022-11-12,"Agrupamento 1413 - N. Sra. de Ftima | Pateira de Requeixo",2,26,28,182.98,1.86,0.58,,,,,,,,,,,,,,,,,,,,,,,,,,,,,,,,,,,,,,,,,,,,,,,,,,,,,,,,,,,
271200,"Almada, Portugal","Setubal, Portugal",Portugal,38.684543776827,-9.1596864158528,land,saltwater,2022-11-12,"Agrupamento 510 - Cacilhas | Cacilhas",6,62,68,"2,314.85",1.24,0.00,,,,,,,,,,,,,,,,,,,,,,,,,,,,,,,,,,,,,,,,,,,,,,,,,,,,,,,,,,,
271201,"Setúbal, Portugal","Setubal, Portugal",Portugal,38.4818503,-8.9768172,land,saltwater,2022-11-12,"Grupo 231 - Azeito | Praia do Creiro",4,42,46,551.16,0.19,0.01,,,,,,,,,,,,,,,,,,,,,,,,,,,,,,,,1,,,,,,,,,,,,,,,,,,,,,,,,,,,1
271202,"Sesimbra, Portugal","Setubal, Portugal",Portugal,38.440129,-9.091094,land,saltwater,2022-11-12,"Agrupamento 325 - Sesimbra | Praias de Sesimbra",5,54,59,273.37,1.24,0.04,,,,,,,,,,,,,,,,,,,,,,,,,,,,,,,,,,,,,,,,,,,,,,,,,,,,,,,,,,,
271203,"Vila do Conde, Portugal","Porto District, Portugal",Portugal,41.362551607421,-8.760007177445,land,saltwater,2022-11-19,"Agrupamento 994 - Caxinas | Vila do Conde",10,70,80,271.17,0.62,0.01,,,,,,,,,,,,,,,,,,,,,,,,,,,,,,1,,,,,,,,,,,,,,,,,,,,,,,,,,,,,1
271204,"Viseu, Portugal","Viseu District, Portugal",Portugal,40.653726,-7.937428,land,saltwater,2022-11-19,"Agrupamento 700 - Vildemoinhos | Rio Pavia (S. Salvador)",2,28,30,227.08,0.62,0.01,,,,,,,,,,,,,,,,,,,,,,,1,,,,,,,,,,,,,,,,,,,,,,,,,,,,,,,,,,,,1
271205,"3830 Gafanha da Encarnação, Portugal",,Portugal,40.628528,-8.751722,land,saltwater,2022-11-19,"Agrupamento 794 - Vilar | Praia da Barra e Costa Nova",3,32,35,220.46,1.62,0.00,,,,,,,,,,,,,,,,,,,,,,,,,,,,,,,,,,,,,,,,,,,,,,,,,,,,,,,,,,,
271206,"Póvoa de Varzim, Portugal","Porto District, Portugal",Portugal,41.41634,-8.786029,land,saltwater,2022-11-19,"Agrupamento 1072 - Rates | Praia de Sto Andr",3,35,38,132.28,0.25,0.01,,,,,,,,,,,,,,,,,,,,,,,,,,,,,,,,,,,,,,,,,,,,,,,,,,,,,,,,,,,
271207,"Sesimbra, Portugal","Setubal, Portugal",Portugal,38.50768,-9.18258,land,freshwater,2022-11-19,"Agrupamento 1238 - Pinhal de Frades | Lagoa de Albufeira",1,11,12,108.53,3.11,0.19,,,,,,,,,,,,,,,,,,,,,,,,,,,,,,,,,,,,,,,,,,,,,,,,,,,,,,,,,,,
271208,"Oeiras, Portugal","Lisbon, Portugal",Portugal,38.698745622115,-9.2792923707237,land,saltwater,2022-11-19,"Agrupamento 774 - Queijas | Praia de Caxias e de S. Bruno",4,46,50,147.49,0.39,0.49,,,1,,,,,,,,,,,,,,,,,,,,,,,,,,,,,,,,,,,,,,,,,,,,,,,,,,,,,,,,1
271209,"Mafra, Portugal","Lisbon, Portugal",Portugal,38.941675084543,-9.4149963477525,land,saltwater,2022-11-19,"Grupo 276 e 278 - Venda do Pinheiro | Praia da Foz do Lizandro",2,28,30,79.37,0.16,0.00,,,,,,,,,,,,,,,,,,,,,,,,,,,,,,,,,,,,,,,,,,,,,,,,,,,,,,,,,,,
271210,"Torres Vedras, Portugal","Lisbon, Portugal",Portugal,39.106145,-9.396571,land,freshwater,2022-11-20,"Agrupamento 557 - Penafiel | Praia Azul",1,11,12,154.32,0.18,0.01,,,,,,,,,,,,,,,,,,,,,,,,,,,,,,,,,,,,,,,,,,,,,,,,,,,,,,,,,,,
271211,"Sintra, Portugal","Lisbon, Portugal",Portugal,38.825072646482,-9.4699816852886,land,saltwater,2022-11-20,"Agrupamento 597 - Tires e 263 - Campolide | Praia das Mas",3,34,37,309.09,0.12,0.01,,,,,,,,,,,,,,,,,,,,,,,,,,,,,,,,,,,,,,,,,,,,,,,,,,,,,,,,,,,
271212,"Proença-a-Nova, 6150, Portugal","Castelo Branco District, Portugal",Portugal,39.721848,-7.798816,land,saltwater,2022-11-19,"Agrupamento 157 - Proena-a-Nova | Moinho de gua dos Carvalhos",2,22,24,30.86,0.06,0.01,,,,,,,,,,,,,,,,,,,,,,,,,,,,,,,,,,,,,,,,,,,,,,,,,,,,,,,,,,,
271213,"Barreiro, Portugal","Setubal, Portugal",Portugal,38.624771866186,-9.0531547682478,land,saltwater,2022-11-19,"Agrupamento 586 - Palhais | Praia de Palhais",2,22,24,202.83,0.16,0.01,,,,,,,,,,,,,,,,,,,,,,,,,,,,,,,,,,,,,,,,,,,,,,,,,,,,,,,,,,,
271214,"Abrantes, Portugal","Santarém District, Portugal",Portugal,39.47651,-8.194547,land,freshwater,2022-11-19,"Grupo 280 - Abrantes | Ribeira Qta dos Pinheiros",1,7,8,48.50,0.43,0.00,,,,,,,,,,,,,,,,,,,,,,,,,,,,,,,,,,,,,,,,,,,,,,,,,,,,,,,,,,,
271215,"Vila Nova de Gaia, Portugal","Porto District, Portugal",Portugal,41.136906,-8.66257,land,saltwater,2022-11-12,"Agrupamento 321 - Vilar do Paraso | Esturio do Douro",2,23,25,77.16,0.62,0.00,,,,,,,,,,,,,,,,,,,,,,,,,,,,,,,,,1,,,,,,,,,,,,,,,,,,,,,,,,,,1
271216,"Machico, Portugal","Madeira, Portugal",Portugal,32.718046175881,-16.762640594375,land,saltwater,2022-11-19,"1 Companhia do Funchal | Praia de Machico",1,6,7,11.57,0.03,0.00,,,,,,,,,,,,,,,,,,,,,,,,,,,,,,,,,,,,,,,,,,,,,,,,,,,,,,,,,,,
271217,"Figueira da Foz, Portugal","Coimbra District, Portugal",Portugal,40.147575,-8.854303,land,saltwater,2022-11-19,"Agrupamento 235 - Figueira da Foz | Rio Mondego",6,72,78,439.56,1.24,0.77,,,,,,,,,,,,,,,,,,,,,,,,,,,,,,,,,,,,,,,,,,,,,,,,,,,,,,,,,,,
271218,"Marinha Grande, Portugal","Leiria District, Portugal",Portugal,39.877873,-8.970982,land,saltwater,2022-11-19,"Corpo Nacional de Escutas | Praia da Vieira",16,231,247,489.09,1.12,0.00,,,,,,,,,,,,,,,,,,,,,,,,,,,1,,,,,,,,,,,,,,,,,,,,,,,,,,,,,,,,1
271219,"Torres Vedras, Portugal","Lisbon, Portugal",Portugal,39.102574,-9.398861,land,saltwater,2022-11-26,"Agrupamento 983 - So Pedro da Cadeira | Praia da Foz do Sizandro",3,26,29,198.42,1.24,0.01,,,,,,,,,,,,,,,,,,,,,,,,,,,,,,,,,,,,,,,,,,,,,,,,,,,,,,,,,,,
271220,"Porto District, Porto, Portugal","Porto District, Portugal",Portugal,41.161278,-8.686139,land,saltwater,2022-11-12,"Agrupamento 483 - Nevogilde | Praia do Homem do Leme",1,7,8,57.32,0.62,0.02,,,,,,,,,,,,,,,,,,,,,,,,,,,,,,,,,1,,,,,,,,,,,,,,,,,,,,,,,,,,1
271221,"Guimarães, Portugal","Braga, Portugal",Portugal,41.402656,-8.223067,land,saltwater,2022-11-26,"Agrupamento 694 - Margaride | Jugueiros",2,22,24,66.14,0.31,0.10,,,,,,,,,,,,,,,,,,,,,,,,,,,,,,,,,,,,,,,,,,,,,,,,,,,,,,,,,,,
271222,"8500 Portimão, Portugal","Faro District, Portugal",Portugal,37.115936,-8.534846,land,saltwater,2022-11-26,"Agrupamento 1398 - N Sr Amparo  | Praia da Rocha",5,65,70,562.18,0.75,0.00,,,,,,,,,,,,,,,,,,,,,,,,,,,,,,,,,,,,,,,,,,,1,,,,,,,,,,,,,,,,1
271223,"Loures, Portugal","Lisbon, Portugal",Portugal,38.789013,-9.090867,land,saltwater,2022-11-18,"Agrupamento 1177 - Fames | Passeio do Tejo",2,21,23,374.79,0.12,0.00,,,1,,,,,,,,,,,,,,,,,,,,,,,,,,,,,,,,,,,,,,,,,,,,,,,,,,,,,,,,1
271224,"Ovar, Portugal","Aveiro District, Portugal",Portugal,40.940396,-8.658385,land,saltwater,2022-11-27,"Agrupamento 313 - Cortegaa | Praia de Cortegaa",3,29,32,297.62,0.53,0.01,,,,,,,,,,,,,,,,,,,,,,,,,,,,,,,,,,,,,,,,,,,,,,,,,,,,,,,,,,,
271225,"Abrantes, Portugal","Santarém District, Portugal",Portugal,39.461084,-8.242352,land,saltwater,2022-11-26,"Agrupamento 273 - Tramagal | Porto da Barca",4,21,25,70.55,0.31,0.00,,,,,,,,,,,,,,,,,,,,,,,,,,,,,,,,,,,,,,,,,,,,,,,,,,,,,,,,,,,
271226,"Cartaxo, Portugal","Santarém District, Portugal",Portugal,39.08169475749,-8.7580357308368,land,saltwater,2022-11-26,"Agrupamento 1120 - Cartaxo | Praia de Valada do Ribatejo",5,45,50,112.44,0.75,0.07,,,,,,,,,,,,,,,,,,,,,,,,,,,,,,,,,,,,,,,,,,,,,,,,,,,,,,,,,,,
271227,"Sesimbra, Portugal","Setubal, Portugal",Portugal,38.492593408527,-9.1833449273252,land,saltwater,2022-11-19,"Grupo 178 - Mercs | Praia de Alfarim",1,5,6,176.37,0.62,0.00,,,,,,,,,,,,,,,,,,,,,,,,,,,,,,,,1,,,,,,,,,,,,,,,,,,,,,,,,,,,1
271228,"Cascais, Portugal","Lisbon, Portugal",Portugal,38.688217907408,-9.3603008773159,land,saltwater,2022-11-19,"Grupo 262 - Carregado | Praia das Avencas",1,5,6,297.62,3.73,0.19,,,,,,,,,,,,,,,,,,,,,,,,,,,1,,,,,,,,,,,,,,,,,,,,,,,,,,,,,,,,1
271229,"2780 Oeiras, Portugal",,Portugal,38.684625039579,-9.3116073972092,land,saltwater,2022-11-26,"Agrupamento 79 - Prazeres | Praia de Sto Amaro de Oeiras",2,17,19,116.84,0.40,0.01,,,,,,,,,,,,,,,,,,,,,,,,,,,,,,,,,,,,,,,,,,,,,,,,,,,,,,,,,,,
271230,"Carcavelos, Portugal",,Portugal,38.67924,-9.335326,land,saltwater,2022-11-26,"Agrupamentos 1400 - Conceio da Abboda e 342 - Vialonga | Praia de Carcavelos",1,9,10,15.43,0.81,0.50,,,,,,,,,,,,,,,,,,,,,,,,,,,,,,,,,,,,,,,,,,,,,,,,,,,,,,,,,,,
271231,"Manteigas, Portugal","Guarda District, Portugal",Portugal,40.401661035373,-7.5392136122065,land,freshwater,2022-11-26,"Agrupamento 232 - Manteigas | Ribeiro da Vila",4,35,39,440.92,0.62,0.02,,,,,,,,,,,,,,,,,,,,,,,,,,,,,,,,,,,,,,,,,,,,,,,,,,,,,,,,,,,
271232,"Alcochete, Portugal","Setubal, Portugal",Portugal,38.760401,-8.937761,land,freshwater,2022-11-26,"Agrupamento 223 - Alcochete | Stio das hortas",2,31,33,180.78,0.19,0.02,,,,,,,,,,,,,,,,,,,,,,,,,,,,,,,,,,,,,,,,,,,,,,,,,,,,,,,,,,,
271233,"Odemira, Portugal","Beja District, Portugal",Portugal,37.7240941,-8.7916478,land,saltwater,2022-11-26,"Agrupamento 938 - Vila Nova de Milfontes | Praias de Vila Nova de Milfontes",2,22,24,122.58,0.93,0.00,,,,,,,,,,,,,,,,,,,,,,,,1,,,,,,,,,,,,,,,,,,,,,,,,,,,,,,,,,,,1
271234,"Barreiro, Portugal","Setubal, Portugal",Portugal,38.681749,-9.042541,land,saltwater,2022-11-12,"Agrupamento 1011 - Lavradio | Praia da Barra a Barra",2,21,23,522.49,0.62,0.02,,,,,,,,,,,,,,,,,,,,,,,,,,,,,,1,,,,,,,,,,,,,,,,,,,,,,,,,,,,,1
271235,"Mafra, Portugal","Lisbon, Portugal",Portugal,39.012046407394,-9.421684400461,land,saltwater,2022-11-26,"Agrupamento 488 - Mafra | Praia de S. Loureno",4,34,38,85.54,0.20,0.01,,,,,,,,,,,,,,,,,,,,,,,,,,,,,,,,,,,,,,,,,,,,,,,,,,,,,,,,,,,
271236,"2780 Oeiras, Portugal",,Portugal,38.684747397156,-9.3111986738572,land,saltwater,2022-11-05,"Agrupamento 797 - Nova Oeiras e 83 - Airo Santa Maria | Passeio Martimo de Oeiras",2,22,24,110.23,0.62,0.19,,,,,,,,,,,,,,,,,,,,,,,,,,,,,,,,,,,,,,,,,,,,,,,,,,,,,,,,,,,
271237,"Grândola, Portugal","Setubal, Portugal",Portugal,38.305661,-8.780438,land,saltwater,2022-11-27,"Agrupamento 743 - Mora | Praia do Carvalhal",3,33,36,399.04,0.31,0.01,,,,,,,,,,,,,,,,,,,,,,,,,,,,,,,,,,,,,,,,,,,,,,,,,,,,,,,,,,,
271238,"Esposende, 4740, Portugal","Braga, Portugal",Portugal,41.4741,-8.7753,land,saltwater,2022-11-26,"Agrupamento 724 - Gilmonde | Praia da Ramalha",1,9,10,220.46,0.62,0.00,,,,,,,,,,,,,,,,,,,,1,,,,,,,,,,,,,,,,,,,,,,,,,,,,,,,,,,,,,,,1
271239,"Caldas da Rainha, 2500, Portugal","Leiria District, Portugal",Portugal,39.50449,-9.157099,land,saltwater,2022-11-27,"Agrupamento 1040 - Vale de Figueira | Salir do Porto",3,26,29,114.64,3.11,0.29,,,,,,,,,,,,,,,,,,,,1,,,,,,,,,,,,,,,,,,,,,,,,,,,,,,,,,,,,,,,1
271240,"Alcobaça, Portugal","Leiria District, Portugal",Portugal,39.50244834846,-9.140451229877,land,saltwater,2022-11-19,"Agrupamento 869 - So Martinho do Porto | S. Martinho do Porto",5,46,51,220.46,0.16,0.10,,,,,,,,,,,,,,,,,,,,,,,,,,,,,,,,,1,,,,,,,,,,,,,,,,,,,,,,,,,,1
271241,"Esposende, 4740, Portugal","Braga, Portugal",Portugal,41.474680047385,-8.773320594256,land,saltwater,2022-11-19,"Agrupamento 208 - Ferreira | Praia da Ramalha Sul Esposende",1,10,11,330.69,0.25,0.12,,,,,,,,,,,,,,,,,,,,,,,,,,,,,,,,,1,,,,,,,,,,,,,,,,,,,,,,,,,,1
271242,"Montijo, Portugal","Setubal, Portugal",Portugal,38.703928,-8.97653,land,saltwater,2022-11-26,"Agrupamento 1399 - Afonsoeiro | Zona Ribeirinha Montijo",1,12,13,167.33,1.24,0.08,,,,,,,,,,,,,,,,,,,,,,,,,,,,,,1,,,,,,,,,,,,,,,,,,,,,,,,,,,,,1
271243,"Aveiro, Portugal","Aveiro District, Portugal",Portugal,40.644932,-8.655063,land,saltwater,2022-11-12,"Agrupamento 283 - Vera Cruz | Ria de Aveiro",2,16,18,119.05,2.05,0.11,,,,,,,,,,,,,,,,,,,,,,,,,,,,,,,,,,,,,,,,,,,,,,,,,,,,,,,,,,,
271244,"Alcanena, Portugal","Santarém District, Portugal",Portugal,39.445033,-8.710778,land,saltwater,2022-11-26,"Agrupamento 1336 - Minde | Olhos de gua (Alviela)",1,5,6,48.50,1.24,0.15,,,,,,,,,,,,,,,,,,,,,,,,,,,,,,,,,1,,,,,,,,,,,,,,,,,,,,,,,,,,1
271245,"Setúbal, Portugal","Setubal, Portugal",Portugal,38.470914,-8.98691,land,saltwater,2022-11-12,"Agrupamento 890 - vora | Praia do Portinho da Arrbida",2,20,22,13.23,0.13,0.01,,,,,,,,,,,,,,,,,,,,,,,,,,,,,,,,,,,,,,,,,,,,,,,,,,,,,,,,,,,
271246,"Viana do Castelo, Portugal","Viana do Castelo District, Portugal",Portugal,41.700127,-8.856275,land,saltwater,2022-11-13,"Agrupamento 348 - Meadela | Forte da Vinha a Castelo Velho (Praia Norte)",6,74,80,275.58,1.86,0.06,,,,,,,,,,,,,,,,,,,,,,,,,,,,,,,,,,,,,,,,,,,,,,,,,,,,,,,,,,,
271247,"Viana do Castelo, Portugal","Viana do Castelo District, Portugal",Portugal,41.701417,-8.748949,land,saltwater,2022-11-26,"Agrupamento 450 - Serreleis | Praia Fluvial Barco do Porto",2,19,21,198.42,0.50,0.01,,,,,,,,,,,,,,,,,,,,,,,,,,,,,,,,,,,,,,,1,,,,,,,,,,,,,,,,,,,,1
271248,"Alcochete, Portugal","Setubal, Portugal",Portugal,38.729045,-9.010276,land,saltwater,2022-11-18,"Agrupamento 72 - Montijo | Praia Fluvial do Samouco",1,9,10,288.81,1.24,0.01,,,,,,,,,,,,,,,,,,,,,,,,,,,,,,,,,,,,,,,,,,,,,,,,,,,,,,,,,,,
271249,"Loures, Portugal","Lisbon, Portugal",Portugal,38.787329719861,-9.0916713407552,land,freshwater,2022-11-12,"Agrupamento 1100 - Parque das Naes | Parque de bicicletas",5,55,60,330.69,0.05,0.02,,,,,,,,,,,,,,,,,,,,,,,,,,,,,,,,,,,,,,,,,,,,,,,,,,,,,,,,,,,
271250,"Vila do Conde, Portugal","Porto District, Portugal",Portugal,41.312135,-8.740365,land,saltwater,2022-11-26,"Agrupamento 572 - Mindelo | Mindelo",10,100,110,189.60,0.62,0.00,,,,,,,,,,,,,,,,,,,,1,,,,,,,,,,,,,,,,,,,,,,,,,,,,,,,,,,,,,,,1
271251,"Ílhavo, 3830, Portugal","Aveiro District, Portugal",Portugal,40.640394854751,-8.7493143918039,land,saltwater,2022-11-26,"Agrupamento 1021 - Praia da Barra | Praia da Barra",4,41,45,297.62,0.52,0.01,,,,,,,,,,,,,,,,,,,,,,,,,,,,,,,,,,,,,,,,,,,,,,,,,,,,,,,,,,,
271252,,,Portugal,38.802363,-9.484762,land,saltwater,2022-11-26,"Grupo 82 - Algueiro (Mem Martins) | Praia da Adraga",5,40,45,110.23,0.62,0.06,,,,,,,,,,,,,,,,,,,,,,,,,,,,,,,,,1,,,,,,,,,,,,,,,,,,,,,,,,,,1
271253,"Matosinhos, Portugal","Porto District, Portugal",Portugal,41.174271,-8.6905604,land,saltwater,2022-11-12,"2 Companhia de Matosinhos | Praia de Matosinhos",2,21,23,80.36,0.37,0.14,,,,,,,,,,,,,,,,,,,,,,,,,,,,,,,,,,,,,,,,,,,,,,,,,,,,,,,,,,,
271254,"Sintra, Portugal","Lisbon, Portugal",Portugal,38.825312,-9.470147,land,saltwater,2022-11-19,"Grupo 178 - Mercs | Praia das Mas",2,17,19,154.32,1.86,0.02,,,,,,,,,,,,,,,,,,,,,,,,,,,,,,,,,,,,,,,,,,,,,,,,,,,,,,,,,,,
271255,"Vila Nova de Gaia, Portugal","Porto District, Portugal",Portugal,41.136906,-8.66257,land,saltwater,2022-11-12,"Agrupamento 575 - S. Flix da Marinha | Cabedelo do Douro",6,46,52,551.16,0.19,0.01,,,,,,,,,,,,,,,,,,,,,,,,,,,,,,,,,,,,,,,,,,,,,,,,,,,,,,,,,,,
271256,"Torres Vedras, Portugal","Lisbon, Portugal",Portugal,39.106101,-9.396557,land,freshwater,2022-11-20,"Agrupamento 1183 - Silveira | Observatrio Aves Rio Sizandro",2,12,14,154.32,0.18,0.01,,,,,,,,,,,,,,,,,,,,,,,,,,,,,,,,,,,,,,,,,,,,,,,,,,,,,,,,,,,
271257,"Loures, Portugal","Lisbon, Portugal",Portugal,38.796816,-9.096408,land,freshwater,2022-11-26,"Agrupamento 905 - Sacavm | Foz do Tranco",8,60,68,"1,102.31",0.31,0.01,,,,,,,,,,,,,,,,,,,,,,,,,,,,,,,,,,,,,,,,,,,,,,,,,,,,,,,,,,,
271258,"Coimbra, Portugal","Coimbra District, Portugal",Portugal,40.179577240556,-8.4171652018544,land,freshwater,2022-11-26,"Agrupamento 1067 - Pampilhosa | Praia Fluvial do Rebolim - Rio Mondego",2,9,11,26.46,0.62,0.03,,,,,,,,,,,,,,,,,,,,,,,,,,,,,,,,,,,,,,,,,,,,,,,,,,,,,,,,,,,
271259,"Lajes das Flores, Portugal","Azores, Portugal",Portugal,39.4373916,-31.2598425,land,saltwater,2022-11-26,"Agrupamento 691 - N. Sra. da Conceio | Rolo da Fajzinha",6,43,49,22.05,0.16,0.01,,,,,,,,,,,,,,,,,,,,,,,,,,,,,,,,,,,,,,,,,,,,,,,,,,,,,,,,,,,
271486,"Cascais, Portugal","Lisbon, Portugal",Portugal,38.684476333565,-9.3355021502379,land,,2023-03-13,cleaners,2,,2,1.08,0.00,0.00,,5,,,3,2,,,,19,,,,,,5,,8,1,,,,,,,,,,,,,,,,,,3,1,1,,,1,,,9,,,,,,,,,,,,,,58
272152,"Cascais, Portugal","Lisbon, Portugal",Portugal,38.6951593938,-9.4507424795026,land,,2023-03-18,"Sailors for the sea",1,,1,23.23,0.23,0.00,,1,30,21,5,18,2,9,3,18,1,,1,,9,5,1,,,,,,,,,,,,,4,2,3,1,,,1,21,33,3,,,1,,,29,,,,,,,,,,,,,,222
272153,"Cascais, Portugal","Lisbon, Portugal",Portugal,38.695595,-9.4497733333333,land,,2023-03-18,"Sailors of the sea",1,,1,194.57,0.13,0.00,,4,3,8,1,5,4,1,4,4,1,,3,,,8,,,3,1,,1,,1,1,7,,3,,2,,,1,,,,101,98,65,,,,,,,,,,,,,,,,,,,,330
272154,"Cascais, Portugal","Lisbon, Portugal",Portugal,38.695922281622,-9.4498705379673,land,,2023-03-18,"sailors for the sea",18,,18,3.43,0.03,0.00,,,,5,,6,,1,,4,1,1,,1,,,,,,,,,,,,,,,,,,,,,,,,4,,,,1,,,,,,,,,,,,,,,,,24
272155,"Cascais, Portugal","Lisbon, Portugal",Portugal,38.6967571,-9.4207438,land,,2023-03-18,"sailors 4 the sea",18,,18,45.43,0.00,0.00,,4,7,1,3,1,1,,,3,,,1,,,4,,,,,3,,,2,,,,,,,,,,,,,5,,,,,,,,16,,,,,,,,,,,,,,51
272221,"Cascais, Portugal","Lisbon, Portugal",Portugal,38.6951593938,-9.4507424795026,land,,2023-03-18,"Sailors for the sea",21,,21,97.00,0.12,0.00,,,,2,,,1,3,1,33,2,2,,,,,,,,,1,,10,,,1,,1,,2,,,1,20,1,,1,1,2,,1,1,,,61,,,,,,,,,,,,,,148
272489,"Cascais, Portugal","Lisbon, Portugal",Portugal,38.695493442938,-9.4496105331928,land,,2023-03-18,"Sailor for the Sea",18,,18,0.01,0.00,0.00,,,,,,,,,,,,,,,,,,,,,,,,,,,,,,,,,,,,,,,,,,,,,,,,,,,,,,,,,,,
278969,"Cascais, Portugal","Lisbon, Portugal",Portugal,38.7054,-9.4258922,land,,2023-04-24,"Sailors for the sea",42,,42,853.18,0.00,0.00,56,,,,,,,,,,,,,,,,,,,,,,,,,,,,,,,,,,,,,,,,,,,,,,,,,,,,,,,,,,
279529,"Cascais, Portugal","Lisbon, Portugal",Portugal,38.700899131534,-9.4605585569701,land,,2023-04-30,"MPC Green Coast Peakees",1,,1,7.72,0.00,0.00,1,,,,,,,,,,,,,,,,,,,,,,,,,,,,,,,,,,,,,,,,,,,,,,,,,,,,,,,,,,
280228,"Cascais, Portugal","Lisbon, Portugal",Portugal,38.6811015,-9.33881901,land,,2023-05-09,,1,,1,2.73,0.00,0.00,,5,22,2,,,13,16,,9,,6,,2,3,5,2,,,,,,,,,,,,,1,,,,,,,,,,,,1,,,,,,,,,,,,,,,,,87
280229,"Cascais, Portugal","Lisbon, Portugal",Portugal,38.681124634714,-9.3392185471242,land,,2023-05-09,,3,,3,6.50,0.00,0.00,,3,15,7,4,1,5,12,15,82,5,6,1,2,3,1,5,1,3,,,,,,,4,,3,,1,,,,1,7,,,,,,1,,,,,,,,,,,,,,,,,,188
280558,"Cascais, Portugal","Lisbon, Portugal",Portugal,38.684628891125,-9.3363629325415,land,,2023-05-09,"sar sars",2,,2,0.01,0.00,0.00,,,,,,,,,,,,,,,,,,,,,,,,,,,,,,,,,,,,,,,,,,,,,,,,,,,,,,,,,,,
280921,"Almada, Portugal","Setubal, Portugal",Portugal,38.616270544007,-9.2178151197731,land,,2023-05-17,"Springer Nature Lisbon",18,,18,47.83,0.00,0.00,,2,10,,4,,5,40,,114,,2,,,5,18,30,,,6,2,,,,,3,,,,,,,,,2,,,,1,,2,6,,1,28,,,,,,,,,,,,,,281
281432,"Cascais, Portugal","Lisbon, Portugal",Portugal,38.684170841862,-9.3379022805646,land,,2023-05-23,,3,,3,4.17,0.00,0.00,,7,3,2,16,3,,18,3,5,,4,16,2,4,2,6,,,,,,,,,1,,3,,,,2,,3,,,,3,,,,,,,14,,,,,,,,,,,,,,117
281433,"Cascais, Portugal","Lisbon, Portugal",Portugal,38.68475997,-9.3355675,land,,2023-05-23,,2,,2,3.30,0.00,0.00,,5,10,3,1,3,4,2,,14,1,9,,2,4,,,,,,,,,,,,,,,2,,,,,,,,,,,,,,,,,,,,,,,,,,,,,60
281434,"Cascais, Portugal","Lisbon, Portugal",Portugal,38.68474243418,-9.3354271648309,land,,2023-05-23,,2,,2,63.24,0.00,0.00,,1,1,5,3,1,,,,6,,,,,,7,,,,,,,,3,,3,,2,,,,,,,,,,,,,,,,,5,,,,,,,,,,,,,,37
281477,"Lisbon, Portugal","Lisbon, Portugal",Portugal,38.743024951313,-9.1572014997688,land,,2023-05-24,"Sailors for the sea",1,,1,0.01,0.00,0.00,,,,,,,,,,,,,,,,,,,,,,,,,,,,,,,,,,,,,,,,,,,,,,,,,,,,,,,,,,,
283492,"Esposende, 4740, Portugal","Braga, Portugal",Portugal,41.555066917304,-8.7893507396266,land,,2023-06-14,,1,,1,5.07,0.00,0.00,,1,,,,1,,,1,,1,,,,,1,1,,,,1,,1,,,,,1,,1,,1,1,,,,,1,,,,,,,,,,,,,,,,,,,,,13
283493,"Esposende, 4740, Portugal","Braga, Portugal",Portugal,41.555066917304,-8.7893507396266,land,,2023-06-14,,1,,1,24.50,0.00,0.00,3,,,,,,,,,,,,,,,,,,,,,,,,,,,,,,,,,,,,,,,,,,,,,,,,,,,,,,,,,,
283766,"Cascais, Portugal","Lisbon, Portugal",Portugal,38.6967571,-9.4207438,land,,2023-06-17,"Sailors for the Sea Portugal",1,,1,80.61,0.00,0.00,,8,2,31,7,15,,29,7,209,,2,,1,2,17,,,,6,1,,6,,,,3,2,3,1,,,,2,9,,,14,,,,6,,,36,,,,,,,,,,,,,,419
283921,"Cascais, Portugal","Lisbon, Portugal",Portugal,38.681500365327,-9.3410751026608,land,,2023-06-20,"Beach clean NVA",3,,3,2.69,0.38,0.00,,3,11,2,4,,26,5,5,37,2,2,4,3,3,9,,2,4,,,,,,,,,,,,,,,,,,,,,,,,,,,,,,,,,,,,,,,,122
283922,"Cascais, Portugal","Lisbon, Portugal",Portugal,38.68453739,-9.33788675,land,,2023-06-20,,2,,2,45.00,0.00,0.00,6,,,,,,,,,,,,,,,,,,,,,,,,,,,,,,,,,,,,,,,,,,,,,,,,,,,,,,,,,,
283923,"Cascais, Portugal","Lisbon, Portugal",Portugal,38.684836147472,-9.3359850621959,land,,2023-06-20,PEDO,3,,3,5.26,0.13,0.00,,2,4,1,2,,,,3,5,,,6,,,10,,,,,,,,,,,,,,3,,,1,1,,,,18,,,,,,,9,,,,,,,,,,,,,,65
283924,"Cascais, Portugal","Lisbon, Portugal",Portugal,38.68507898,-9.33549456,land,,2023-06-20,,2,,2,2.98,0.00,0.00,,5,15,2,6,1,3,2,3,14,,2,,5,,,4,4,1,,,,,,,,,,,1,,,,,,,,,4,,,,,,,,,,,,,,,,,,,,72
284815,"Vila do Bispo, 8650, Portugal","Faro District, Portugal",Portugal,37.0168293,-8.9405931,land,,2023-06-30,steph,1,,1,0.01,0.00,0.00,,,,,,,,,,,,,,,,,,,,,,,,,,,,,,,,,,,,,,,,,,,,,,,,,,,,,,,,,,,
286233,"Ponte de Sor, Portugal","Portalegre District, Portugal",Portugal,39.11444149,-8.13477039,land,,2023-07-23,"Clã 42 - 75 Estoril",10,,10,41.49,3.22,0.00,,9,3,10,15,5,4,,,58,2,3,,2,,,,,,2,,,6,,,2,7,,,,,2,,,1,1,2,13,2,,,2,,,411,,,,,,,,,,,,,,562
286918,"Olhão, 8700, Portugal","Faro District, Portugal",Portugal,37.03679,-7.7952683333333,land,,2023-08-05,CMO,1,,1,26.46,0.14,0.00,,3,12,3,9,2,,3,2,36,,3,2,,1,7,,1,,,,,3,,,,2,,,3,,,,3,7,,,93,1,,1,1,,,,,,,,,,,,,,,,,198
286919,"Olhão, 8700, Portugal","Faro District, Portugal",Portugal,37.0366667,-7.7947222,underwater,,2023-08-05,"Projeto Gea - Σχέδιο Γης",3,,3,69.80,0.00,0.00,,4,12,2,14,6,3,6,5,86,1,,,,4,11,,2,,7,4,,,,,,,1,,2,1,,,,3,1,10,2,,,18,,,,9,,,,,,,,,,,,,,214
286920,"Olhão, 8700, Portugal","Faro District, Portugal",Portugal,37.036363645539,-7.7957468608092,land,,2023-08-05,"Sailors for the sea",21,,21,38.86,2.80,0.00,,,,4,2,4,2,25,8,1186,,9,,,,2,,5,,3,,,4,,,4,,4,,5,,,,,,4,1,2,,3,,1,,,1,,,,,,,,,,,,,,1279
286936,"Olhão, 8700, Portugal","Faro District, Portugal",Portugal,37.03643094,-7.79561868,land,,2023-08-05,"Sailors for the Sea",3,,3,69.24,0.00,0.00,,1,1,,,,1,7,1,341,,,,,,4,1,4,,9,,,2,,,,,,,2,,,,,,,,,,,,,,,15,,,,,,,,,,,,,,389
287045,"Vila Franca de Xira, Portugal","Lisbon, Portugal",Portugal,38.926258175634,-9.0078139957041,land,,2023-08-08,,1,,1,0.53,0.00,0.00,,1,,1,,,,,,,,,,,,,,,,,,,,,,,,,,,,,,,,,,,,,,,,,,,,,,,,,,,,,,,2
287084,"Olhão, 8700, Portugal","Faro District, Portugal",Portugal,37.0260416,-7.8423509,land,,2023-08-05,"Sailors of the Sea",1,,1,0.01,0.00,0.00,,,,,,,,,,,,,,,,,,,,,,,,,,,,,,,,,,,,,,,,,,,,,,,,,,,,,,,,,,,
287284,"Vila Franca de Xira, Portugal","Lisbon, Portugal",Portugal,38.926143092103,-9.0079051908106,land,,2023-08-09,,1,,1,0.01,0.00,0.00,,,,,,,,,,,,,,,,,,,,,,,,,,,,,,,,,,,,,,,,,,,,,,,,,,,,,,,,,,,
289505,"Serpa, 7830, Portugal","Beja District, Portugal",Portugal,37.939823251317,-7.59155349119,land,,2023-08-24,"Sailors for the sea",1,,1,0.01,0.00,0.00,,,,,,,,,,,,,,,,,,,,,,,,,,,,,,,,,,,,,,,,,,,,,,,,,,,,,,,,,,,
289936,"Cascais, Portugal","Lisbon, Portugal",Portugal,38.679556505535,-9.3311921664403,land,saltwater,2023-03-04,"Cascais Ambiente",42,4,46,242.51,0.31,0.00,20,,,,,,,,,,,,,,,,,,,,,,,,,,,,,,,,,,,,,,,,,,,,,,,,,,,,,,,,,,
289937,"Cascais, Portugal","Lisbon, Portugal",Portugal,38.679556505535,-9.3311921664403,land,saltwater,2023-05-03,"Cascais Ambiente",6,35,41,77.16,0.31,0.00,20,,,351,300,202,,,30,200,,50,,,,250,30,,,1,,,1,2,,,,,,40,,,2,25,,,,50,30,,,,,,,,,,,,,,,,,,,,1564
289938,"Cascais, Portugal","Lisbon, Portugal",Portugal,38.682108357951,-9.3373037097308,land,saltwater,2023-05-05,"Cascais Ambiente",10,75,85,132.28,0.31,0.00,,30,,260,450,156,,,20,100,,56,30,30,50,350,1,,30,14,,,2,1,,,,,,90,,,,250,,,,500,6,,,5,,,,,,,,,,,,,,,,,2431
289939,"Cascais, Portugal","Lisbon, Portugal",Portugal,38.691996344102,-9.3658192267645,land,saltwater,2023-05-04,"Cascais Ambiente",4,23,27,48.50,0.31,0.00,,15,,73,200,84,,,53,150,,5,,,10,250,50,,3,7,,,,,,,,,,11,,1,,5,10,,110,25,,30,,4,,,,,,,,,,,,,,,,,1096
289940,"Cascais, Portugal","Lisbon, Portugal",Portugal,38.6921633861,-9.3662654496629,land,saltwater,2023-05-19,"Cascais Ambiente",5,44,49,97.00,0.16,0.00,,15,,6,150,17,,15,30,133,,20,,,100,200,50,,30,14,,,,,,,,,,12,,,,30,,,150,75,,50,,2,,,,,,,,,,,,,,,,,1099
289941,"Cascais, Portugal","Lisbon, Portugal",Portugal,38.680087951147,-9.3317463309122,land,saltwater,2023-09-04,"Cascais Ambiente",33,,33,167.55,0.31,0.00,,50,,200,250,110,,50,75,825,,95,20,,150,350,,,,3,,,15,,,,,,,93,,,,45,5,,60,400,30,,,25,,,,,,,,,,,,,,,,,2851
289942,"Cascais, Portugal","Lisbon, Portugal",Portugal,38.700298281024,-9.4166441071451,land,saltwater,2023-03-29,"Cascais Ambiente",22,,22,15.43,0.16,0.00,,,,,,,,,,,,,,,,,,,,,,,,,,,,,,,,,,,,,,,,,,,,,,,,,,,,,,,,,,,
289943,,,Portugal,38.696549361326,-9.4193628261839,underwater,saltwater,2023-06-16,"Cascais Ambiente",90,10,100,"1,366.87",0.47,0.00,,,,,,,,,,,,,,,,,,,,,,,,,,,,,,,,,,,,,,,,,,,,,,,,,,,,,,,,,,,
290641,"Vila Nova de Gaia, Portugal","Porto District, Portugal",Portugal,41.140960263253,-8.6516422530547,land,,2023-09-08,"Sailors for the sea",1,,1,0.01,0.00,0.00,,,,,,,,,,,,,,,,,,,,,,,,,,,,,,,,,,,,,,,,,,,,,,,,,,,,,,,,,,,
293559,"Lisbon, Portugal","Lisbon, Portugal",Portugal,38.708133984013,-9.2077947719306,land,,2023-09-17,"Sailor for the Sea",19,,19,6.00,0.00,0.00,,2,70,,9,3,,,9,270,1,,2,,,15,1,1,,2,,,,,,,,,,,,,,,,,1,2,,,,,,,15,,,,,,,,,,,,,,403
293566,"Lisbon, Portugal","Lisbon, Portugal",Portugal,38.708133984013,-9.2077947719306,land,,2023-09-17,"Sailor for the Sea",1,,1,1.00,0.00,0.00,,,,1,,2,,,4,51,,,4,2,,8,1,1,,4,,,2,,,,,1,,3,,,,,1,,,,,,,1,,1,70,,,,,,,,,,,,,,157
294280,"Cascais, Portugal","Lisbon, Portugal",Portugal,38.692242622067,-9.4189736380795,land,,2023-09-15,"Sailors for the sea",1,,1,0.01,10.00,0.00,,,,,,,,,,,,,,,,,,,,,,,,,,,,,,,,,,,,,,,,,,,,,,,,,,,,,,,,,,,
295073,"Oeiras, Portugal","Lisbon, Portugal",Portugal,38.675864869765,-9.3229018058715,land,,2023-09-16,"sailors for the sea",5,,5,0.01,0.04,0.00,,,,,,,,,,,,,,,,,,,,,,,,,,,,,,,,,,,,,,,,,,,,,,,,,,,,,,,,,,,
299411,"Lisbon, Portugal","Lisbon, Portugal",Portugal,38.742999765904,-9.1572109192863,land,,2023-09-27,"Sailors for the sea",40,,40,47.04,0.00,0.00,,,2,3,3,,2,20,23,322,,,,,,,,20,,4,,,6,,,,,7,,,,,,,,2,,,,16,,,,,155,,,,,,,,,,,,,,585
299412,"Lisbon, Portugal","Lisbon, Portugal",Portugal,38.742999765904,-9.1572109192863,land,,2023-09-27,"Sailors for the sea",33,,33,2.20,0.00,0.00,,,,,1,,,22,15,450,,,,,1,,2,9,,11,,,3,,,4,,18,,6,,,1,2,3,3,6,,,22,,,,2,288,,,,,,,,,,,,,,869
299413,"Lisbon, Portugal","Lisbon, Portugal",Portugal,38.742999765904,-9.1572109192863,land,,2023-09-27,"Sailors for the sea",35,,35,4.41,0.00,0.00,,2,,3,20,,,23,,100,,,,,,,,,,,,,,,,57,,,,,,,,5,,,,36,,32,,,,,41,,,,,,,,,,,,,,319
299415,"Lisbon, Portugal","Lisbon, Portugal",Portugal,38.742999765904,-9.1572109192863,land,,2023-09-27,"Sailors for the sea",52,,52,8.82,0.00,0.00,,2,,2,3,2,5,10,,610,,,,,,5,1,5,1,9,,,3,,,8,,,,,,,,,,,,,,25,,,,,404,,,,,,,,,,,,,,1095
299417,"Lisbon, Portugal","Lisbon, Portugal",Portugal,38.742999765904,-9.1572109192863,land,,2023-09-27,"Sailors for the sea",42,,42,39.68,0.00,0.00,,2,,5,4,5,,10,16,706,,,,,,,,5,,20,,,4,,,4,,6,,1,,,,,,,4,29,1,50,,,,,200,,,,,,,,,,,,,,1072
299418,"Lisbon, Portugal","Lisbon, Portugal",Portugal,38.742999765904,-9.1572109192863,land,,2023-09-27,"Sailors for the sea",37,,37,41.89,0.00,0.00,,,,15,19,12,,24,30,650,,,,,,,,,,4,,,9,,,6,,,,3,,,,,3,,,10,,,,,,,308,,,,,,,,,,,,,,1093
299420,"Lisbon, Portugal","Lisbon, Portugal",Portugal,38.742999765904,-9.1572109192863,land,,2023-09-27,"Sailors for the sea",51,,51,28.66,0.00,0.00,,1,,11,15,9,,,,750,,,,,,,,,,34,,,7,,,11,,,,3,,,,,5,,5,32,,22,,,,1,368,,,,,,,,,,,,,,1274
300297,"Peniche, Portugal","Leiria District, Portugal",Portugal,39.3646639,-9.373002,land,,2023-10-02,"Thai Union Group PCL. (Thai Union Group subsidiary: ESIP)",40,,40,176.33,0.00,0.00,14,,,,,,,,,,,,,,,,,,,,,,,,,,,,,,,,,,,,,,,,,,,,,,,,,,,,,,,,,,
300426,"Cascais, Portugal","Lisbon, Portugal",Portugal,38.69204950175,-9.4187505800456,land,,2023-09-29,"Sailors for the sea",1,,1,0.01,0.00,0.00,,,,,,,,,,,,,,,,,,,,,,,,,,,,,,,,,,,,,,,,,,,,,,,,,,,,,,,,,,,
300449,"Vila Nova de Gaia, Portugal","Porto District, Portugal",Portugal,41.050877339079,-8.6512184143066,land,saltwater,2023-09-23,"Amcor Porto",30,7,37,220.46,0.62,0.00,12,12,60,,23,,,18,100,475,,,13,1,10,585,15,223,10,140,,,,,,15,12,10,,1,,,,,3,1,,,1,,5,,1,25,4000,,,,,,,,,,,,,,5759
300656,"Cascais, Portugal","Lisbon, Portugal",Portugal,38.684615055886,-9.3363647056627,land,,2023-10-04,,3,,3,5.61,0.12,0.00,,2,6,1,7,1,1,4,4,55,,1,1,2,1,13,,3,,,,,1,,1,,,,,,,,,5,,1,,2,,,,,,,8,,,,,,,,,,,,,,120
300658,"Cascais, Portugal","Lisbon, Portugal",Portugal,38.684447236171,-9.3378415094811,land,,2023-10-04,"Ze e Mariana",2,,2,26.91,0.03,0.00,,2,,6,,3,,3,2,42,,,,,,11,2,,2,3,,,,,,8,,3,,,1,2,,,1,1,4,2,1,,,1,,,15,,,,,,,,,,,,,,115
300659,"Cascais, Portugal","Lisbon, Portugal",Portugal,38.681412963392,-9.3405060693717,land,,2023-10-04,trash_pickeruperz,2,,2,0.43,0.49,0.00,,,,,,,3,,2,382,,,,,,2,,,,,,,,,,,,,,1,,,,,,,,,,,,,,,,,,,,,,,,,,,,,390
301371,"Silves, Portugal","Faro District, Portugal",Portugal,37.1889976,-8.4412051,land,,2023-10-10,"MPC Open Water Peakers",1,,1,1.23,0.00,0.00,,1,1,,,,1,1,1,1,,,,,,1,,,,,,,,,,,,,,,,,,,2,,2,6,,,,,,,,,,,,,,,,,,,,,17
301638,"Vila do Bispo, 8650, Portugal","Faro District, Portugal",Portugal,37.0465758,-8.8790484,land,,2023-10-12,"MPC Open Water Peakers",1,,1,8.56,0.00,0.00,,,,,1,,,,,10,,,,,,1,,,,1,,,,,,,,,,,,,,,,1,,7,,,,,,,13,,,,,,,,,,,,,,34
301983,"Loulé, Portugal","Faro District, Portugal",Portugal,37.0182406,-8.00323,land,,2023-10-14,"Projeto Gea - Σχέδιο Γης",2,,2,29.10,0.00,0.00,,8,12,28,18,17,,1,6,,,4,6,,5,22,,2,1,,,,,,,,,,,6,,,1,2,20,,9,53,,,,,,,,,,,,,,,,,,,,,221
302287,,,Portugal,38.657074932164,-9.2551740242477,land,,2023-10-15,,1,,1,0.10,3.65,0.00,,,,,,,,,,,,,,,,,,,,,,,,,,,,,1,,,,,1,,,,,,,,,,,,,,,,,,,,,,,,,2
302289,"Loulé, Portugal","Faro District, Portugal",Portugal,37.0182406,-8.00323,land,,2023-10-15,"Projeto Gea - Σχέδιο Γης",2,,2,15.21,0.00,0.00,,4,,7,25,13,1,,,,,1,3,,5,11,,,,,,,2,,,,,,,10,,,,1,12,,,1,,,,,,,13,,,,,,,,,,,,,,109
302536,"Abrantes, Portugal","Santarém District, Portugal",Portugal,39.399872,-8.224454,land,saltwater,2023-10-17,"MPC Open Water Peakers",1,,1,25.80,0.00,0.00,,1,,5,8,7,,2,1,2,2,,,,,1,,,,3,,,,,,,,,,2,,,,,2,1,,2,,,,2,,,4,,,,,,,,,,,,,,45
303326,"Oeiras, Portugal","Lisbon, Portugal",Portugal,38.6957891,-9.2309115,land,inland,2023-10-25,PB,1,,1,0.04,0.00,0.00,,,,,,,,,5,3,1,,,,,,,1,1,,,,,,,,,,,,,,,,,,,,,,,,,,,,,,,,,,,,,,,,11
303330,"Algés, Portugal",,Portugal,38.696328974254,-9.2361117679112,land,inland,2023-10-25,"Sailors for the sea",15,,15,88.18,5.34,0.00,,3,3,3,14,10,,23,26,224,4,,4,,,15,,34,2,41,200,,9,,,200,4,100,,4,2,2,5,,4,6,265,32,,100,,,1,7,505,,,,,,,,,,,,,,1852
303351,"Algés, Portugal",,Portugal,38.696354599706,-9.236149359503,land,saltwater,2023-10-25,peaceboat,1,,1,17.29,10.00,0.00,,3,2,1,16,1,3,,25,8,,,,,11,9,,15,2,1,,,,,,,2,10,1,,,,,2,,2,20,26,,,,,,,115,,,,,,,,,,,,,,275
303590,"Loulé, Portugal","Faro District, Portugal",Portugal,37.0182406,-8.00323,land,saltwater,2023-10-25,"Projeto Gea - Σχέδιο Γης",2,,2,44.09,0.06,0.00,,2,,1,9,13,,,2,,,,,,,1,,,,16,,,,,,2,4,,,17,,,,,,1,,,,,,,,,,,,,,,,,,,,,,,68
304044,"Algés, Portugal",,Portugal,38.696377859487,-9.2360979784366,land,inland,2023-10-25,??????,1,,1,0.01,1.68,0.00,,,,,,,,,,,,,,,,,,,,,,,,,,,,,,,,,,,,,,,,,,,,,,,,,,,,,,,,,,,
304825,"Loulé, Portugal","Faro District, Portugal",Portugal,37.0182406,-8.00323,land,,2023-11-07,"Projeto Gea - Σχέδιο Γης",2,,2,34.61,0.06,0.00,,15,,21,41,6,,,29,550,,6,5,,5,18,,4,,6,17,,,,,15,,1,1,4,,,,1,4,1,,1,1,,,1,3,,15,,,,,,,,,,,,,,771
304862,"Cascais, Portugal","Lisbon, Portugal",Portugal,38.681390503527,-9.3402367052396,land,inland,2023-11-08,trash_pickeruperz,3,,3,38.54,0.66,0.00,,1,7,13,7,3,,3,12,79,3,1,,,,1,,1,,4,,,1,,,,,,,,,,1,,,,,,,,,,,,4,,,,,,,,,,,,,,141
304863,"Cascais, Portugal","Lisbon, Portugal",Portugal,38.68484290092,-9.3369851060471,land,saltwater,2023-11-08,,4,,4,1.47,1.02,0.00,,11,7,,2,2,,,9,29,,,1,1,,6,1,3,1,,,,,,,,,,,,,,,6,,,1,,,,,,,,9,,,,,,,,,,,,,,89
305015,"Loulé, Portugal","Faro District, Portugal",Portugal,37.0182406,-8.00323,land,,2023-11-10,"Projeto Gea - Σχέδιο Γης",4,,4,119.27,0.12,0.00,,80,,55,157,55,,,24,17,,15,14,,35,67,,1,2,49,8,2,33,,,2,5,,,30,,1,,5,31,,34,35,33,,7,5,,2,8,,,,,,,,,,,,,,812
305128,"Loulé, Portugal","Faro District, Portugal",Portugal,37.0182406,-8.00323,land,,2023-11-11,"Projeto Gea - Σχέδιο Γης",4,,4,185.19,0.25,0.00,,58,7,59,164,56,,4,40,,,18,15,,17,81,2,4,1,70,25,6,32,3,,4,30,3,1,33,,2,2,43,46,4,12,4,5,,115,4,,3,70,,,,,,,,,,,,,,1043
306075,"Oeiras, Portugal","Lisbon, Portugal",Portugal,38.682136666667,-9.3229316666667,land,saltwater,2023-11-18,"Brigada praia limpa",30,,30,84.00,5.20,0.00,,,51,,,21,,35,51,40,,,,,,22,27,100,10,11,,,,,10,,,10,,,41,,,,10,,20,,,50,,,,20,100,,,,,,,,,,,,,,629
306470,"Oeiras, Portugal","Lisbon, Portugal",Portugal,38.682061666667,-9.3231733333333,land,inland,2023-11-20,"Brigada praia limpa",1,,1,0.01,0.00,0.00,,,,,,,,,,,,,,,,,,,,,,,,,,,,,,,,,,,,,,,,,,,,,,,,,,,,,,,,,,,
306727,"Lisbon, Portugal","Lisbon, Portugal",Portugal,38.692013555393,-9.2153259191374,land,inland,2023-11-18,,1,,1,0.01,0.00,0.00,,,,,,,,,,,,,,,,,,,,,,,,,,,,,,,,,,,,,,,,,,,,,,,,,,,,,,,,,,,
306743,"Cascais, Portugal","Lisbon, Portugal",Portugal,38.684550426995,-9.3363151268015,land,inland,2023-11-22,,3,,3,8.59,1.32,0.00,,10,10,6,8,11,4,2,5,15,1,2,2,2,1,2,2,4,,,1,,1,,,,,,,,,,,,,,,,,,,,,,18,,,,,,,,,,,,,,107
306744,"Cascais, Portugal","Lisbon, Portugal",Portugal,38.681284791588,-9.3395403249575,land,inland,2023-11-22,trash_pickeruperz,3,,3,5.70,1.39,0.00,,1,49,7,4,5,,11,11,146,,2,,,,5,,1,,,,,,,,,,,,,,,,1,,,,1,1,,,,,,34,,,,,,,,,,,,,,279
306825,"Cascais, Portugal","Lisbon, Portugal",Portugal,38.6879164,-9.3378114,land,saltwater,2023-11-23,,5,,5,1.47,0.00,0.00,,2,1,2,4,,,,,10,,,,1,,4,,1,,,,,,,,,,,,,,,,,,,,,,,,1,,1,,,,,,,,,,,,,,,27
306826,"Cascais, Portugal","Lisbon, Portugal",Portugal,38.6879164,-9.3378114,land,saltwater,2023-11-23,,5,,5,1.60,0.00,0.00,,5,,2,6,1,,5,,15,,,,1,,,,1,,,,,,,,,,,,,,,,1,,,,,,,,,,,,,,,,,,,,,,,,,37
306827,"Cascais, Portugal","Lisbon, Portugal",Portugal,38.6879164,-9.3378114,land,saltwater,2023-11-23,,5,,5,128.81,0.00,0.00,,1,,1,1,,1,1,,7,,,,1,1,,,1,1,,,1,,,,,,,,,,,,1,,,,,,,,,,,,,,,,,,,,,,,,,18
306828,"Cascais, Portugal","Lisbon, Portugal",Portugal,38.6879164,-9.3378114,land,saltwater,2023-11-23,,5,,5,16.69,0.00,0.00,,2,1,1,4,,,,,12,,,,,1,,3,2,,2,,,,,,,,1,,3,,,,2,,,,,1,,1,,,1,3,,,,,,,,,,,,,,40
306920,"Faro, Portugal","Faro District, Portugal",Portugal,37.0038917,-7.9205468,land,,2023-11-25,"Projeto Gea - Σχέδιο Γης",7,,7,244.71,0.62,0.00,,65,,59,125,56,,12,40,210,,19,10,,46,61,1,5,1,18,26,1,30,4,,15,49,6,,45,,2,8,19,91,,40,,7,,4,2,,,195,,,,,,,,,,,,,,1272
307007,"Cascais, Portugal","Lisbon, Portugal",Portugal,38.6879164,-9.3378114,land,saltwater,2023-11-23,,5,,5,9.67,0.00,0.00,,2,1,1,4,,,,,12,,,,,1,,,2,,1,,,,,,,,1,,3,,,,2,,,,,1,,1,,,1,3,,,,,,,,,,,,,,36
308134,"Ourém, Portugal","Santarém District, Portugal",Portugal,39.62553989,-8.66506342,land,inland,2023-12-15,,1,,1,0.02,0.00,0.00,,1,,,,,,,,,,,,,,,,2,,,,,,,,,,,,,,,,,,,,,,,,,,,,,,,,,,,,,,,,,3
308236,"Ourém, Portugal","Santarém District, Portugal",Portugal,39.62545562,-8.66520741,land,inland,2023-12-15,hhh,1,,1,0.01,0.00,0.00,,,,,,,,,,,,,,,,,,,,,,,,,,,,,,,,,,,,,,,,,,,,,,,,,,,,,,,,,,,
309011,"Ourém, Portugal","Santarém District, Portugal",Portugal,39.62542391,-8.66507304,land,inland,2024-01-08,hhh,1,,1,0.49,0.00,0.00,,1,1,,1,,,,1,,,,1,,1,1,,1,1,,,,,,,,1,,,,,,,,,,,,,1,,1,1,,1,,,,,,,,,,,,,,14
309013,"Ourém, Portugal","Santarém District, Portugal",Portugal,39.62549949,-8.6652149,land,inland,2024-01-08,ola,1,,1,0.18,0.00,0.00,,,,,,1,,1,,,,,,,,,,,,,,,,,,,,,,,,,,,,,,1,,,,,,,,,,,,,,,,,,,,,3
309110,"Oeiras, Portugal","Lisbon, Portugal",Portugal,38.699547191692,-9.2527471188669,land,inland,2024-01-10,,1,,1,23.99,6.02,0.00,,3,1,2,5,,,,24,,,,1,,,3,8,,,2,5,,,,,3,,1,,,,,,,2,,14,1,,12,,,,2,110,,,,,,,,,,,,,,199
309449,"Ourém, Portugal","Santarém District, Portugal",Portugal,39.62567392,-8.6649637,land,inland,2024-01-08,ola,1,,1,0.01,0.00,0.00,,,,,,,,,,,,,,,,,,,,,,,,,,,,,,,,,,,,,,,,,,,,,,,,,,,,,,,,,,,
309777,"Cascais, Portugal","Lisbon, Portugal",Portugal,38.680928530727,-9.3381471855366,land,inland,2024-01-17,,2,,2,7.28,0.33,0.00,,,4,2,3,,1,,7,62,,1,,2,,22,1,19,,,,,,,,,,,,,,,,,,2,8,23,,,,,,,2,,,,,,,,,,,,,,159
309778,"Cascais, Portugal","Lisbon, Portugal",Portugal,38.681145762129,-9.339072257289,land,saltwater,2024-01-17,3,3,,3,25.91,0.31,0.00,,2,2,,8,1,2,4,19,16,5,4,,2,,6,2,4,1,2,6,,,,3,1,,3,,,1,,,1,4,1,17,3,,1,,1,,,30,,,,,,,,,,,,,,152
309779,"Cascais, Portugal","Lisbon, Portugal",Portugal,38.680765536651,-9.3386920789361,land,inland,2024-01-17,"tian, lucille, jarah, george",4,,4,71.56,0.46,0.00,,,2,,6,1,9,7,25,20,10,1,17,,,11,4,3,4,1,,,,3,,24,,3,,,,1,,,8,,,4,,,,,,,31,,,,,,,,,,,,,,195
309780,"Cascais, Portugal","Lisbon, Portugal",Portugal,38.684931239149,-9.3369285855529,land,inland,2024-01-17,,3,,3,23.42,0.65,0.00,,2,1,,3,,2,1,34,3,2,,1,1,,8,1,4,4,1,,,,,,5,,,1,,,,,,4,1,110,10,,,,,,,38,,,,,,,,,,,,,,237
309781,"Cascais, Portugal","Lisbon, Portugal",Portugal,38.681113018446,-9.3389726722069,land,inland,2024-01-17,"leonor, assuncao, aoife",3,,3,15.81,0.28,0.00,,1,2,,2,,7,4,44,31,2,,2,2,1,13,49,327,6,,1,,3,,6,27,1,2,,,2,,,1,5,2,4,3,,,,2,,4,464,,,,,,,,,,,,,,1020
309782,"Cascais, Portugal","Lisbon, Portugal",Portugal,38.681113190112,-9.3389407665922,land,inland,2024-01-17,malara,2,,2,45.79,0.36,0.00,,,,,1,,1,1,4,6,,,1,,,6,1,20,1,6,,,1,,,9,,2,,,,,,,1,,,,,,,,,,74,,,,,,,,,,,,,,135
309784,"Cascais, Portugal","Lisbon, Portugal",Portugal,38.684567013219,-9.337254795632,land,inland,2024-01-17,"os tugas",3,,3,22.50,1.90,0.00,,5,7,8,6,1,3,2,6,85,,8,5,,,6,2,2,,1,,,,,,20,17,30,,,,,,3,1,1,1,23,1,,,,,,10,,,,,,,,,,,,,,254
311765,"Cascais, Portugal","Lisbon, Portugal",Portugal,38.695517524336,-9.4495493881306,land,inland,2024-01-27,"Sailors for the Sea Portugal",4,,4,447.53,0.12,0.00,,7,4,8,6,5,2,25,17,258,,9,5,4,7,32,,5,1,86,3,,4,,,6,,3,2,9,,,,2,5,,6,17,2,,,3,1,3,155,,,,,,,,,,,,,,702
311766,"Cascais, Portugal","Lisbon, Portugal",Portugal,38.69558533,-9.4493823,land,inland,2024-01-27,SFSPortugal,3,,3,7.50,0.13,0.00,,,,1,4,4,,5,,25,,2,,,,31,2,,1,,,,1,,1,,1,,,,,,,,1,,,17,3,,,,,,89,,,,,,,,,,,,,,188
311846,"Loulé, Portugal","Faro District, Portugal",Portugal,37.06921367504,-8.0262658082813,land,saltwater,2024-01-24,,1,,1,0.01,0.00,0.00,,,,,,,,,,,,,,,,,,,,,,,,,,,,,,,,,,,,,,,,,,,,,,,,,,,,,,,,,,,
312069,"Cascais, Portugal","Lisbon, Portugal",Portugal,38.680855776279,-9.3389987231542,land,saltwater,2024-01-31,slay,3,,3,98.98,0.91,0.00,,7,14,,,,10,1,7,9,1,,,1,3,4,2,,,14,,,,,,,,,1,,,,,,,,,,,1,,1,,,39,,,,,,,,,,,,,,115
312071,"Cascais, Portugal","Lisbon, Portugal",Portugal,38.684833967163,-9.3368772883055,land,inland,2024-01-31,,4,,4,105.14,1.24,0.00,,6,1,,3,,,1,37,8,,1,2,,4,33,,5,,12,,,4,,,,,1,,1,,,,1,,2,54,6,,,,,,1,19,,,,,,,,,,,,,,202
312072,"Cascais, Portugal","Lisbon, Portugal",Portugal,38.681117406438,-9.3392637192228,land,inland,2024-01-31,"ginger fans",3,,3,12.95,0.39,0.00,,,6,,2,,,1,28,42,,2,4,,1,63,3,22,,,,,,,1,,,1,,1,,,,,,2,17,51,,,,,,,63,,,,,,,,,,,,,,310
312073,,,Portugal,38.6795953,-9.3360168,land,saltwater,2024-01-31,ADG,3,,3,8.51,0.00,0.00,,3,4,3,17,11,6,36,44,41,2,7,4,3,18,22,29,26,2,,,,,,,,2,,,3,,,,3,,,9,,,,,,,,6,,,,,,,,,,,,,,301
312612,"Viana do Castelo, Portugal","Viana do Castelo District, Portugal",Portugal,41.625221820441,-8.8167243260367,land,saltwater,2022-09-17,"Sailors for the Sea Portugal #TeamSeas",26,,26,90.08,21.75,0.00,,,,,,,,,,,,,,,,,,,,,,,,,,,,,,,,,,,,,,,,,,,,,,,,,,,,,,,,,,,
312613,"Peniche, Portugal","Leiria District, Portugal",Portugal,39.360567161757,-9.3627930766252,land,saltwater,2022-09-17,"Sailors for the Sea Portugal #TeamSeas",17,,17,12.01,21.75,0.00,,,,,,,,,,,,,,,,,,,,,,,,,,,,,,,,,,,,,,,,,,,,,,,,,,,,,,,,,,,
312614,,,Portugal,41.170344153455,-8.6891561258852,land,saltwater,2022-09-17,"Sailors for the Sea Portugal #TeamSeas",42,,42,22.02,21.75,0.00,,,,,,,,,,,,,,,,,,,,,,,,,,,,,,,,,,,,,,,,,,,,,,,,,,,,,,,,,,,
312615,"Lagos, 8600, Portugal","Faro District, Portugal",Portugal,37.120311365432,-8.6411299213761,land,saltwater,2022-09-17,"Sailors for the Sea Portugal #TeamSeas",29,,29,28.06,21.75,0.00,,,,,,,,,,,,,,,,,,,,,,,,,,,,,,,,,,,,,,,,,,,,,,,,,,,,,,,,,,,
312616,"Funchal, Portugal","Madeira, Portugal",Portugal,32.638381412946,-16.949837524995,land,saltwater,2022-09-17,"Sailors for the Sea Portugal #TeamSeas",72,,72,41.71,21.75,0.00,,,,,,,,,,,,,,,,,,,,,,,,,,,,,,,,,,,,,,,,,,,,,,,,,,,,,,,,,,,
312617,"Esposende, 4740, Portugal","Braga, Portugal",Portugal,41.494710848567,-8.785221616995,land,saltwater,2022-09-17,"Sailors for the Sea Portugal #TeamSeas",18,,18,46.25,21.75,0.00,,,,,,,,,,,,,,,,,,,,,,,,,,,,,,,,,,,,,,,,,,,,,,,,,,,,,,,,,,,
312618,"Mafra, Portugal","Lisbon, Portugal",Portugal,38.988064089678,-9.41931951897,land,saltwater,2022-09-17,"Sailors for the Sea Portugal #TeamSeas",32,,32,119.99,21.75,0.00,,,,,,,,,,,,,,,,,,,,,,,,,,,,,,,,,,,,,,,,,,,,,,,,,,,,,,,,,,,
312619,"Ovar, Portugal","Aveiro District, Portugal",Portugal,40.875537836428,-8.6768607097492,land,saltwater,2022-09-17,"Sailors for the Sea Portugal #TeamSeas",81,,81,153.88,21.75,0.00,,,,,,,,,,,,,,,,,,,,,,,,,,,,,,,,,,,,,,,,,,,,,,,,,,,,,,,,,,,
312620,"9600 Ribeira Grande, Portugal","Azores, Portugal",Portugal,37.819722970428,-25.541832259631,land,saltwater,2022-09-17,"Sailors for the Sea Portugal #TeamSeas",48,,48,238.09,21.75,0.00,,,,,,,,,,,,,,,,,,,,,,,,,,,,,,,,,,,,,,,,,,,,,,,,,,,,,,,,,,,
312621,"Sines, Portugal",,Portugal,37.973109996737,-8.8696061209007,land,saltwater,2022-09-17,"Sailors for the Sea Portugal #TeamSeas",28,,28,440.92,21.75,0.00,,,,,,,,,,,,,,,,,,,,,,,,,,,,,,,,,,,,,,,,,,,,,,,,,,,,,,,,,,,
313124,"Cascais, Portugal","Lisbon, Portugal",Portugal,38.680855776279,-9.3389987231542,land,saltwater,2024-01-31,slay,3,,3,70.69,0.33,0.00,,4,5,,,,2,,3,,,,,,,,,,,10,,,,,,,,,,,,,,,,,,,,,,,,,26,,,,,,,,,,,,,,50
315630,"Peniche, Portugal","Leiria District, Portugal",Portugal,39.373199944421,-9.3329941202042,land,saltwater,2024-02-20,,2,,2,24.79,0.56,0.00,,,,1,2,,,,,,,,,1,,,32,2,,22,1,,,,,,1,,,,,,,,,,2,1,,4,,1,,,35,,,,,,,,,,,,,,105
315902,"Cascais, Portugal","Lisbon, Portugal",Portugal,38.681086552355,-9.3390854407669,land,inland,2024-02-21,,4,,4,81.11,0.34,0.00,,1,5,3,2,,,,15,7,6,,6,2,,15,2,5,7,10,,,1,,,9,2,,,,,,,1,,3,15,7,1,,,,,,31,,,,,,,,,,,,,,156
315903,"Cascais, Portugal",,Portugal,38.6795953,-9.3360168,land,saltwater,2024-02-21,ADGL,4,,4,3.83,0.00,0.00,,15,,4,16,14,,12,,27,,,,,,,,,,,,,,,,,,54,,,,,,,,,,,,,,,,,,,,,,,,,,,,,,,142
316756,"Cascais, Portugal","Lisbon, Portugal",Portugal,38.684626598878,-9.3362447898922,land,inland,2024-02-21,"tian, lucille, jarah <3",1,,1,0.01,0.81,0.00,,,,,,,,,,,,,,,,,,,,,,,,,,,,,,,,,,,,,,,,,,,,,,,,,,,,,,,,,,,
318256,"Cascais, Portugal","Lisbon, Portugal",Portugal,38.681092915794,-9.3390410169719,land,inland,2024-03-06,"ginger fans",3,,3,5.42,0.68,0.00,,,,,,2,,2,2,23,,,1,,,5,,25,,,,,,,,,,,,,,,,,,,2,35,,1,,,,,19,,,,,,,,,,,,,,117
318257,"Cascais, Portugal","Lisbon, Portugal",Portugal,38.681158644027,-9.3392714147349,land,inland,2024-03-06,,4,,4,24.54,0.66,0.00,,,,,1,,,2,8,38,,,,,1,18,,27,1,2,,,,,,75,,,,2,,,,,,1,15,4,,,,1,,1,45,,,,,,,,,,,,,,242
318259,"Cascais, Portugal","Lisbon, Portugal",Portugal,38.678305973335,-9.3308063596574,land,inland,2024-03-06,"os tugas",4,,4,11.00,3.00,0.00,,,,,,,,,,,,,,,,,,,,,,,,,,,,,,,,,,,,,,,,,,,,,,,,,,,,,,,,,,,
323011,"Cascais, Portugal","Lisbon, Portugal",Portugal,38.681194015713,-9.3392334935435,land,inland,2024-03-06,slay,1,,1,120.50,0.61,0.00,,,50,,1,2,2,2,14,11,,,,,,4,,,,17,,,,,,,,,3,,,,,,,,,,,,,,,,2,,,,,,,,,,,,,,108
328478,"Cascais, Portugal",,Portugal,38.6795953,-9.3360168,land,,2024-05-29,"beach clean uo",2,,2,0.88,0.00,0.00,,1,8,,3,1,2,2,6,19,,,,,,2,,4,1,,,,,,3,,,,,,,,,4,,,,,,,,,,,6,,,,,,,,,,,,,,62
328761,"Olhão, 8700, Portugal","Faro District, Portugal",Portugal,37.0366667,-7.7947222,land,,2024-06-03,"Projeto Gea - Σχέδιο Γης",6,,6,166.23,0.50,0.00,,20,1,12,18,6,,12,11,330,4,6,1,26,42,10,,6,,11,3,,3,,,8,2,4,,7,,3,3,3,13,2,,,,,104,3,,2,85,,,,,,,,,,,,,,761
329222,"Abrantes, Portugal","Santarém District, Portugal",Portugal,39.399872,-8.224454,land,,2024-06-09,mcleany,2,,2,10.42,0.00,0.00,,,,2,1,,1,,6,,,,,,,9,,1,,1,,,3,,,,,,,,,,,,1,,,,,,,,,,1,,,,,,,,,,,,,,26
329997,"Cascais, Portugal","Lisbon, Portugal",Portugal,38.691243333333,-9.4299466666667,land,,2024-06-22,,2,,2,9.20,0.00,0.00,,,,3,8,2,2,2,1,73,,,1,,2,3,1,1,,4,,,,,,1,1,,2,6,,,,1,5,,,,3,,,1,,1,1,,,,,,,,,,,,,,125
330000,"Cascais, Portugal","Lisbon, Portugal",Portugal,38.690198704944,-9.4259889673181,land,,2024-06-22,"Sailors for the Sea Portugal",1,,1,143.16,0.00,0.00,,2,2,3,6,1,3,2,1,82,1,1,5,1,6,22,,,3,12,,,45,,,,1,,,8,,2,,1,8,,7,23,,2,,3,,,51,,,,,,,,,,,,,,304
330005,"Cascais, Portugal","Lisbon, Portugal",Portugal,38.691332624294,-9.4298994820565,land,,2024-06-22,"Sailors for the Sea Portugal",70,,70,76.85,0.00,0.00,,1,14,2,4,,2,1,1,32,,,,2,3,7,2,,,6,2,,23,,1,2,,,,5,,2,,1,,,2,12,6,,,,2,,52,,,,,,,,,,,,,,187
330066,"Olhão, 8700, Portugal","Faro District, Portugal",Portugal,37.0253269,-7.8553926,land,,2024-06-23,"Projeto Gea - Σχέδιο Γης",5,,5,123.46,0.25,0.00,,43,,30,62,24,43,16,8,307,,6,6,,17,32,2,1,,14,10,,1,,,2,7,6,,6,,1,9,1,23,,,,4,,280,,,,10,,,,,,,,,,,,,,971
331243,"Peniche, Portugal","Leiria District, Portugal",Portugal,39.3736569,-9.3364429,land,,2024-07-17,,1,,1,2.00,0.00,0.00,1,,,,,,,,,,,,,,,,,,,,,,,,,,,,,,,,,,,,,,,,,,,,,,,,,,,,,,,,,,
332537,"Cascais, Portugal","Lisbon, Portugal",Portugal,38.71594938,-9.42774552,land,inland,2024-08-10,sailors,4,,4,5.45,0.00,0.00,,,4,7,1,,,1,2,11,,,2,,,3,2,,,,,,,,,1,,,,,,,,3,,,,8,1,,,,,,2,,,,,,,,,,,,,,48
332545,"Cascais, Portugal","Lisbon, Portugal",Portugal,38.695509745739,-9.4491924438626,land,,2024-08-10,"Sailors for the Sea Portugal",15,,15,673.29,0.00,0.00,,,2,2,2,1,,,,,2,,1,,,4,2,3,,,1,,250,,,1,2,2,,4,,,,,,,,,,,,,,,5,,,,,,,,,,,,,,284
333006,"Vila do Conde, Portugal","Porto District, Portugal",Portugal,41.2781543,-8.718171,land,inland,2024-08-19,eu,3,,3,0.04,0.00,0.00,,2,,,,,,,,,,,,,,,1,2,,,,,,,,,,,,,,,,,,,,,,,,,,,,,,,,,,,,,,,,,5
333509,"Vila Nova de Gaia, Portugal","Porto District, Portugal",Portugal,41.1238759,-8.6117851,land,inland,2024-08-19,,2,,2,0.01,0.00,0.00,,,,,,,,,,,,,,,,,,,,,,,,,,,,,,,,,,,,,,,,,,,,,,,,,,,,,,,,,,,
333663,"Lisbon, Portugal","Lisbon, Portugal",Portugal,38.736176332128,-9.1340544550814,land,saltwater,2024-07-23,,1,,1,2.00,0.00,0.00,1,,,,,,,,,,,,,,,,,,,,,,,,,,,,,,,,,,,,,,,,,,,,,,,,,,,,,,,,,,
335739,"Alcochete, Portugal","Setubal, Portugal",Portugal,38.7562753,-8.9628696,land,saltwater,2024-09-08,,1,,1,15.00,0.00,0.00,2,,,,,,,,,,,,,,,,,,,,,,,,,,,,,,,,,,,,,,,,,,,,,,,,,,,,,,,,,,
337702,"Alcochete, Portugal","Setubal, Portugal",Portugal,38.745245,-8.9686766666667,land,saltwater,2024-09-22,,1,,1,23.16,0.00,0.00,3,,,,,,,,,,,,,,,,,,,,,,,,,,,,,,,,,,,,,,,,,,,,,,,,,,,,,,,,,,
338109,"Oeiras, Portugal","Lisbon, Portugal",Portugal,38.72734378,-9.23454365,land,saltwater,2024-09-20,teste,1,,1,1.21,0.00,0.00,,1,,,,3,,1,1,,1,,,1,,,1,1,,1,,,,,,,,,,,,,,,,,,,,,,,,,,,,,,,,,,,,,,,11
340658,"Alcochete, Portugal","Setubal, Portugal",Portugal,38.74235,-8.9939233333333,land,saltwater,2024-09-29,LimpaAlcochete,1,,1,15.44,0.00,0.00,2,,,,,,,,,,,,,,,,,,,,,,,,,,,,,,,,,,,,,,,,,,,,,,,,,,,,,,,,,,
341273,"Oeiras, Portugal","Lisbon, Portugal",Portugal,38.695227841116,-9.2298344446742,land,saltwater,2024-10-03,"SN Lisboa",7,,7,33.27,0.00,0.00,,,,,13,,20,3,91,505,,,,,,26,68,45,37,20,,,1,,4,37,,5,5,,,,1,3,10,7,,,,,,,7,,124,,,,,,,,,,,,,,1032
342201,"Alcochete, Portugal","Setubal, Portugal",Portugal,38.74457,-8.9844116666667,land,saltwater,2024-10-13,LimpaAlcochete,1,,1,26.46,0.00,0.00,2,,,,,,,,,,,,,,,,,,,,,,,,,,,,,,,,,,,,,,,,,,,,,,,,,,,,,,,,,,
342441,"Almada, Portugal","Setubal, Portugal",Portugal,38.6446232,-9.2333653,land,saltwater,2024-10-17,,1,,1,129.22,0.00,0.00,,,,,2,,,,,,,,,,,,,,,1,,1,,,,,,,,,,,,,,,1,,,,,,,,,,,,,,,,,,,,,,5
342511,"Almada, Portugal","Setubal, Portugal",Portugal,38.641190422254,-9.2377871188743,land,saltwater,2024-10-18,"garzas del mar",2,,2,11.50,0.10,0.00,,4,7,,5,2,10,2,45,111,1,,,5,2,21,3,13,11,4,,,,,,7,2,4,1,,,,,,2,5,9,5,,,,,,,102,,,,,,,,,,,,,,383
343370,"Alcochete, Portugal","Setubal, Portugal",Portugal,38.745645,-8.9799283333333,land,saltwater,2024-11-03,LimpaAlcochete,1,,1,30.87,0.00,0.00,3,,,,,,,,,,,,,,,,,,,,,,,,,,,,,,,,,,,,,,,,,,,,,,,,,,,,,,,,,,
343570,"Cascais, Portugal","Lisbon, Portugal",Portugal,38.684689157091,-9.3362754733292,land,saltwater,2024-11-06,"Kwarte Page",3,,3,1.59,0.62,0.00,,,1,,6,4,,8,3,218,,2,1,,2,,1,1,,,,,,,,4,,,,,1,,,,1,1,,,,,,,,,10,,,,,,,,,,,,,,264
343571,"Cascais, Portugal","Lisbon, Portugal",Portugal,38.681158425978,-9.3386675994791,land,inland,2024-11-06,JA,2,,2,1.34,0.21,0.00,,,3,,1,2,3,5,4,85,2,2,2,,1,17,,2,1,,,,,,,1,,,,,,,,,1,,,2,,,,,,,1,,,,,,,,,,,,,,135
343572,"Cascais, Portugal","Lisbon, Portugal",Portugal,38.680433514497,-9.336190291924,land,saltwater,2024-11-06,"Tropa do Julians",3,,3,0.01,0.20,0.00,,,,,,,,,,,,,,,,,,,,,,,,,,,,,,,,,,,,,,,,,,,,,,,,,,,,,,,,,,,
344468,"Cascais, Portugal","Lisbon, Portugal",Portugal,38.680504739918,-9.3372690932414,land,saltwater,2024-11-20,"St Julians",3,,3,8.21,0.45,0.00,,5,,10,18,7,,4,3,167,4,2,12,2,2,7,,,1,,,,,,,1,,1,,2,,1,,,,,1,,,,,,,,,,,,,,,,,,,,,,250
344778,"Cascais, Portugal","Lisbon, Portugal",Portugal,38.690342,-9.3367751,land,saltwater,2024-11-23,"sailors axians",2,,2,3.66,0.00,0.00,,,,,,,,,1,275,,,,,,10,,1,,,,,,,,,,,,,,,,,,,,20,,,1,,,,101,,,,,,,,,,,,,,409
344780,"Cascais, Portugal","Lisbon, Portugal",Portugal,38.679660445157,-9.3347007571003,land,saltwater,2024-11-23,"sailors 4 the sea",1,,1,0.01,0.00,0.00,,,,,,,,,,24,,,,,,,,8,,,,,,,,,,,,,,,,,,,,,,,,,,,159,,,,,,,,,,,,,,191
353322,"Cascais, Portugal","Lisbon, Portugal",Portugal,38.681882984202,-9.3418523271206,land,saltwater,2025-01-15,,3,,3,1.57,0.00,0.00,,1,2,1,1,,,1,3,11,2,,,,,,1,,,,,,,,,,,1,,1,,,,,2,1,,,,,,,,1,3,,,,,,,,,,,,,,32
353323,"Cascais, Portugal","Lisbon, Portugal",Portugal,38.681211560069,-9.3392443377612,land,saltwater,2025-01-15,TAG,3,,3,1.57,0.00,0.00,,2,,1,4,3,,,,50,,10,2,2,,,3,,1,,,,,,,,,,,1,,,,,,,,,,,,,,,,,,,,,,,,,,,,,79
354199,"Cascais, Portugal","Lisbon, Portugal",Portugal,38.690342,-9.3367751,land,saltwater,2025-01-21,,3,,3,9.70,1.00,0.00,,7,9,4,5,4,,8,3,59,,,1,,,25,,2,,,4,,,,,7,,,,,,,,6,,,,,,,,,,,6,,,,,,,,,,,,,,150
354693,"Cascais, Portugal","Lisbon, Portugal",Portugal,38.6806999287,-9.336971081802,land,saltwater,2025-01-29,SCP,3,,3,2.40,0.00,0.00,,,1,4,2,2,,1,1,12,5,,,2,,,,,,,,,,,,,,,,,,,,,,,,,,,,,,,,,,,,,,,,,,,,,30
354696,"Cascais, Portugal","Lisbon, Portugal",Portugal,38.6806999287,-9.336971081802,land,saltwater,2025-01-29,SCP,3,,3,2.55,0.00,0.00,,2,,4,4,,,,,77,8,,,2,,2,,,,,,,,,,,,,,,,,,,,,,,,,,,,,,,,,,,,,,,,,,,99
354699,"Cascais, Portugal","Lisbon, Portugal",Portugal,38.680835519608,-9.3375894331889,land,saltwater,2025-01-29,,4,,4,2.80,0.00,0.00,,5,2,2,,,,,9,,,,3,2,,7,,,1,,,,,,,,3,4,,1,,,,,,,,,1,,,,,,,,,,,,,,,,,,,,40
354700,"Cascais, Portugal","Lisbon, Portugal",Portugal,38.681110390498,-9.3391680624423,land,saltwater,2025-01-29,diggers,3,,3,0.33,0.02,0.00,,18,2,,,,,,,,,,,,,,,,,,,,,,,,,,,,,,,,,,,,,,,,,,,,,,,,,,,,,,,,20
354703,"Cascais, Portugal","Lisbon, Portugal",Portugal,38.682743639793,-9.33904830717,land,saltwater,2025-01-29,TAM,3,,3,0.06,0.00,0.00,,,,,,,,,,,,,,,1,,,1,,,,,,,,,,1,,,,,,,,,,,,,,,,,,,,,,,,,,,,,,,3
354711,"Cascais, Portugal","Lisbon, Portugal",Portugal,38.684625807305,-9.3354260753769,land,saltwater,2025-01-29,TAG,3,,3,15.43,0.00,0.00,1,,,,,,,,,,,,,,,,,,,,,,,,,,,,,,,,,,,,,,,,,,,,,,,,,,,,,,,,,,
356589,"Cascais, Portugal","Lisbon, Portugal",Portugal,38.684722562181,-9.3354311235381,land,saltwater,2025-02-12,"Adarsha and Tehani",2,,2,2.19,0.00,0.00,,,2,3,3,,,,,,1,1,1,,,2,,,,,,,,,,,,,,,,,,1,,,1,1,,,,,,,,,,,,,,,,,,,,,16
356590,"Cascais, Portugal","Lisbon, Portugal",Portugal,38.684604714084,-9.3362889225623,land,saltwater,2025-02-12,rash,3,,3,4.28,0.00,0.00,,1,7,,1,,1,,,61,,,,1,,,1,1,1,,,,1,,,,1,,,2,,,,3,,,1,,,,,,,,1,,,,,,,,,,,,,,84
356592,"Cascais, Portugal","Lisbon, Portugal",Portugal,38.681011693588,-9.3381157983181,land,saltwater,2025-02-12,TAG,1,,1,6.08,0.07,0.00,,3,,4,3,1,,1,2,49,,,2,1,1,2,4,1,,,1,,,,,,,,,3,,,1,,,,,6,,,,,,,4,,,,,,,,,,,,,,89
357001,"Almada, Portugal","Setubal, Portugal",Portugal,38.6562645,-9.2500108,land,,2025-02-17,"Projeto Gea - Σχέδιο Γης",8,,8,12.13,0.50,0.00,,1,,,12,,,,,22,,,2,,,2,,39,,5,,,,,,35,9,,,,,,,3,1,,,,,,,,,,270,,,,,,,,,,,,,,401
364026,"Cascais, Portugal","Lisbon, Portugal",Portugal,38.680833787693,-9.3376224394975,land,saltwater,2025-02-26,,1,,1,11.14,0.00,0.00,,1,1,2,2,,,2,3,72,,1,,,,2,,1,2,,,,3,,,,,2,,2,1,,,,,2,,1,,1,,1,,,10,,,,,,,,,,,,,,112
364029,"Cascais, Portugal","Lisbon, Portugal",Portugal,38.681101013472,-9.3391145013423,land,saltwater,2025-02-26,,3,,3,22.10,0.00,0.00,,5,4,2,,2,,1,2,,2,3,5,,,4,,2,,,,,,1,3,,2,4,,,,,,,,,,,,,,,,,4,,,,,,,,,,,,,,46
364030,"Cascais, Portugal","Lisbon, Portugal",Portugal,38.680593153583,-9.3365674748954,land,saltwater,2025-01-15,StJulians,1,,1,1.02,0.28,0.00,,2,6,1,1,,,1,,77,,,1,,,,,4,1,,,,,,,,1,,,,,,,,,,,,,,,,,,,,,,,,,,,,,,,,95
365647,"Lisbon, Portugal","Lisbon, Portugal",Portugal,38.73258819,-9.13191668,land,saltwater,2025-03-20,cleanbeach,1,,1,0.09,0.00,0.00,,1,,,,,,,,,1,,,1,,,,,,,,,,,,,,,,,,,,,,,,,,,,,,,,,,,,,,,,,,,,,3
366176,"Alcochete, Portugal","Setubal, Portugal",Portugal,38.74522,-8.9685066666667,land,saltwater,2025-03-30,LimpaAlcochete,1,,1,25.36,0.00,0.00,4,,,,,,,,,,,,,,,,,,,,,,,,,,,,,,,,,,,,,,,,,,,,,,,,,,,,,,,,,,
366481,"Trafaria, Portugal",,Portugal,38.6729675,-9.2423325,land,saltwater,2025-04-04,"Brigada do Mar",16,,16,450.00,0.00,0.00,30,,,,,,,,,,,,,,,,,,,,,,,,,,,,,,,,,,,,,,,,,,,,,,,,,,,,,,,,,,
366872,"Espinho, 4500 Espinho, Portugal","Aveiro District, Portugal",Portugal,41.0071914,-8.6410332,land,saltwater,2025-02-15,Espinho,4,,4,45.00,0.00,0.00,6,,,,,,,,,,,,,,,,,,,,,,,,,,,,,,,,,,,,,,,,,,,,,,,,,,,,,,,,,,
368189,"Cascais, Portugal","Lisbon, Portugal",Portugal,38.681188008141,-9.3391676800742,land,saltwater,2025-04-30,"goon cleaners",2,,2,11.58,0.00,0.00,,2,,4,2,3,,,2,6,,1,,,,6,3,3,,5,,,,,,,1,3,,,4,,,3,1,3,8,7,,,,,,,1,,,,,,,,,,,,,,68
369319,"Cascais, Portugal","Lisbon, Portugal",Portugal,38.681277640925,-9.3398300203622,land,saltwater,2025-05-14,"mar and ter",2,,2,2.71,0.00,0.00,,8,,3,6,2,,5,,26,,8,,,,17,,2,1,,,,,,,,,,,,,,,,,,,,,,,,,,,,,,,,,,,,,,,,78
369321,"Cascais, Portugal","Lisbon, Portugal",Portugal,38.679861865737,-9.3349171685377,land,saltwater,2025-04-30,rubbish,5,,5,30.00,0.00,0.00,2,,,,,,,,,,,,,,,,,,,,,,,,,,,,,,,,,,,,,,,,,,,,,,,,,,,,,,,,,,
369322,"Cascais, Portugal","Lisbon, Portugal",Portugal,38.684695936221,-9.3354830809205,land,saltwater,2025-05-14,trash,8,,8,1.10,0.00,0.00,,1,3,,2,1,,1,,6,,1,1,2,4,5,5,,,,,,,,1,,,,,,,,,3,,,,,,,,,,,30,,,,,,,,,,,,,,66
369717,"Cascais, Portugal","Lisbon, Portugal",Portugal,38.702162966068,-9.3895366627175,land,saltwater,2025-05-21,impact,5,,5,3.08,0.00,0.00,,,1,,1,,,1,,9,,,,,,,,5,,3,,,,,,,,,,,,,,,,,,,,3,,,,,6,,,,,,,,,,,,,,29
369718,"Cascais, Portugal","Lisbon, Portugal",Portugal,38.702466918307,-9.3898206526605,land,saltwater,2025-05-21,impact,5,,5,0.25,0.00,0.00,,3,,,,,,,,,,,,,,,3,3,,,,,,,2,2,,,,,,,,,,,,,,,,,,,,,,,,,,,,,,,,,13
370305,"Alcochete, Portugal","Setubal, Portugal",Portugal,38.745366666667,-8.96875,land,saltwater,2025-05-25,LimpaAlcochete,1,,1,61.72,0.00,0.00,4,,,,,,,,,,,,,,,,,,,,,,,,,,,,,,,,,,,,,,,,,,,,,,,,,,,,,,,,,,
370337,"Lisbon, Portugal","Lisbon, Portugal",Portugal,38.744138877908,-9.1781225006047,land,saltwater,2025-05-26,impact,1,,1,20.00,0.00,0.00,,3,,4,3,,,2,,,,,,,,,,1,,,,1,,,1,,,,,,,1,,,,,,,,,,,,,,,,,,,,,,,,,,,16
370491,"Cascais, Portugal","Lisbon, Portugal",Portugal,38.680863270439,-9.3380850049063,land,saltwater,2025-05-28,,2,,2,3.23,0.00,0.00,,4,7,1,4,4,1,4,1,11,2,1,2,2,1,7,1,4,3,,,,,,,,3,,,,,,,5,,,,3,,,,,,,10,,,,,,,,,,,,,,81
370492,"Cascais, Portugal","Lisbon, Portugal",Portugal,38.680901251224,-9.3387527983675,land,saltwater,2025-05-28,"mar and ter",2,,2,3.01,0.24,0.00,,,1,4,10,4,,1,2,1,,5,2,,,5,,,,,,,,,,,,,,,,,,,,,,,,,,,,,,,,,,,,,,,,,,,35
370934,"Cascais, Portugal","Lisbon, Portugal",Portugal,38.69562499,-9.44940774,land,inland,2025-06-05,"Águas de portugal limpa",5,,5,55.10,0.00,0.00,,1,10,1,4,5,2,,1,8,2,,2,2,,9,,,,,,,19,,,2,1,1,,1,,,,2,,,,10,3,,,,,,7,,,,,,,,,,,,,,93
370935,"Cascais, Portugal","Lisbon, Portugal",Portugal,38.69564075,-9.44942154,land,saltwater,2025-06-05,,4,,4,11.14,0.00,0.00,,7,47,13,3,11,1,10,3,15,,1,,,,1,,,,,,,,,,,,,,,1,1,,1,,,4,2,,,3,1,,,,,,,,,,,,,,,,,125
370943,"Cascais, Portugal","Lisbon, Portugal",Portugal,38.695983772438,-9.4492319134298,land,saltwater,2025-06-05,"SGPS e VALOR",3,,3,18.07,10.00,0.00,,,7,10,5,8,1,,,10,,,3,,1,3,,,,,1,,,,,,,,,5,,,,1,1,,39,31,,,,,,,,,,,,,,,,,,,,,126
370970,"Cascais, Portugal","Lisbon, Portugal",Portugal,38.678449395679,-9.3323261584766,land,freshwater,2025-06-06,friday,3,,3,4.40,0.00,0.00,2,,,,,,,,,,,,,,,,,,,,,,,,,,,,,,,,,,,,,,,,,,,,,,,,,,,,,,,,,,
370984,"Faro, Portugal","Faro District, Portugal",Portugal,37.028901666667,-7.9262183333333,land,freshwater,2025-05-29,plasticfisher_cantiga,1,,1,2.20,0.00,0.00,1,,,,,,,,,,,,,,,,,,,,,,,,,,,,,,,,,,,,,,,,,,,,,,,,,,,,,,,,,,
370985,"Faro, Portugal","Faro District, Portugal",Portugal,37.028901666667,-7.9262183333333,land,saltwater,2025-05-23,plasticfisher_cantiga,1,,1,15.43,0.00,0.00,1,,,,,,,,,,,,,,,,,,,,,,,,,,,,,,,,,,,,,,,,,,,,,,,,,,,,,,,,,,
371258,"Cascais, Portugal","Lisbon, Portugal",Portugal,38.680922027066,-9.3382245950794,land,saltwater,2025-06-11,,2,,2,1.95,0.00,0.00,,2,1,3,1,4,2,5,3,12,2,3,1,,,,,,1,,,,,,,,,,,,,,,,,,,,,,,,,,,,,,,,,,,,,,,,40
371259,"Cascais, Portugal","Lisbon, Portugal",Portugal,38.681025272271,-9.3381332326767,land,saltwater,2025-06-11,"mar and ter",1,,1,1.85,0.46,0.00,,1,1,2,10,,,1,2,18,,4,,,,7,,,,,,,,,,,,,,,,,,,,,,,,,,,,,,,,,,,,,,,,,,,46
373448,"Cascais, Portugal","Lisbon, Portugal",Portugal,38.680818990185,-9.337611848616,land,saltwater,2025-01-15,broches,3,,3,0.62,0.00,0.00,,3,1,,1,1,,,,9,1,3,1,4,2,,,3,,,,,,,,,,,,,,,,,,,,,,,,,,,,,,,,,,,,,,,,,29
373670,"Cascais, Portugal","Lisbon, Portugal",Portugal,38.680524495637,-9.3375034749559,land,saltwater,2025-04-30,,2,,2,0.31,0.34,0.00,,,1,,,,1,11,,60,2,,,,,,,,2,,,,,,,,,,,,,1,,,,,,,,,,,,,,,,,,,,,,,,,,,78
373727,"Cascais, Portugal","Lisbon, Portugal",Portugal,38.695959035429,-9.4490565969194,land,saltwater,2025-06-05,"AdP internacional",5,,5,7.14,0.07,0.00,,6,,5,13,15,,,,16,,,3,1,3,2,,,,,,,,,,1,3,,,,,,,,4,,10,5,,,,2,,,,,,,,,,,,,,,,,89
374915,"Olhão, 8700, Portugal","Faro District, Portugal",Portugal,37.052934898123,-7.7473508654778,land,saltwater,2025-08-07,"Mafi e Denti",2,,2,8.38,0.00,0.00,,2,,6,3,1,2,5,5,50,,,3,,,20,,6,2,3,,,,,,,1,2,1,,,,,,1,1,5,,,2,,2,,1,2,,,,,,,,,,,,,,126
374947,"Olhão, 8700, Portugal","Faro District, Portugal",Portugal,37.048678498997,-7.7424721526232,land,saltwater,2025-08-08,Lontrinhas,2,,2,18.96,0.00,0.00,,,6,6,7,2,1,1,2,6,,1,,,,3,1,1,,10,1,,,,,,,1,,1,,,1,,1,,3,20,,,,,,,35,,,,,,,,,,,,,,110
375000,"Olhão, 8700, Portugal","Faro District, Portugal",Portugal,37.053033258759,-7.7476943406946,land,saltwater,2025-08-09,Lontrinhas,2,,2,15.44,0.00,0.00,2,,,,,,,,,,,,,,,,,,,,,,,,,,,,,,,,,,,,,,,,,,,,,,,,,,,,,,,,,,
375031,"Olhão, 8700, Portugal","Faro District, Portugal",Portugal,37.0535504,-7.7456231,land,saltwater,2025-08-10,"Lontrinhas e Flapi",3,,3,11.02,0.00,0.00,3,,,,,,,,,,,,,,,,,,,,,,,,,,,,,,,,,,,,,,,,,,,,,,,,,,,,,,,,,,
375097,"Olhão, 8700, Portugal","Faro District, Portugal",Portugal,37.052803667281,-7.7475805208232,land,saltwater,2025-08-10,Lontrinhas,2,,2,6.61,0.00,0.00,2,,,,,,,,,,,,,,,,,,,,,,,,,,,,,,,,,,,,,,,,,,,,,,,,,,,,,,,,,,
375178,"Olhão, 8700, Portugal","Faro District, Portugal",Portugal,37.053033258759,-7.7476943406946,land,saltwater,2025-08-11,Lontrinhas,2,,2,2.20,0.00,0.00,2,,,,,,,,,,,,,,,,,,,,,,,,,,,,,,,,,,,,,,,,,,,,,,,,,,,,,,,,,,
375222,"Olhão, 8700, Portugal","Faro District, Portugal",Portugal,37.052808908742,-7.7470936179197,land,saltwater,2025-08-15,Lontrinhas,2,,2,11.02,0.00,0.00,4,,,,,,,,,,,,,,,,,,,,,,,,,,,,,,,,,,,,,,,,,,,,,,,,,,,,,,,,,,
375450,"Lisbon, Portugal","Lisbon, Portugal",Portugal,38.720032118764,-9.1662756920179,land,inland,2025-08-20,Lontrinhas,2,,2,13.23,0.00,0.00,6,,,,,,,,,,,,,,,,,,,,,,,,,,,,,,,,,,,,,,,,,,,,,,,,,,,,,,,,,,
375585,"Óbidos Municipality, 2510, Portugal","Leiria District, Portugal",Portugal,39.360300614934,-9.1550297899124,land,inland,2025-08-23,Mafi,1,,1,13.23,0.00,0.00,4,,,,,,,,,,,,,,,,,,,,,,,,,,,,,,,,,,,,,,,,,,,,,,,,,,,,,,,,,,
376269,"Lisbon, Portugal","Lisbon, Portugal",Portugal,38.719998548872,-9.1662742423593,land,saltwater,2025-09-08,Otters,2,,2,13.23,0.00,0.00,3,,,,,,,,,,,,,,,,,,,,,,,,,,,,,,,,,,,,,,,,,,,,,,,,,,,,,,,,,,
381073,"Albufeira, 8200, Portugal","Faro District, Portugal",Portugal,37.085676666667,-8.2437416666667,land,saltwater,2025-09-23,,1,,1,0.50,1.60,0.00,,,1,,,1,,1,1,59,3,2,,,4,3,2,4,1,,,,,,,,,,,,,,,,,,,,,,,,,,,,,,,,,,,,,,,,82
385223,"Alcochete, Portugal","Setubal, Portugal",Portugal,38.73855,-8.97823,land,saltwater,2025-10-19,,1,,1,15.00,0.00,0.00,2,,,,,,,,,,,,,,,,,,,,,,,,,,,,,,,,,,,,,,,,,,,,,,,,,,,,,,,,,,
386780,"Cascais, Portugal","Lisbon, Portugal",Portugal,38.690342,-9.3367751,land,saltwater,2025-11-08,"clean wave",3,,3,1.12,0.00,0.00,,6,,2,,,,,,,,,,,,,,,,,,,,,,,,,,,,,,,,,,,,,,,,,,,,,,,,,,,,,,,8
386790,,,Portugal,38.6795953,-9.3360168,land,saltwater,2025-11-10,"clean wave",3,,3,7.05,3.17,0.00,,5,,,16,6,,2,24,,,,4,4,,14,3,7,2,,1,,,,,2,3,,,3,,,2,,,2,,,,,,,,,32,,,,,,,,,,,,,,132
390773,"Cantanhede, 3060, Portugal","Coimbra District, Portugal",Portugal,40.34636,-8.5890083333333,land,saltwater,2026-01-14,,1,,1,0.97,0.00,0.00,,1,1,,2,,,,,,,,,,,,,,,,,,,,,,,,,1,,,,,,1,,,,,,,,,,,,,,,,,,,,,,,6
399622,"Cascais, Portugal","Lisbon, Portugal",Portugal,38.691523605958,-9.4190191011876,land,saltwater,2025-06-04,"Sailors for the Sea Portugal",2,,2,1.20,0.00,0.00,,1,1,1,1,,,,,,,2,,,,,1,1,,,,,,,,,,,,,,,,,,,,4,,,,,,,,,,,,,,,,,,,,,12
399802,"Cascais, Portugal","Lisbon, Portugal",Portugal,38.695505512878,-9.449410205707,land,saltwater,2026-03-21,"Sailors for the Sea Portugal - 75 Estoril",35,,35,6.12,0.00,0.00,,,,12,,,,,,,,,,,,,,,,,,,,,,,,,,,,,,,,,,,,,,,,,,,,,,,,,,,,,,,12
Totals:,,,,,,,,,,,,,,,,,1359,1472,2507,3426,2362,590,1492,2746,42184,367,674,724,329,881,4666,750,2409,1299,3018,691,13,1031,82,66,1039,356,594,42,722,112,42,151,708,560,171,3531,3428,290,1233,708,472,47,120,17820,16,7,0,48,32,0,0,1,0,87,2,5,1939
