"Cleanup ID",Zone,State,Country,Latitude,Longitude,"Cleanup Type",Environment,"Cleanup Date","Group Name",Adults,Children,People,Pounds,"Distance mi","Area mi","# of bags","Grocery bags (plastic)","Other bags (plastic)","Beverage bottles (glass)","Beverage bottles (plastic)","Beverage cans","Beverage sachets/pouches","Bottle caps (metal)","Bottle caps (plastic)","Cigarette butts","Cups, Plates (foam)","Cups, Plates (paper)","Cups, Plates (plastic)","Food containers (foam)","Food containers (plastic)","Food wrappers (candy, chips, etc.)","Lids (plastic)","Straws/stirrers (plastic)","Utensils (plastic)","Lines, nets, traps, ropes, etc.","Foam dock pieces","Appliances (refrigerators, washers, etc.)","Construction materials",Tires,"6-Pack holders","Foam packaging","Other plastic bottles (oil, bleach, etc.)","Strapping bands",Balloons,Clothing,E-cigarettes,"Electronic waste (phones, batteries)","Footwear (shoes/slippers)","Paper bags","Tobacco products (lighters, cigar tips, wrap)",Toys,"Other plastic waste","Other waste (metal, paper, etc.)",Condoms,"Cotton bud sticks (swabs)",Diapers,"Gloves & masks (PPE)",Syringes,"Tampons & applicators","Plastic/foam pieces","Fishing buoys, pots & traps","Fishing net & pieces","Fishing line (1 yard/meter = 1 piece)","Rope (1 yard/meter = 1 piece)","Other plastic/foam packaging","Tobacco packaging/wrap","Cigar tips","Cigarette lighters",Fireworks,"Other tobacco (packaging, lighter, etc.)","Foam pieces","Glass pieces","Plastic pieces","Total Items Collected"
149031,"Santa Cruz de Tenerife, Spain","Canary Islands, Spain",Spain,28.10102,-16.68607,land,,2021-01-05,AWdF,4,,4,10.82,0.03,0.00,,2,,3,1,1,,,3,31,,,,,1,10,1,,1,,,,6,,,,,1,,,,,,,,,,,,,,1,,,,,,,,,,,,,1,,,52,137
149476,"Cádiz, Spain","Andalusia, Spain",Spain,36.208334,-6.0350969,land,,2021-01-08,,2,,2,19.00,0.00,0.00,4,,,,,,,,,,,,,,,,,,,,,,,,,,,,,,,,,,,,,,,,,,,,,,,,,,,,,,,,,,
149983,"Santa Cruz de Tenerife, Spain","Canary Islands, Spain",Spain,28.15265,-16.43245,land,,2021-01-13,AWdF,5,,5,39.84,0.24,0.00,,2,,,6,1,2,,41,5,,,3,,5,82,15,27,1,,,,23,,,,,16,1,,,,,,,1,,,,,,2,,,,,,,,,,,,,,,,62,345
150102,"Santa Cruz de Tenerife, Spain","Canary Islands, Spain",Spain,28.12752,-16.78179,land,,2021-01-15,AWdF,4,,4,15.34,0.21,0.00,,4,,,,,1,5,,223,,,,,,9,,2,,,,,4,,,,,18,,,1,,,,,,,,,,,,,,,,,,,,,,,,,,,20,323
151033,"Almería, Spain","Andalusia, Spain",Spain,37.35446,-1.68492,land,,2021-01-19,,1,,1,8.11,0.01,0.00,,6,,,6,6,1,,4,1,,,3,4,7,4,3,1,,,,,2,,,,,4,1,,,,,,,4,,,,,,2,,,,,,,,,,,,,2,,,5,73
151144,"Castellón, Spain","Valencian Community, Spain",Spain,40.05347,0.06295,land,,2021-01-20,,9,,9,0.57,0.01,0.00,,,,1,1,,,,,2,,,,,,,,,,,,,,,,,,,,,,,,,,1,,,,,,,,,,,,,,,,,,,,,,,5
151366,"Almería, Spain","Andalusia, Spain",Spain,37.354331970215,-1.6840314865112,land,,2021-01-27,"Monte mero",1,,1,45.00,0.00,0.00,3,,,,,,,,,,,,,,,,,,,,,,,,,,,,,,,,,,,,,,,,,,,,,,,,,,,,,,,,,,
151537,"Santa Cruz de Tenerife, Spain","Canary Islands, Spain",Spain,28.03157,-16.55464,land,,2021-01-29,AWdF,2,,2,3.03,0.21,0.00,,3,,2,,,,1,,17,,,,,,1,,4,,,,,1,,,,,,,,,,,,,,,,,,,,,,,,,,,,,,,,,,,19,53
154638,"Las Palmas, Spain","Canary Islands, Spain",Spain,28.11148,-14.38933,land,,2021-02-14,,8,,8,3.19,0.00,0.00,,,,1,,,,,4,6,,,2,,,1,2,2,,,,,,,,,,,,,,,,,,,,,,,,,,,,,,,,,,,,,,,,56,87
154639,"Las Palmas, Spain","Canary Islands, Spain",Spain,28.11148,-14.38932,land,,2021-02-15,,3,,3,2.43,0.00,0.00,,,,,,,,3,8,3,,,1,,2,,1,2,,,,,,,,,,,,,,,,,,,,,,,,,,,,,,,,,,,,,,,,36,68
154658,"Las Palmas, Spain","Canary Islands, Spain",Spain,28.17057,-14.22856,land,,2021-02-15,,1,,1,1.08,0.00,0.00,,,,,,,,1,,,,,,,,3,,1,,,,,,,,,,,,,,,,,,,,,,,,,,,,,,,,,,,,,,,,9,18
154703,"Las Palmas, Spain","Canary Islands, Spain",Spain,28.7378,-13.87173,land,,2021-02-16,,1,,1,0.57,0.00,0.00,,,,,,,,,2,,,,,,,,,,,,,,,,,,,,,,,,,,,,,,,,,,,,,,,,,,,,,,,,,2,5
154882,"Santa Cruz de Tenerife, Spain","Canary Islands, Spain",Spain,28.152,-16.4308,land,,2021-02-15,AWdF,5,,5,65.76,0.32,0.00,,6,,1,1,1,,1,34,24,,,1,2,6,73,,16,,,,,10,,,,,4,,,,,,,,1,,,,,,,,,,,,,,,,,,,1,,,403,685
155531,"Almería, Spain","Andalusia, Spain",Spain,37.354385375977,-1.6841369867325,land,,2021-02-27,"Monte mero",1,,1,105.00,0.00,0.00,7,,,,,,,,,,,,,,,,,,,,,,,,,,,,,,,,,,,,,,,,,,,,,,,,,,,,,,,,,,
159700,"Santa Cruz de Tenerife, Spain","Canary Islands, Spain",Spain,28.046138,-16.537322,land,,2021-03-03,AWdF,4,,4,2.00,0.00,0.00,2,,,,,,,,,,,,,,,,,,,,,,,,,,,,,,,,,,,,,,,,,,,,,,,,,,,,,,,,,,
159875,"Gipuzkoa, Spain","Basque Country, Spain",Spain,43.32405,-1.97823,land,,2021-03-01,"Oracle - EMEA",1,,1,0.01,0.01,0.00,,,,,,,,,,,,,,,,,,,,,,,,,,,,,,,,,,,,,,,,,,,,,,,,,,,,,,,,,,,
159884,"Santa Cruz de Tenerife, Spain","Canary Islands, Spain",Spain,28.12715,-16.78174,land,,2021-03-05,AWdF,3,,3,10.27,0.28,0.00,,,,,2,2,,2,2,108,,,,,2,6,,,1,,,,7,,,,,18,,,,,,,,,,,,,,1,,,,,,,,,,,,,,,,18,189
161114,"Santa Cruz de Tenerife, Spain","Canary Islands, Spain",Spain,28.4109,-16.56367,land,,2021-03-10,,2,,2,8.06,0.02,0.00,,,,,,,1,1,,54,,,,,,5,,1,,,,,5,,,,,5,1,,,,,,,,,,,,,,,,,,,,,,,,,,1,,,34,125
161115,"Santa Cruz de Tenerife, Spain","Canary Islands, Spain",Spain,28.4109,-16.56367,land,,2021-03-10,,2,,2,8.79,0.47,0.00,,2,,,,1,,2,1,37,,,,1,,6,,,1,,,,6,,,,,11,1,,,,,,,1,,,,,,,,,,,,,,,,,,,,,,39,129
161276,"Las Palmas, Spain","Canary Islands, Spain",Spain,27.76799,-15.54338,land,,2021-03-07,Oracle,1,,1,0.19,0.02,0.00,,,,,,,,1,1,3,,,,,,1,,,,,,,,,,,,,,,,,,,,,,,,,,,,,,,,,,,,,,,,,,,7
161306,"Santa Cruz de Tenerife, Spain","Canary Islands, Spain",Spain,28.39388,-16.60328,land,,2021-03-12,AWdF,2,,2,3.02,0.13,0.00,,,,,,,,,,11,,,,,,8,,,1,,,,2,,,,,1,,,,,,,,,,,,,,,,,,,,,,,,,,,,,,24,55
161667,"Las Palmas, Spain","Canary Islands, Spain",Spain,28.14743,-15.43099,land,,2021-03-14,ORACLE,1,,1,0.16,0.08,0.00,,,,,1,1,,,,5,,,,,,1,,,,,,,,,,,,,,,,,,,,,,,,,,,,,,,,,,,,,,,,,,2,10
161735,"Tarragona, Spain","Catalonia, Spain",Spain,40.952777862549,0.31626859307289,land,,2021-03-14,"Oracle - Barcelona",1,,1,15.00,0.00,0.00,1,,,,,,,,,,,,,,,,,,,,,,,,,,,,,,,,,,,,,,,,,,,,,,,,,,,,,,,,,,
161796,"Santa Cruz de Tenerife, Spain","Canary Islands, Spain",Spain,28.14292,-16.43979,land,,2021-03-15,AWdF,2,,2,39.15,0.39,0.00,,1,,,,,,3,,80,,,,,,7,1,1,,,,,42,,,,,10,,,,,,,,,,,,,,,,,,,,,,,,,,,,,,61,222
161797,"Santa Cruz de Tenerife, Spain","Canary Islands, Spain",Spain,28.14292,-16.43979,land,,2021-03-15,AWdF,2,,2,31.31,0.32,0.00,,2,,50,1,,1,,1,34,,,,,,5,4,4,2,,,,4,,,,,4,,,,,,,,,,,,,,,,,,,,,,,,,,,,,,58,181
162109,"Barcelona, Spain","Catalonia, Spain",Spain,41.39939,2.15969,land,,2021-03-15,,1,,1,0.01,0.00,0.00,,,,,,,,,,,,,,,,,,,,,,,,,,,,,,,,,,,,,,,,,,,,,,,,,,,,,,,,,,,
162124,"Santa Cruz de Tenerife, Spain","Canary Islands, Spain",Spain,28.05024,-16.71719,land,,2021-03-19,AWdF,2,,2,4.03,0.34,0.00,,1,,1,,,,,,27,,,,,,7,1,1,2,,,,1,,,,,6,,,,,,,,1,,,,,,,,,,,,,,,,,,,,,,105,161
162505,"Las Palmas, Spain","Canary Islands, Spain",Spain,27.76753,-15.55092,land,,2021-03-21,Oracle,1,,1,0.68,0.03,0.00,,,,,,,,1,1,1,,,,1,,1,1,,,,,,,,,,,,,,,,,,,,,,,,,,,,,,,,,,,,,,1,,,,8
162522,"Las Palmas, Spain","Canary Islands, Spain",Spain,27.766986846924,-15.555778503418,land,,2021-03-21,ORACLE,4,,4,2.00,0.00,0.00,1,,,,,,,,,,,,,,,,,,,,,,,,,,,,,,,,,,,,,,,,,,,,,,,,,,,,,,,,,,
162554,"Málaga, Spain","Andalusia, Spain",Spain,36.6854,-4.45655,land,,2021-03-18,,1,,1,0.01,0.01,0.00,,,,,,,,,,,,,,,,,,,,,,,,,,,,,,,,,,,,,,,,,,,,,,,,,,,,,,,,,,,
162571,"Málaga, Spain","Andalusia, Spain",Spain,36.6089826,-4.5207328,land,,2021-03-22,"CUBEDDUs Family",3,,3,2.00,0.00,0.00,1,,,,,,,,,,,,,,,,,,,,,,,,,,,,,,,,,,,,,,,,,,,,,,,,,,,,,,,,,,
162761,"Las Palmas, Spain","Canary Islands, Spain",Spain,27.7664334,-15.585983,land,,2021-03-24,ORACLE,4,,4,7.50,0.00,0.00,1,,,,,,,,,,,,,,,,,,,,,,,,,,,,,,,,,,,,,,,,,,,,,,,,,,,,,,,,,,
162764,"Santa Cruz de Tenerife, Spain","Canary Islands, Spain",Spain,28.22932,-16.84078,land,,2021-03-24,AWdF,2,,2,23.52,0.39,0.00,,1,,4,,,,,,4,,,,,,1,,,,,,,,1,,,,1,,,,,,,,2,,,,,,,,,,,,,,,,,,,,,,5,22
162974,"Santa Cruz de Tenerife, Spain","Canary Islands, Spain",Spain,28.03503,-16.55473,land,,2021-03-26,AWdF,2,,2,1.10,2.13,0.00,,,,,,,,4,3,36,,,,,1,2,1,2,,,,,,,,,,1,,,,,,,,,,,,,,,,,,,,,,,,,,,,,,49,103
162975,"Santa Cruz de Tenerife, Spain","Canary Islands, Spain",Spain,28.05927,-16.56622,land,,2021-03-26,AWdF,2,,2,16.13,5.72,0.00,,2,,3,,7,2,3,2,76,,,1,,,3,2,,,,,,13,,,,,3,,,,,,,,,,,,,,,,,,,,,,,,,,,1,,,24,167
163036,"Las Palmas, Spain","Canary Islands, Spain",Spain,28.10951,-15.41821,underwater,,2021-03-26,Oracle,1,,1,1.56,0.01,0.00,,,,,,1,,,,,,,,,,1,,,,,,,,,,,,,,,,,,,,3,,,,,,,,,,,,,,,,,,,,,,,5
163244,"Málaga, Spain","Andalusia, Spain",Spain,36.714332580566,-4.4271121025085,land,,2021-03-28,Oracle-Emea,2,,2,22.50,0.00,0.00,3,,,,,,,,,,,,,,,,,,,,,,,,,,,,,,,,,,,,,,,,,,,,,,,,,,,,,,,,,,
163298,"Las Palmas, Spain","Canary Islands, Spain",Spain,28.10957,-15.41821,land,,2021-03-28,Oracle,1,,1,0.51,0.01,0.00,,,,,,,,,2,,,,,,,,,,,,,,,,,,,,,,,,,,,1,,,,,,,,,,,,,,,,,,,,,,,3
163440,"Madrid, Spain","Community of Madrid, Madrid, Spain",Spain,40.608596801758,-3.5815320014954,land,,2021-03-30,ORACLE,2,,2,7.50,0.00,0.00,1,,,,,,,,,,,,,,,,,,,,,,,,,,,,,,,,,,,,,,,,,,,,,,,,,,,,,,,,,,
163564,"38612 El Médano, Santa Cruz de Tenerife, Spain","Canary Islands, Spain",Spain,28.04387,-16.53845,land,,2021-03-31,AWdF,2,,2,10.58,0.70,0.00,,,,,,,,2,6,9,,,,,,2,3,3,,,,,3,,,,,6,,,,,,,,1,,,,,,1,,,,,,,,,,,,,1,,,192,243
163565,"38612 El Médano, Santa Cruz de Tenerife, Spain","Canary Islands, Spain",Spain,28.0437,-16.53879,land,,2021-03-31,AWdF,2,,2,9.92,0.63,0.00,,,,,,1,,3,1,74,,,,,,7,5,6,,,,,2,,,,,14,,,,,,,,1,,,,,,1,,,,,,,,,,,,,,,,275,409
163712,,,Spain,28.50906,-16.18562,land,,2021-04-02,AWdF,2,,2,6.83,0.94,0.00,,5,,1,8,3,,2,5,111,,,,,,20,,,,,,,,,,,,1,,,,,,,,1,,,,,,,,,,,,,,,,,,,,,,17,200
163955,"Las Palmas, Spain","Canary Islands, Spain",Spain,27.76691,-15.55171,land,,2021-04-05,Oracle,1,,1,0.56,0.01,0.00,,,,,,2,,,,,,,,,,,,,,,,,,,,,,,,,,,,,,1,,,,,,,,,,,,,,,,,,,,,,,3
164231,"Santa Cruz de Tenerife, Spain","Canary Islands, Spain",Spain,28.41055,-16.5639,land,,2021-04-06,AWdF,4,,4,6.72,0.27,0.00,,2,,2,1,,,5,2,103,,,1,,4,8,3,,,,,,2,,,,,10,,,,,,,,,,,,,,,,,,,,,,,,,,,,,,20,184
164397,"Santa Cruz de Tenerife, Spain","Canary Islands, Spain",Spain,28.15259,-16.43194,land,,2021-04-07,AWdF,2,,2,29.72,0.18,0.00,,3,,,1,,2,,13,6,,,,,1,11,,9,,,,,1,,,,,24,,,,,,,,,,,,,,,,,,,,,,,,,,,,,,349,474
164399,"Santa Cruz de Tenerife, Spain","Canary Islands, Spain",Spain,28.15257,-16.43206,land,,2021-04-07,AWdF,3,,3,20.21,0.14,0.00,,,,,,,1,3,9,36,,,,,,6,6,1,,,,,2,,,,,10,,,,,,,,1,,,,,,,,,,,,,,,,,,,,,,529,644
165014,"Almería, Spain","Andalusia, Spain",Spain,37.354496002197,-1.6841980218887,land,,2021-04-11,"Monte mero",2,,2,120.00,0.00,0.00,8,,,,,,,,,,,,,,,,,,,,,,,,,,,,,,,,,,,,,,,,,,,,,,,,,,,,,,,,,,
165125,"Santa Cruz de Tenerife, Spain","Canary Islands, Spain",Spain,28.12724,-16.7817,land,,2021-04-12,AWdF,2,,2,3.17,0.23,0.00,,,,,,1,,3,,235,,,,,,12,,1,,,,,1,,,,,8,1,,,,,,,,,,,,,1,,,,,,,,,,,,,,,,30,295
165409,"Santa Cruz de Tenerife, Spain","Canary Islands, Spain",Spain,28.14313,-16.43875,land,,2021-04-13,AWdF,3,,3,31.09,0.25,0.00,,,,23,3,2,,11,2,154,,,,,,35,4,3,2,,,,14,,,,,10,,,,,,,,,,,,,,3,,,,,,,,,,,,,,,,35,324
166947,"Santa Cruz de Tenerife, Spain","Canary Islands, Spain",Spain,28.39364,-16.60364,land,,2021-04-21,,1,,1,3.44,21.19,0.00,,,,,,,1,1,,36,,,1,2,1,4,,1,,,,,1,,,,,1,,,,,,,,,,,,,,1,,,,,,,,,,,,,1,,,63,126
167066,"Santa Cruz de Tenerife, Spain","Canary Islands, Spain",Spain,28.05446,-16.72586,land,,2021-04-22,"Groups tight",2,,2,61.33,2.40,0.00,,2,,7,,7,1,,,69,,,5,,1,1,,1,2,,,,8,2,,,,6,,,,,,,,1,,,,,,2,,,,,,,,,,,,,3,,,158,329
167068,"Costa Adeje, Santa Cruz de Tenerife, Spain","Canary Islands, Spain",Spain,28.0795,-16.73541,land,,2021-04-22,"Grand Theft Plastics",3,,3,12.82,0.24,0.00,,4,,,,,1,1,,151,,,1,,,36,1,2,1,,,,,,,,,7,1,,,,,,,3,,,,,,2,,,,,,,,,,,,,,,,83,326
167069,"Costa Adeje, Santa Cruz de Tenerife, Spain","Canary Islands, Spain",Spain,28.07907,-16.73551,land,,2021-04-22,"Microplastic Musketeers",4,,4,17.93,0.90,0.00,,3,,,4,1,,8,8,369,,,1,,,41,1,2,5,,,,,,,,,4,,,,,,,,1,,,,,,1,,,,,,,,,,,,,2,,,82,607
167070,"Costa Adeje, Santa Cruz de Tenerife, Spain","Canary Islands, Spain",Spain,28.07921,-16.7354,land,,2021-04-22,"Microplastics musketeers",4,,4,11.13,1.16,0.00,,3,,3,2,,3,6,5,383,,,1,3,5,57,1,17,1,,,,,,,,,14,,,,,,,,2,,,,,,2,,,,,,,,,,,,,3,,,87,628
167075,"Santa Cruz de Tenerife, Spain","Canary Islands, Spain",Spain,28.21388,-16.83349,land,,2021-04-22,"Bottle Dolphins",3,,3,35.64,0.02,0.00,,2,,,13,14,,,14,346,,,1,,1,13,2,3,5,,,,19,,,,,8,3,,,,,,,3,,,,,,11,,,,,,,,,,,,,1,,,71,588
167076,"Santa Cruz de Tenerife, Spain","Canary Islands, Spain",Spain,28.21396,-16.83342,land,,2021-04-22,AWdF,3,,3,38.84,0.44,0.00,,7,,25,9,36,,4,1,367,,,1,,15,46,8,4,1,,,,13,,,,,6,2,,,,,,,,,,,,,4,,,,,,,,,,,,,,,,38,665
167086,"Costa Adeje, Santa Cruz de Tenerife, Spain",,Spain,28.07897,-16.73497,land,,2021-04-22,"Microplastics musketeers",3,,3,10.07,0.31,0.00,,,,5,,3,,6,4,641,,,5,,,20,,11,,,,,,,,,,1,,,,,,,,1,,,,,,,,,,,,,,,,,,,,,,25,736
167093,"Costa Adeje, Santa Cruz de Tenerife, Spain","Canary Islands, Spain",Spain,28.07898,-16.73504,land,,2021-04-22,"Grand Theft Plastics",3,,3,31.34,1.18,0.00,,6,,17,1,2,4,13,6,1450,,,5,,1,45,2,1,2,,,,3,,,,,9,3,,,,,,,1,,,,,,,,,,,,,,,,,,,5,,,83,1706
167116,"Santa Cruz de Tenerife, Spain","Canary Islands, Spain",Spain,28.05743,-16.71834,land,,2021-04-22,,1,,1,5.85,0.21,0.00,,1,,,,,,2,,412,,,,,,2,,,,,,,3,,,,,,2,,,,,,,,,,,,,1,,,,,,,,,,,,,,,,11,439
167145,"Santa Cruz de Tenerife, Spain","Canary Islands, Spain",Spain,28.05692,-16.71835,land,,2021-04-22,"Microplastic Musketeers",1,,1,14.00,0.67,0.00,,,,,,2,,5,,1041,,,1,,1,10,,3,,,,,5,,,,,,,,,,,,,,,,,,,,,,,,,,,,,,,,3,,,43,1135
167167,"Santa Cruz de Tenerife, Spain","Canary Islands, Spain",Spain,28.48749,-16.23737,land,,2021-04-22,"Blue hearts",4,,4,40.00,0.65,0.00,,48,,8,28,73,6,18,25,600,,,10,3,39,62,2,5,2,,,,4,,,,,4,,,,,,,,8,,,,,,7,,,,,,,,,,,,,7,,,49,1019
167175,"Santa Cruz de Tenerife, Spain","Canary Islands, Spain",Spain,28.10103,-16.68613,land,,2021-04-22,"Arona Avengers",4,,4,45.13,0.97,0.00,,13,,10,4,37,1,2,9,496,,,4,,10,165,,7,,,,,21,,,,,7,1,,,,,,,3,,,,,,8,,,,,,,,,,,,,25,,,126,1028
167516,"Las Palmas, Spain","Canary Islands, Spain",Spain,27.98705,-15.37547,land,,2021-04-24,Oracle,1,,1,0.03,0.00,0.00,,,,,,,,,,,,,,,,1,,,,,,,,,,,,,,,,,,,,,,,,,,,,,,,,,,,,,,,,,,,1
167967,"Santa Cruz de Tenerife, Spain","Canary Islands, Spain",Spain,28.48566,-16.23723,land,,2021-04-22,"Green hearts ????????????",3,,3,0.01,0.01,0.00,,,,,,,,,,,,,,,,,,,,,,,,,,,,,,,,,,,,,,,,,,,,,,,,,,,,,,,,,,,
169004,"Santa Cruz de Tenerife, Spain","Canary Islands, Spain",Spain,28.2293,-16.84119,land,,2021-05-04,AWdF,2,,2,5.53,0.05,0.00,,1,,,,,,,3,2,,,,,,6,,,,,,,2,,,,,11,,,,,,,,1,,,,,,,,,,,,,,,,,,,,,,111,147
169489,"Santa Cruz de Tenerife, Spain","Canary Islands, Spain",Spain,28.03108,-16.55387,land,,2021-05-07,AWDF,2,,2,0.39,0.60,0.00,,,,,,,,,,24,,,,,,,,,,,,,,,,,,1,,,,,,,,,,,,,,,,,,,,,,,,,,,,,,24,49
169763,"Santa Cruz de Tenerife, Spain","Canary Islands, Spain",Spain,28.03749,-16.54345,land,,2021-05-10,Awdf,3,,3,21.29,0.13,0.00,,,,,,2,,7,3,45,,,,1,,23,1,4,,,,,3,,,,,7,,,,,,,,,,,,,,2,,,,,,,,,,,,,1,,,138,282
169923,"Santa Cruz de Tenerife, Spain","Canary Islands, Spain",Spain,28.51371,-16.17581,land,,2021-05-12,Awdf,2,,2,5.79,0.32,0.00,,,,,1,1,,2,2,163,,,3,,,16,,,,,,,,,,,,1,,,,,,,,,,,,,,2,,,,,,,,,,,,,1,,,11,235
170018,"Málaga, Spain","Andalusia, Spain",Spain,36.71922,-4.40706,land,,2021-05-13,"Oracle- Emea",1,,1,3.33,0.25,0.00,,,,,3,4,,1,4,18,,,5,2,4,3,,9,,,,,,,,,,,,,,,,,,,,,,,,4,,,,,,,,,,,,,,,,,77
170074,"Santa Cruz de Tenerife, Spain","Canary Islands, Spain",Spain,28.04408,-16.53735,land,,2021-05-10,AWdF,2,,2,13.22,0.82,0.00,,,,,,2,1,,9,3,,,2,,,16,1,3,,,,,7,,,,,1,,,,,,,,,,,,,,,,,,,,,,,,,,,,,,84,155
170409,"Santa Cruz de Tenerife, Spain","Canary Islands, Spain",Spain,28.15251,-16.43223,land,,2021-05-17,AWDF,3,,3,39.54,0.07,0.00,,3,,1,,1,,,17,21,,,5,4,3,18,5,1,,,,,,,,,,9,,,,,,,,3,,,,,,,,,,,,,,,,,,,,,,180,346
170410,"Santa Cruz de Tenerife, Spain","Canary Islands, Spain",Spain,28.15251,-16.43223,land,,2021-05-17,AWDF,3,,3,51.15,0.05,0.00,,,,,,,,,59,6,,,1,,,14,5,4,,,,,26,,,,,,,,,,,,,2,,,,,,,,,,,,,,,,,,,,,,373,577
170553,"Santa Cruz de Tenerife, Spain","Canary Islands, Spain",Spain,28.41075,-16.5637,land,,2021-05-19,,1,,1,7.63,0.39,0.00,,1,,,1,,,1,2,113,,,,,,12,,2,,,,,1,,,,,7,,,,,,,,1,,,,,,2,,,,,,,,,,,,,,,,46,225
170554,"Santa Cruz de Tenerife, Spain","Canary Islands, Spain",Spain,28.41075,-16.5637,land,,2021-05-19,AWdf,1,,1,12.88,0.02,0.00,,3,,2,,,,3,3,270,,,2,,2,20,3,3,4,,,,4,,,,,7,,,,,,,,1,,,,,,2,,,,,,,,,,,,,8,,,49,419
170720,"Santa Cruz de Tenerife, Spain","Canary Islands, Spain",Spain,28.12732,-16.78221,land,,2021-05-21,"Pip, Caitlin & Jessie",3,,3,7.69,0.20,0.00,,,,,,,1,11,1,310,,,,,,28,,3,,,,,1,,,,,,,,,,,,,2,,,,,,,,,,,,,,,,,,,,,,10,396
171231,"Santa Cruz de Tenerife, Spain","Canary Islands, Spain",Spain,28.14295,-16.43817,land,,2021-05-25,"Pip, Jessie, Con & Ylva",1,,1,6.51,0.09,0.00,,1,,1,,,,2,5,19,,,,,,6,,,,,,,,,,,,,,,,,,,,3,,,,,,2,,,,,,,,,,,,,,,,53,111
171362,"Gipuzkoa, Spain","Basque Country, Spain",Spain,43.3239248,-1.9782959,land,,2021-05-26,"Oracle - EMEA",1,,1,2.00,0.00,0.00,1,,,,,,,,,,,,,,,,,,,,,,,,,,,,,,,,,,,,,,,,,,,,,,,,,,,,,,,,,,
171369,"Gipuzkoa, Spain","Basque Country, Spain",Spain,43.32591,-1.97985,land,,2021-05-26,"Oracle - EMEA",1,,1,2.84,0.06,0.00,,1,,,,,1,5,,3,,,,1,,5,1,3,,,,,1,,,,,1,1,,,,,,,,,,,,,3,,,,,,,,,,,,,2,,,5,43
171439,"Valencia, Spain","Valencian Community, Spain",Spain,39.4218,-0.33407,land,,2021-05-23,,1,,1,0.11,0.00,0.00,,,,,,,,,,20,,,,,,,,,,,,,,,,,,,,,,,,,,,,,,,,,,,,,,,,,,,,,,,,,20
171440,"Valencia, Spain","Valencian Community, Spain",Spain,39.42337,-0.33233,land,,2021-05-23,,10,,10,60.26,0.75,0.00,,56,,25,73,225,6,,12,119,,,11,42,6,41,2,1,6,,,,4,,,,,6,,,17,,,,,1,,,,,,85,,,,,,,,,,,,,5,,,22,837
172152,"Santa Cruz de Tenerife, Spain","Canary Islands, Spain",Spain,28.12706,-16.78155,land,,2021-06-04,AwdF,5,,5,19.12,0.15,0.00,,1,,3,3,,,3,12,174,,,1,,,20,,7,2,,,,9,,,,,35,,,,,,,,2,,,,,,1,,,,,,,,,,,,,1,,,110,418
172244,"Cantabria, Spain","Cantabria, Spain",Spain,43.00391,-4.15621,land,,2021-06-05,,1,,1,20.86,11.98,0.00,,,,,,,,,,,,,,,,,,1,,,,,1,1,,,,1,,,,,,,,,,,,,,,,,,,,,,,,,,,,,,,4
172273,"Almería, Spain","Andalusia, Spain",Spain,37.354400634766,-1.6841003894806,land,,2021-06-05,"Monte mero",2,,2,300.00,0.00,0.00,,,,,,,,,,,,,,,,,,,,,,,,,,,,,,,,,,,,,,,,,,,,,,,,,,,,,,,,,,,
172569,"Santa Cruz de Tenerife, Spain","Canary Islands, Spain",Spain,28.22949,-16.84113,land,,2021-06-07,AwdF,5,,5,0.50,0.20,0.00,,,,,,,,,,14,,,,,,4,,1,3,,,,,,,,,,,,,,,,,,,,,,,,,,,,,,,,,,,,,,,2,27
172687,"Santa Cruz de Tenerife, Spain","Canary Islands, Spain",Spain,28.05003,-16.71575,land,,2021-06-08,AwdF,5,,5,9.18,0.00,0.00,,1,,3,,1,,5,6,127,,,1,1,1,25,,2,4,,,,2,,,,,6,,,,,,,,1,,,,,,1,,,,,,,,,,,,,2,,,158,365
172789,"Biscay, Spain","Basque Country, Spain",Spain,43.35201,-3.01458,land,,2021-06-09,"SGRE SEA",1,,1,22.50,0.00,0.00,2,,,,,,,,,,,,,,,,,,,,,,,,,,,,,,,,,,,,,,,,,,,,,,,,,,,,,,,,,,
172793,"Biscay, Spain","Basque Country, Spain",Spain,43.35201,-3.01458,land,,2021-06-09,"SGRE SEA",1,,1,15.00,0.00,0.00,1,,,,,,,,,,,,,,,,,,,,,,,,,,,,,,,,,,,,,,,,,,,,,,,,,,,,,,,,,,
172794,"Barcelona, Spain","Catalonia, Spain",Spain,41.417541503906,2.1353788375854,land,,2021-06-09,Ocean52,6,,6,4.00,0.00,0.00,2,,,,,,,,,,,,,,,,,,,,,,,,,,,,,,,,,,,,,,,,,,,,,,,,,,,,,,,,,,
172933,"Barcelona, Spain","Catalonia, Spain",Spain,41.40464,2.17014,land,,2021-06-07,,1,,1,0.01,0.00,0.00,,,,,,,,,,,,,,,,,,,,,,,,,,,,,,,,,,,,,,,,,,,,,,,,,,,,,,,,,,,
172961,"Santa Cruz de Tenerife, Spain","Canary Islands, Spain",Spain,28.1427,-16.44002,land,,2021-06-11,AWDF,5,,5,95.55,0.12,0.00,,6,,96,1,1,,1,7,75,,,,,1,22,2,,1,,,,23,1,,,,1,,,,,,,,,,,,,,5,,,,,,,,,,,,,3,,,124,406
173330,"Balearic Islands, Spain","Balearic Islands, Spain",Spain,40.0597371,4.0768348,land,,2021-06-15,"SGRE SEA",1,,1,2.00,0.00,0.00,1,,,,,,,,,,,,,,,,,,,,,,,,,,,,,,,,,,,,,,,,,,,,,,,,,,,,,,,,,,
173453,"Madrid, Spain","Community of Madrid, Madrid, Spain",Spain,40.57616,-3.92564,land,,2021-06-13,,1,,1,0.01,0.00,0.00,,,,,,,,,,,,,,,,,,,,,,,,,,,,,,,,,,,,,,,,,,,,,,,,,,,,,,,,,,,
173610,"Balearic Islands, Spain","Balearic Islands, Spain",Spain,39.8643951,4.2260879,land,,2021-06-18,"SGRE SEA",1,,1,2.00,0.00,0.00,1,,,,,,,,,,,,,,,,,,,,,,,,,,,,,,,,,,,,,,,,,,,,,,,,,,,,,,,,,,
173857,"Barcelona, Spain","Catalonia, Spain",Spain,41.3731,2.07068,land,,2021-06-20,,1,,1,0.66,0.01,0.00,,1,,,,6,,,,,,,,,1,,,,,,,,,,,,,,,,,,,,,,,,,,,,,,,,,,,,,,,,,,,,12
173975,"Santa Cruz de Tenerife, Spain","Canary Islands, Spain",Spain,28.03832,-16.54302,land,,2021-06-18,"Harry 18/06",5,,5,0.01,0.17,0.00,,,,,,,,,,,,,,,,,,,,,,,,,,,,,,,,,,,,,,,,,,,,,,,,,,,,,,,,,,,
175423,"Tarragona, Spain","Catalonia, Spain",Spain,41.19042,1.55848,land,,2021-07-06,,1,,1,0.05,0.05,0.00,,3,,,,,,,,,,,,,,,,,,,,,,,,,,,,,,,,,,,,,,,,,,,,,,,,,,,,,,,,,3
177286,"Santa Cruz de Tenerife, Spain","Canary Islands, Spain",Spain,28.05229,-16.72388,land,,2021-07-26,"Chloe, Nika, Louise (AWdF)",3,,3,2.22,0.00,0.00,,,,,1,2,,,3,37,,,1,,2,4,2,3,,,,,,,,,,7,,,,,,,,,,,,,,2,,,,,,,,,,,,,,,,13,91
177728,"Santa Cruz de Tenerife, Spain","Canary Islands, Spain",Spain,28.10122,-16.68628,land,,2021-07-28,"Chloe, Nika, Louise (AWdF)",1,,1,0.01,0.00,0.00,,,,,,,,,,,,,,,,,,,,,,,,,,,,,,,,,,,,,,,,,,,,,,,,,,,,,,,,,,,
177819,"Asturias, Spain","Asturias, Spain",Spain,43.577121734619,-5.9624004364014,land,,2021-08-02,"Pembridge green team",2,,2,7.50,0.00,0.00,1,,,,,,,,,,,,,,,,,,,,,,,,,,,,,,,,,,,,,,,,,,,,,,,,,,,,,,,,,,
177821,"Asturias, Spain","Asturias, Spain",Spain,43.57755,-5.96053,land,,2021-08-02,"Pembridge green team",2,,2,31.14,0.06,0.00,,13,,,2,,1,,23,19,,,2,,3,13,3,4,,,,,2,,,,,,1,,,,,,,,,,,,,7,,,,,,,,,,,,,,,,39,186
177836,"Santa Cruz de Tenerife, Spain","Canary Islands, Spain",Spain,28.03108,-16.55411,land,,2021-08-02,Awdf,5,,5,20.03,0.04,0.00,,3,,14,2,13,,1,5,76,,,1,,,8,2,,,,,,2,,,,,,,,,,,,,,,,,,,3,,,,,,,,,,,,,2,,,7,221
178242,"Murcia, Spain","Region of Murcia, Murcia, Spain",Spain,37.4130977,-1.5650176,land,,2021-08-08,,1,,1,5.00,0.00,0.00,1,,,,,,,,,,,,,,,,,,,,,,,,,,,,,,,,,,,,,,,,,,,,,,,,,,,,,,,,,,
178323,"Santa Cruz de Tenerife, Spain","Canary Islands, Spain",Spain,28.10097,-16.68607,land,,2021-08-06,"Chloe, Nika, Louise (AWdF)",4,,4,5.48,4.69,0.00,,,,3,1,5,3,,2,101,,,1,3,4,3,1,2,6,,,,,,,,,,1,,,,,,,3,,,,,,3,,,,,,,,,,,,,1,,,17,167
178381,"Gipuzkoa, Spain","Basque Country, Spain",Spain,43.3128,-2.00698,land,,2021-08-10,,1,,1,1.93,0.00,0.00,,1,,1,1,,,,,,,,,,3,2,,,,,,,,,,,,,,,,,,,,,,,,,,,,,,,,,,,,,,,1,,,,11
178462,"Santa Cruz de Tenerife, Spain","Canary Islands, Spain",Spain,28.10125,-16.68631,land,,2021-08-11,"Paul, franscesca , thorge, sofie",1,,1,0.01,0.00,0.00,,,,,,,,,,,,,,,,,,,,,,,,,,,,,,,,,,,,,,,,,,,,,,,,,,,,,,,,,,,
178498,"Murcia, Spain","Region of Murcia, Murcia, Spain",Spain,37.41308,-1.56521,land,,2021-08-08,,1,,1,64.83,0.02,0.00,1,7,,,3,2,,2,6,9,,,,,2,4,2,2,,,,,,3,,,,2,,,1,,,,,7,,,,,,,,,,,,,,,,,,,1,,,2,58
178773,"Santa Cruz de Tenerife, Spain","Canary Islands, Spain",Spain,28.07797,-16.73598,land,,2021-08-16,"Paul, franscesca , thorge, sofie",1,,1,0.01,0.00,0.00,,,,,,,,,,,,,,,,,,,,,,,,,,,,,,,,,,,,,,,,,,,,,,,,,,,,,,,,,,,
179051,"Santa Cruz de Tenerife, Spain","Canary Islands, Spain",Spain,28.10118,-16.68628,land,,2021-08-16,"Chloe, Nika, Louise (AWdF)",1,,1,0.51,0.00,0.00,,,,,,,,,,,,,,,,,,,,,,,,,,,,,,,,,,,,,,,,,,,,,,,,,,,,,,,,,,,
179057,"Asturias, Spain","Asturias, Spain",Spain,43.48722,-5.42482,land,,2021-08-20,,1,,1,2.91,0.01,0.00,,,,,1,1,1,,,,,,,,,,,,,,,,,,,,,,,,,,,,,,,,,,,,,,,,,,,,,,,,,,,,9
179880,"Las Palmas, Spain","Canary Islands, Spain",Spain,27.79876,-15.73174,land,,2021-08-23,,1,,1,21.06,0.16,0.00,,,,,,,1,2,,5,,,,,,,,,,,,,,1,,,,1,,,,,,,,,,,,,,,,,,,,,,,,,,,1,,,,12
179963,"Santa Cruz de Tenerife, Spain","Canary Islands, Spain",Spain,28.05265,-16.72311,land,,2021-08-26,AWDF,4,,4,0.73,0.22,0.00,,1,,,,,,,,6,,,,,,1,,,1,,,,,,,,,,,,,,,,,1,,,,,,2,,,,,,,,,,,,,,,,,13
179991,"Santa Cruz de Tenerife, Spain","Canary Islands, Spain",Spain,28.052843093872,-16.72324180603,land,,2021-08-26,AWDF,4,,4,2.00,0.00,0.00,1,,,,,,,,,,,,,,,,,,,,,,,,,,,,,,,,,,,,,,,,,,,,,,,,,,,,,,,,,,
180961,"Santa Cruz de Tenerife, Spain","Canary Islands, Spain",Spain,28.1429,-16.43933,land,,2021-08-31,Aslak,1,,1,11.13,0.83,0.00,,2,,3,1,,1,3,,84,,,1,2,1,3,1,2,1,,,,5,,,,,2,,,,,,,,,,,,,,,,,,,,,,,,,,,,,,52,188
181276,"Biscay, Spain","Basque Country, Spain",Spain,43.33652,-3.00428,land,,2021-09-08,#garnier,1,,1,0.05,0.00,0.00,,3,,,,,,,,,,,,,,,,,,,,,,,,,,,,,,,,,,,,,,,,,,,,,,,,,,,,,,,,,3
182708,"Biscay, Spain","Basque Country, Spain",Spain,43.33635,-3.00442,land,,2021-09-10,#garnier,1,,1,0.52,0.04,0.00,,,,,,,,,,1,,,,,,,,,,,,,,,,,,,1,,,,,,,1,,,,,,,,,,,,,,,,,,,,,,,3
183102,"Madrid, Spain","Community of Madrid, Madrid, Spain",Spain,40.446922302246,-3.6541533470154,land,,2021-09-14,,1,,1,105.00,0.00,0.00,7,,,,,,,,,,,,,,,,,,,,,,,,,,,,,,,,,,,,,,,,,,,,,,,,,,,,,,,,,,
183111,"Madrid, Spain","Community of Madrid, Madrid, Spain",Spain,40.44694,-3.65408,land,,2021-09-14,,1,,1,21.27,0.00,0.00,,,,1,2,,,3,1,,,,,,,,2,2,2,,,,,1,,,,,,,3,,,,,,,,,,,,,,,,,,,,,,,,3,,,,25
183273,"Valencia, Spain","Valencian Community, Spain",Spain,39.29006,-0.28274,land,,2021-09-11,,4,,4,0.01,0.37,0.00,,,,,,,,,,,,,,,,,,,,,,,,,,,,,,,,,,,,,,,,,,,,,,,,,,,,,,,,,,,
183388,"Madrid, Spain","Community of Madrid, Madrid, Spain",Spain,40.44796,-3.63788,land,,2021-09-15,"GARNIER SPAIN",1,,1,0.02,0.00,0.00,,,,,,,,,,2,,,,,,,,,,,,,,,,,,,1,,,,,,,,,,,,,,,,,,,,,,,,,,,,,,3
183466,"Seville, Spain","Andalusia, Spain",Spain,37.47446,-5.63364,land,,2021-09-15,"Garnier spain",1,,1,2.40,0.00,0.00,,4,,3,3,2,2,,,1,,,2,,4,,,,2,,,,,,,,,,,,,,,,,,,,,,,,,,,,,,,,,,,,,,,2,29
183722,"Madrid, Spain","Community of Madrid, Madrid, Spain",Spain,40.67262,-4.08669,land,,2021-09-16,"GARNIER SPAIN",1,,1,1.06,0.02,0.00,,2,,1,1,1,1,1,,,,,1,1,1,1,1,1,1,,,,,,,,,1,,,1,,,,,,,,,,,1,,,,,,,,,,,,,,,,,19
183753,"Madrid, Spain","Community of Madrid, Madrid, Spain",Spain,40.67262,-4.08669,land,,2021-09-16,"GARNIER SPAIN",1,,1,23.05,0.00,0.00,,1,,1,1,1,1,2,1,1,,,1,1,1,1,1,1,1,,,,1,1,,,,1,1,,1,,,,,1,,,,,,2,,,,,,,,,,,,,1,,,1,30
183754,"Madrid, Spain","Community of Madrid, Madrid, Spain",Spain,40.672618865967,-4.0866928100586,land,,2021-09-16,"GARNIER SPAIN",1,,1,24.00,0.00,0.00,3,,,,,,,,,,,,,,,,,,,,,,,,,,,,,,,,,,,,,,,,,,,,,,,,,,,,,,,,,,
183755,"Madrid, Spain","Community of Madrid, Madrid, Spain",Spain,40.67262,-4.08669,land,,2021-09-16,"GARNIER SPAIN",1,,1,22.50,0.03,0.00,,1,,1,1,1,1,1,1,1,,,1,1,1,1,1,1,1,,,,1,1,,,,1,1,,1,,,,,1,,,,,,1,,,,,,,,,,,,,1,,,1,27
183757,"Madrid, Spain","Community of Madrid, Madrid, Spain",Spain,40.67262,-4.08669,land,,2021-09-16,"GARNIER SPAIN",1,,1,3.92,0.01,0.00,,5,,4,2,3,3,2,,3,,,2,4,5,3,2,,,,,,,,,,,,,,3,,,,,,,,,,,3,,,,,,,,,,,,,3,,,7,60
184316,"Girona, Spain","Catalonia, Spain",Spain,41.68213,2.78042,underwater,,2021-09-18,"GARNIER SPAIN",1,,1,0.26,0.04,0.00,,2,,,1,,,,,,,,1,1,1,,,1,,,,,,,,,,,,,,,,,,,,,,,,3,,,,,,,,,,,,,,,,,10
188670,"Cantabria, Spain","Cantabria, Spain",Spain,43.35377,-4.0449,watercraft,,2021-09-18,"GARNIER SPAIN",1,,1,66.25,0.01,0.00,,2,,2,2,2,2,2,2,2,,,2,2,2,2,2,2,2,,,,2,3,,,,2,2,,3,,,,,2,,,,,,2,,,,,,,,,,,,,3,,,2,60
188792,"Madrid, Spain","Community of Madrid, Madrid, Spain",Spain,40.49959,-3.3641,land,,2021-09-18,"GARNIER SPAIN",1,,1,0.01,0.02,0.00,,,,,,,,,,,,,,,,,,,,,,,,,,,,,,,,,,,,,,,,,,,,,,,,,,,,,,,,,,,
188841,"Madrid, Spain","Community of Madrid, Madrid, Spain",Spain,40.49961,-3.36406,land,,2021-09-19,"GARNIER SPAIN",1,,1,0.54,0.01,0.00,,1,,1,,,,1,,,,,,,,,,,,,,,,,,,,,,,,,,,,,,,,,,1,,,,,,,,,,,,,,,,,4
189095,"Barcelona, Spain","Catalonia, Spain",Spain,41.3728468,2.1631081,land,,2021-09-19,"World Cleanup Day",3,,3,22.50,0.00,0.00,2,,,,,,,,,,,,,,,,,,,,,,,,,,,,,,,,,,,,,,,,,,,,,,,,,,,,,,,,,,
189590,"Madrid, Spain","Community of Madrid, Madrid, Spain",Spain,40.67262,-4.0867,land,,2021-09-20,"GARNIER SPAIN",1,,1,22.61,0.00,0.00,,2,,1,1,2,1,1,2,1,,,2,1,1,2,2,,,,,,1,1,,,,1,1,,1,,,,,1,,,,,,1,,,,,,,,,,,,,1,,,3,33
189658,"Granada, Spain","Andalusia, Spain",Spain,37.52861,-2.90784,land,,2021-09-20,"Familia lara",5,,5,4.57,0.00,0.00,,5,,2,5,9,3,3,6,14,,,,1,4,3,,1,,,,,,,,,,,1,,,,,,,,,,,,,7,,,,,,,,,,,,,4,,,1,79
189841,"Biscay, Spain","Basque Country, Spain",Spain,43.33635,-3.00445,land,,2021-09-21,"GARNIER SPAIN",1,,1,0.17,0.00,0.00,,,,,,,,,,,,,,,,6,,,,,,,,,,,,,,,,,,,,,,,,,,,,,,,,,,,,,,,,,,,6
190014,"Teruel, Spain","Aragon, Spain",Spain,41.05254,-0.13161,land,,2021-09-21,"GARNIER SPAIN",1,,1,0.64,0.02,0.00,,2,,,2,,,,,2,,,,,2,10,,,,,,,,,,,,,,,,,,,,,,,,,,,,,,,,,,,,,,,,,,,19
190015,"Madrid, Spain","Community of Madrid, Madrid, Spain",Spain,40.44803,-3.63775,land,,2021-09-21,"Garnier Spain",1,,1,0.02,0.04,0.00,,,,,,,,,,,,,1,,,,,,,,,,,,,,,,,,,,,,,,,,,,,,,,,,,,,,,,,,,,,,1
190017,"Madrid, Spain","Community of Madrid, Madrid, Spain",Spain,40.44807,-3.63771,land,,2021-09-21,"Garbled Spain",1,,1,0.01,0.03,0.00,,,,,,,,,,,,,,,,,,,,,,,,,,,,,,,,,,,,,,,,,,,,,,,,,,,,,,,,,,,
190018,"Madrid, Spain","Community of Madrid, Madrid, Spain",Spain,40.44806,-3.63778,land,,2021-09-21,"Garnier Spain",1,,1,0.01,0.03,0.00,,,,,,,,,,,,,,,,,,,,,,,,,,,,,,,,,,,,,,,,,,,,,,,,,,,,,,,,,,,
190028,"Madrid, Spain","Community of Madrid, Madrid, Spain",Spain,40.67262,-4.0867,land,,2021-09-21,"GARNIER SPAIN",1,,1,23.28,0.00,0.00,,4,,1,1,2,1,1,1,2,,,1,1,1,1,1,1,4,,,,1,1,,,,1,1,,1,,,,,1,,,,,,1,,,,,,,,,,,,,1,,,2,38
190029,"Madrid, Spain","Community of Madrid, Madrid, Spain",Spain,40.67261505127,-4.0866961479187,land,,2021-09-21,"GARNIER SPAIN",1,,1,71.00,0.00,0.00,9,,,,,,,,,,,,,,,,,,,,,,,,,,,,,,,,,,,,,,,,,,,,,,,,,,,,,,,,,,
190031,"Madrid, Spain","Community of Madrid, Madrid, Spain",Spain,40.67262,-4.0867,land,,2021-09-21,"GARNIER SPAIN",1,,1,116.84,0.00,0.00,,10,,7,2,7,3,4,3,10,,,5,6,3,4,5,1,2,,,,8,5,,,,4,5,,8,,,,,3,,,,,,5,,,,,,,,,,,,,10,,,6,148
190032,"Madrid, Spain","Community of Madrid, Madrid, Spain",Spain,40.67262,-4.0867,land,,2021-09-21,"GARNIER SPAIN",1,,1,95.37,0.00,0.00,,19,,12,17,7,4,6,1,11,,,10,1,1,1,8,8,8,,,,3,4,,,,6,11,,8,,,,,1,,,,,,10,,,,,,,,,,,,,2,,,16,207
190033,"Madrid, Spain","Community of Madrid, Madrid, Spain",Spain,40.67262,-4.0867,land,,2021-09-21,"GARNIER SPAIN",1,,1,76.46,0.01,0.00,,20,,12,10,24,1,1,4,15,,,14,7,4,4,7,1,,,,,3,3,,,,4,5,,1,,,,,1,,,,,,5,,,,,,,,,,,,,27,,,17,223
190035,"Valencia, Spain","Valencian Community, Spain",Spain,39.47713,-0.41504,land,,2021-09-21,"GARNIER SPAIN",1,,1,0.04,0.01,0.00,,,,,,,,,,1,,,,,,1,,,,,,,,,,,,,,,,,,,,,,,,,,,,,,,,,,,,,,,,,,,2
190053,"Valencia, Spain","Valencian Community, Spain",Spain,39.66252,-0.21833,land,,2021-09-21,"Garnier Spain",1,,1,39.54,0.01,0.00,,16,,21,18,16,23,20,19,16,,,22,15,16,17,20,19,17,,,,,,,,,21,13,,,,,,,15,,,,,,20,,,,,,,,,,,,,23,,,23,476
190142,"Valencia, Spain","Valencian Community, Spain",Spain,39.66244,-0.21847,land,,2021-09-21,"Garnier Spain",1,,1,851.42,0.02,0.00,,37,,37,37,37,37,37,37,36,,,37,37,37,37,37,37,37,,,,37,37,,,,37,36,,37,,,,,36,,,,,,37,,,,,,,,,,,,,37,,,37,1032
192120,"A Coruña, Spain","Galicia, Spain",Spain,43.35236,-8.39183,land,,2021-09-18,"GARNIER SPAIN",1,,1,0.10,0.03,0.00,,,,,1,,,,,,,,,,,,,,,,,,,,,,,,,,,,,,,,,,,,,,,,,,,,,,,,,,,,,,1
192153,"Madrid, Spain","Community of Madrid, Madrid, Spain",Spain,40.44806,-3.63771,land,,2021-09-22,"Garnier spain",1,,1,0.01,0.50,0.00,,,,,,,,,,,,,,,,,,,,,,,,,,,,,,,,,,,,,,,,,,,,,,,,,,,,,,,,,,,
192168,"Murcia, Spain","Region of Murcia, Murcia, Spain",Spain,38.00004,-1.07887,land,,2021-09-22,"GARNIER SPAIN",1,,1,0.13,0.00,0.00,,1,,,1,,,,,1,,,,,,2,,1,,,,,,,,,,,,,,,,,,,,,,,,,,,,,,,,,,,,,,,,,6
192179,"Granada, Spain","Andalusia, Spain",Spain,37.22814,-3.6866,land,,2021-09-22,"GRANIER SPAIN",1,,1,10.00,0.00,0.00,,,,,,,,,,,,,,,,,,,,,,,,,,,,,,,,,,,,,,,,,,,,,,,,,,,,,,,,,,,
192275,"Madrid, Spain","Community of Madrid, Madrid, Spain",Spain,40.44798,-3.63773,land,,2021-09-22,"Granite Spain",1,,1,1.12,0.00,0.00,,1,,1,4,,,1,,2,,,,,1,1,,,,,,,,,,,,,,,,,,,,,,,,,,4,,,,,,,,,,,,,1,,,1,19
192292,"Madrid, Spain","Community of Madrid, Madrid, Spain",Spain,40.4996,-3.36405,land,,2021-09-23,"GARNIER SPAIN",1,,1,0.95,0.01,0.00,,3,,,,1,,3,,2,,,1,3,,1,,5,,,,,,,,,,,2,,,,,,,,,,,,,3,,,,,,,,,,,,,,,,2,27
192294,"Madrid, Spain","Community of Madrid, Madrid, Spain",Spain,40.49962,-3.36408,land,,2021-09-23,"GARNIER SPAIN",1,,1,1.35,0.02,0.00,,4,,,,1,2,3,1,5,,,,1,,,5,,1,,,,,,,,,,,,,,,,,1,,,,,,1,,,,,,,,,,,,,1,,,1,33
192295,"Madrid, Spain","Community of Madrid, Madrid, Spain",Spain,40.49961,-3.36404,land,,2021-09-23,"GARNIER SPAIN",1,,1,25.73,0.01,0.00,,3,,1,2,1,1,1,2,9,,,3,1,1,1,4,6,1,,,,3,1,,,,3,1,,1,,,,,2,,,,,,4,,,,,,,,,,,,,1,,,2,61
192296,"Madrid, Spain","Community of Madrid, Madrid, Spain",Spain,40.49968,-3.36399,land,,2021-09-23,"GARNIER SPAIN",1,,1,24.29,0.02,0.00,,3,,1,2,1,6,8,4,5,,,2,1,6,2,4,1,1,,,,1,1,,,,11,1,,6,,,,,1,,,,,,3,,,,,,,,,,,,,6,,,4,88
192297,"Madrid, Spain","Community of Madrid, Madrid, Spain",Spain,40.4996,-3.36407,land,,2021-09-23,"GARNIER SPAIN",1,,1,243.87,0.05,0.00,,16,,18,19,17,20,17,16,18,,,19,10,15,14,29,27,23,,,,12,10,,,,22,11,,16,,,,,14,,,,,,16,,,,,,,,,,,,,10,,,22,479
192298,"Madrid, Spain","Community of Madrid, Madrid, Spain",Spain,40.49962,-3.36402,land,,2021-09-23,"GARNIER SPAIN",1,,1,30.95,0.05,0.00,,19,,20,15,19,10,21,15,17,,,14,19,16,16,16,10,19,,,,,,,,,14,18,,23,,,,,16,,,,,,40,,,,,,,,,,,,,,,,27,422
192395,"Cádiz, Spain","Andalusia, Spain",Spain,36.52621,-6.21977,land,,2021-09-23,"GARNIER SPAIN",1,,1,1.17,0.01,0.00,,3,,,1,,,,,16,,,,,1,,,,,,,,,,,,,1,,,,,,,,,,,,,,2,,,,,,,,,,,,,,,,11,38
192408,"Madrid, Spain","Community of Madrid, Madrid, Spain",Spain,40.49964,-3.36403,land,,2021-09-23,"GARNIER SPAIN",1,,1,3.02,0.02,0.00,,,,1,1,2,,50,4,4,,,39,,2,1,8,44,2,,,,,,,,,,,,1,,,,,,,,,,,1,,,,,,,,,,,,,,,,,175
192409,"Madrid, Spain","Community of Madrid, Madrid, Spain",Spain,40.49976,-3.36404,land,,2021-09-23,"GARNIER SPAIN",1,,1,113.98,0.02,0.00,,302,,,,,,,,102,,,,,,,,,,,,,,,,,,,,,,,,,,,,,,,,,,,,,,,,,,,,,,,,,605
192456,"Santa Cruz de Tenerife, Spain","Canary Islands, Spain",Spain,28.15789,-16.77236,land,,2021-09-23,Garnier,1,,1,0.69,0.00,0.00,,3,,1,2,,,,,,,,,,,,,,,,,,,,,,,,,,,,,,,,,,,,,,,,,,,,,,,,,,,,,3,9
192487,"Valencia, Spain","Valencian Community, Spain",Spain,39.45079,-0.39253,land,,2021-09-23,"GARNIER SPAIN",1,,1,0.56,1.37,0.00,,,,,2,3,,,1,2,,,,1,1,2,,2,1,,,,,,,,,,,,,,,,,,,,,,,1,,,,,,,,,,,,,1,,,,18
192496,"Madrid, Spain","Community of Madrid, Madrid, Spain",Spain,40.47315,-3.69637,land,,2021-09-23,"GARNIER SPAIN",1,,1,0.01,0.00,0.00,,,,,,,,,,,,,,,,,,,,,,,,,,,,,,,,,,,,,,,,,,1,,,,,,,,,,,,,,,,,1
192497,"Madrid, Spain","Community of Madrid, Madrid, Spain",Spain,40.32659,-3.88414,land,,2021-09-23,"GARNIER SPAIN",1,,1,1.26,0.30,0.00,,4,,,3,3,,,,4,,,1,,5,5,,3,1,,,,,,,,,1,,,,,,,,,,,,,,2,,,,,,,,,,,,,2,,,4,41
192502,"Madrid, Spain","Community of Madrid, Madrid, Spain",Spain,40.32657,-3.9028,land,,2021-09-23,"GARNIER SPAIN",1,,1,4.31,0.74,0.00,,9,,,17,20,,,7,11,,,,2,7,18,,6,2,,,,,,,,,,2,,8,,,,,1,,,,,,9,,,,,,,,,,,,,2,,,14,141
192505,"Madrid, Spain","Community of Madrid, Madrid, Spain",Spain,40.47295,-3.6965,land,,2021-09-23,"GARNIER SPAIN",1,,1,4.48,0.01,0.00,,,,8,2,,,2,,7,,,,1,,3,,,,,,,,,,,,,,,,,,,,,,,,,,3,,,,,,,,,,,,,2,,,1,29
192506,"Madrid, Spain","Community of Madrid, Madrid, Spain",Spain,40.4734,-3.69585,land,,2021-09-23,"GARNIER SPAIN",1,,1,11.67,0.02,0.00,,3,,11,4,4,2,20,,30,,,,2,,10,3,,3,,,,,,,,,,,,,,,,,1,,,,,,11,,,,,,,,,,,,,5,,,1,145
192618,"Madrid, Spain","Community of Madrid, Madrid, Spain",Spain,40.50019,-3.54785,land,,2021-09-24,"Garnier Spain",1,,1,0.01,0.00,0.00,,,,,,,,,,,,,,,,,,,,,,,,,,,,,,,,,,,,,,,,,,,,,,,,,,,,,,,,,,,
192619,"Madrid, Spain","Community of Madrid, Madrid, Spain",Spain,40.51126,-3.54932,land,,2021-09-24,"GARNIER SPAIN",1,,1,0.08,0.00,0.00,,5,,,,,,,,,,,,,,,,,,,,,,,,,,,,,,,,,,,,,,,,,,,,,,,,,,,,,,,,,5
192621,"Madrid, Spain","Community of Madrid, Madrid, Spain",Spain,40.51118,-3.5494,land,,2021-09-24,"GARNIER SPAIN",1,,1,0.26,0.01,0.00,,7,,,,2,,,,,,,,,,3,,,,,,,,,,,,,,,,,,,,,,,,,,,,,,,,,,,,,,,,,,,12
192623,"Madrid, Spain","Community of Madrid, Madrid, Spain",Spain,40.5115,-3.54892,land,,2021-09-24,"GARNIER SPAIN",1,,1,4.51,0.13,0.00,,12,,7,2,,,,,,,,7,,1,1,1,1,1,,,,,,,,,,,,,,,,,,,,,,,,,,,,,,,,,,,,,,,,37
192625,"Madrid, Spain","Community of Madrid, Madrid, Spain",Spain,40.51116,-3.54936,land,,2021-09-24,"Garnier Spain",1,,1,3.68,0.08,0.00,,3,,3,2,6,1,,2,,,,,,1,12,2,2,,,,,1,,,,,,,,,,,,,,,,,,,4,,,,,,,,,,,,,2,,,,46
192630,"Madrid, Spain","Community of Madrid, Madrid, Spain",Spain,40.50911,-3.55094,land,,2021-09-24,"GARNIER SPAIN",1,,1,3.91,0.07,0.00,,10,,4,11,,1,19,,,,,2,,,,,,3,,,,1,,,,,,1,,,,,,,,,,,,,,,,,,,,,,,,,,2,,,,55
192633,"Madrid, Spain","Community of Madrid, Madrid, Spain",Spain,40.51113,-3.55194,land,,2021-09-24,"GARNIER SPAIN",1,,1,90.13,0.06,0.00,,9,,19,1,,,,,8,,,,,,4,,,,,,,,4,,,,,,,2,,,,,,,,,,,,,,,,,,,,,,,,,,,,48
192634,"Madrid, Spain","Community of Madrid, Madrid, Spain",Spain,40.51191,-3.55216,land,,2021-09-24,"GARNIER SPAIN",1,,1,1.21,0.01,0.00,,,,,1,3,,,,,,,,,,,4,1,,,,,,,,,,,4,,,,,,,2,,,,,,,,,,,,,,,,,,,,,,,15
192637,"Madrid, Spain","Community of Madrid, Madrid, Spain",Spain,40.44734,-3.63767,land,,2021-09-24,"Garnier Spain",1,,1,80.87,6.92,0.00,,32,,26,3,14,,,2,21,,,1,1,2,36,1,1,1,,,,1,3,,,,2,1,,,,,,,1,,,,,,2,,,,,,,,,,,,,,,,5,189
192638,"Madrid, Spain","Community of Madrid, Madrid, Spain",Spain,40.47447,-3.57442,land,,2021-09-24,"Garnier Spain",1,,1,0.01,0.54,0.00,,,,,,,,,,,,,,,,,,,,,,,,,,,,,,,,,,,,,,,,,,,,,,,,,,,,,,,,,,,
192639,"Madrid, Spain","Community of Madrid, Madrid, Spain",Spain,40.50594,-3.54804,land,,2021-09-24,"Garnier Spain",1,,1,38.25,0.00,0.00,,,,75,,,,,,,,,,,,,,,,,,,,,,,,,,,,,,,,,,,,,,,,,,,,,,,,,,,,,,,75
192640,"Madrid, Spain","Community of Madrid, Madrid, Spain",Spain,40.44803,-3.63772,land,,2021-09-21,"GARNIER SPAIN",1,,1,2.24,6.07,0.00,,,,1,4,12,,,,181,,,,,,,,,,,,,,,,,,,,,,,,,,,,,,,,4,,,,,,,,,,,,,,,,,203
192642,"Madrid, Spain","Community of Madrid, Madrid, Spain",Spain,40.50021,-3.54763,land,,2021-09-24,"Garnier Spain",1,,1,87.41,1.29,0.00,,14,,11,95,259,15,,33,,,,,,19,25,13,,,,,,,3,,,,,,,,,,,,2,,,,,,53,,,,,,,,,,,,,,,,77,663
192644,"Madrid, Spain","Community of Madrid, Madrid, Spain",Spain,40.4802857,-3.5812966,land,,2021-09-24,"Garnier spain",1,,1,37.50,0.00,0.00,3,,,,,,,,,,,,,,,,,,,,,,,,,,,,,,,,,,,,,,,,,,,,,,,,,,,,,,,,,,
192645,"Madrid, Spain","Community of Madrid, Madrid, Spain",Spain,40.49961,-3.54794,land,,2021-09-24,"Garnier Spain",1,,1,4.92,2.69,0.00,,6,,2,,85,,6,13,13,,,,,5,,13,,,,,,,,,,,,,,,,,,,,,,,,,,,,,,,,,,,,,,,,,12,160
192646,"Madrid, Spain","Community of Madrid, Madrid, Spain",Spain,40.51134,-3.55201,land,,2021-09-24,"Garnier Spain",1,,1,103.90,0.25,0.00,,1,,4,1,,2,2,1,,,,,,,,,1,,,,,,5,,,,,,,1,,,,,2,,,,,,2,,,,,,,,,,,,,,,,1,26
192648,"Madrid, Spain","Community of Madrid, Madrid, Spain",Spain,40.45691,-3.58247,land,,2021-09-24,"Garnier Spain",1,,1,13.08,0.77,0.00,,,,,,436,,,,,,,,,,,,,,,,,,,,,,,,,,,,,,,,,,,,,,,,,,,,,,,,,,,,,436
192649,"Madrid, Spain","Community of Madrid, Madrid, Spain",Spain,40.5121,-3.55222,land,,2021-09-24,"GARNIER SPAIN",1,,1,82.63,0.12,0.00,,18,,4,6,,,,,,,,,,,,,,,,,,,4,,,,,,,,,,,,,,,,,,,,,,,,,,,,,,,,,,,32
192650,"Madrid, Spain","Community of Madrid, Madrid, Spain",Spain,40.5128,-3.55275,land,,2021-09-24,"GARNIER SPAIN",1,,1,140.00,0.01,0.00,,,,,,,,,,,,,,,,,,,,,,,,7,,,,,,,,,,,,,,,,,,,,,,,,,,,,,,,,,,,7
192651,"Madrid, Spain","Community of Madrid, Madrid, Spain",Spain,40.51117,-3.55152,land,,2021-09-24,"Garnier spain",1,,1,3.81,1.12,0.00,,5,,1,1,3,2,,1,3,,,1,,,,,,1,,,,1,,,,,2,1,,,,,,,,,,,,,2,,,,,,,,,,,,,,,,24,67
192652,"Madrid, Spain","Community of Madrid, Madrid, Spain",Spain,40.51151,-3.54925,land,,2021-09-24,"Garnier Spain",1,,1,68.21,0.28,0.00,,46,,14,2,30,,,4,,,,8,2,4,18,,,,,,,18,2,,,,5,2,,,,,,,,,,,,,1,,,,,,,,,,,,,5,,,53,234
192653,"Madrid, Spain","Community of Madrid, Madrid, Spain",Spain,40.5112,-3.55144,land,,2021-09-24,"Garnier Spain",1,,1,35.71,0.00,0.00,,106,,2,11,4,,4,2,9,,,,,3,1,2,,,,,,5,1,,,,,,,,,,,,,,,,,,12,,,,,,,,,,,,,1,,,186,431
192654,"Madrid, Spain","Community of Madrid, Madrid, Spain",Spain,40.5128,-3.55275,land,,2021-09-24,"GARNIER SPAIN",1,,1,280.00,0.22,0.00,,,,,,,,,,,,,,,,,,,,,,,,14,,,,,,,,,,,,,,,,,,,,,,,,,,,,,,,,,,,14
192660,"Castellón, Spain","Valencian Community, Spain",Spain,40.39644,0.41407,land,,2021-09-20,"GARNIER SPAIN",1,,1,27.30,0.02,0.00,,2,,3,5,2,1,3,,9,,,3,2,1,,2,2,1,,,,2,1,,,,,1,,2,,,,,3,,,,,,10,,,,,,,,,,,,,11,,,5,85
192663,"Lleida, Spain","Catalonia, Spain",Spain,41.69273,0.69721,land,,2021-09-24,"GARNIER SPAIN",2,,2,1.68,0.02,0.00,,4,,,6,10,,1,2,1,,,,1,7,5,,4,,,,,,,,,,,1,,,,,,,,,,,,,1,,,,,,,,,,,,,,,,1,48
192671,"Madrid, Spain","Community of Madrid, Madrid, Spain",Spain,40.44666,-3.70558,land,,2021-09-24,"GARNIER SPAIN",2,,2,5.00,0.01,0.00,,2,,,2,,2,,,22,,,,2,2,2,,1,2,,,,,,,,,,,,,,,,,,,,,,,2,,,,,,,,,,,,,2,,,,44
192726,"Cádiz, Spain","Andalusia, Spain",Spain,36.521312713623,-6.2302069664001,land,,2021-09-24,"GARNIER SPAIN",1,,1,2.00,0.00,0.00,1,,,,,,,,,,,,,,,,,,,,,,,,,,,,,,,,,,,,,,,,,,,,,,,,,,,,,,,,,,
192730,"Madrid, Spain","Community of Madrid, Madrid, Spain",Spain,40.34489,-3.75992,land,,2021-09-24,"garnier spain",3,,3,3.06,1.39,0.00,,3,,1,6,2,4,2,6,,,,,,,4,,1,,,,,,,,,,,,,,,,,,,,,,,,2,,,,,,,,,,,,,,,,,41
192738,"Málaga, Spain","Andalusia, Spain",Spain,36.53283,-4.62433,land,,2021-09-24,"GARNIER SPAIN",1,,1,0.29,0.02,0.00,,,,,,,,1,,5,,,,,,1,,,,,,,,,,,,1,,,,,,,,,,,,,,1,,,,,,,,,,,,,,,,1,12
192776,"Barcelona, Spain","Catalonia, Spain",Spain,41.4048,2.02568,land,,2021-09-24,"Garnier Spain",1,,1,7.18,0.02,0.00,,7,,1,3,7,,1,3,18,,,1,1,2,15,3,1,,,,,1,,,,,4,,,,,,,,1,,,,,,3,,,,,,,,,,,,,5,,,9,119
192781,"Biscay, Spain","Basque Country, Spain",Spain,43.34996,-3.11249,land,,2021-09-24,1,1,,1,0.90,0.03,0.00,,1,,,,,,,,20,,,,,2,3,,1,,,,,,,,,,,,,,,,,,1,,,,,,,,,,,,,,,,,,,1,,,2,31
192793,"Madrid, Spain","Community of Madrid, Madrid, Spain",Spain,40.34249,-3.6865,land,,2021-09-24,,1,,1,0.85,0.00,0.00,,1,,1,1,,,1,,1,,,1,,,1,,1,1,,,,,,,,,,,,,,,,,,,,,,,,,,,,,,,,,,,,,,,,11
192889,"Madrid, Spain","Community of Madrid, Madrid, Spain",Spain,40.44776,-3.63799,land,,2021-09-21,"Garnier Spain",1,,1,0.01,0.00,0.00,,,,,,,,,,,,,,,,,,,,,,,,,,,,,,,,,,,,,,,,,,,,,,,,,,,,,,,,,,,
192890,"Madrid, Spain","Community of Madrid, Madrid, Spain",Spain,40.44805,-3.63761,land,,2021-09-21,"Garnier Spain",1,,1,0.01,0.03,0.00,,,,,,,,,,,,,,,,,,,,,,,,,,,,,,,,,,,,,,,,,,1,,,,,,,,,,,,,,,,,1
192892,"Madrid, Spain","Community of Madrid, Madrid, Spain",Spain,40.44777,-3.63796,land,,2021-09-21,"Garnier Spain",1,,1,0.01,0.00,0.00,,,,,,,,,,,,,,,,,,,,,,,,,,,,,,,,,,,,,,,,,,,,,,,,,,,,,,,,,,,
192893,"Madrid, Spain","Community of Madrid, Madrid, Spain",Spain,40.44811,-3.63772,land,,2021-09-21,"Garnier Spain",1,,1,0.01,0.01,0.00,,,,,,,,,,,,,,,,,,,,,,,,,,,,,,,,,,,,,,,,,,,,,,,,,,,,,,,,,,,
192898,"Madrid, Spain","Community of Madrid, Madrid, Spain",Spain,40.44811,-3.63763,land,,2021-09-21,"Garnier Spain",1,,1,0.01,0.01,0.00,,,,,,,,,,,,,,,,,,,,,,,,,,,,,,,,,,,,,,,,,,,,,,,,,,,,,,,,,,,
192899,"Madrid, Spain","Community of Madrid, Madrid, Spain",Spain,40.44775,-3.63799,land,,2021-09-21,"Garnier Spain",1,,1,2.92,0.01,0.00,,,,3,5,,,3,,4,,,,5,,,,,5,,,,,,,,,1,,,,,,,,,,,,,,9,,,,,,,,,,,,,,,,,42
192901,"Madrid, Spain","Community of Madrid, Madrid, Spain",Spain,40.44805,-3.63771,land,,2021-09-21,"Garniel Spain",1,,1,0.01,0.07,0.00,,,,,,,,,,,,,,,,,,,,,,,,,,,,,,,,,,,,,,,,,,1,,,,,,,,,,,,,,,,,1
192904,"Madrid, Spain","Community of Madrid, Madrid, Spain",Spain,40.44777,-3.6379,land,,2021-09-21,"Garnier Spain",1,,1,0.01,0.02,0.00,,,,,,,,,,,,,,,,,,,,,,,,,,,,,,,,,,,,,,,,,,,,,,,,,,,,,,,,,,,
192905,"Madrid, Spain","Community of Madrid, Madrid, Spain",Spain,40.44815,-3.63769,land,,2021-09-21,"Garnier Spain",1,,1,0.08,0.04,0.00,,,,,,,,,1,,,,1,,,,,,,,,,,,,,,,,,,,,,,,,,,,,,,,,,,,,,,,,,,,,,2
192906,"Madrid, Spain","Community of Madrid, Madrid, Spain",Spain,40.44803,-3.6377,land,,2021-09-21,"Garnier Spain",1,,1,0.02,0.01,0.00,,,,,,,,,,,,,1,,,,,,,,,,,,,,,,,,,,,,,,,,,,,,,,,,,,,,,,,,,,,,1
192908,"La Rioja, Spain","La Rioja, Spain",Spain,42.41689,-2.73189,watercraft,,2021-09-21,"GARNIER SPAIN",1,,1,0.18,0.01,0.00,,,,,,,,,,2,,,,,,,,,,,,,,,,,,,,,,,,,,,,,,,,4,,,,,,,,,,,,,,,,,8
192909,"Madrid, Spain","Community of Madrid, Madrid, Spain",Spain,40.44776,-3.63794,land,,2021-09-21,"Garnier Spain",1,,1,0.01,0.04,0.00,,,,,,,,,,,,,,,,,1,1,,,,,,,,,,,,,,,,,,,,,,,,1,,,,,,,,,,,,,,,,,3
192910,"Madrid, Spain","Community of Madrid, Madrid, Spain",Spain,40.44758,-3.63813,underwater,,2021-09-21,"Garnier Spain",1,,1,0.01,0.04,0.00,,,,,,,,,,,,,,,,,,,,,,,,,,,,,,,,,,,,,,,,,,,,,,,,,,,,,,,,,,,
192911,"Madrid, Spain","Community of Madrid, Madrid, Spain",Spain,40.44793,-3.63772,land,,2021-09-21,"Garnier Spain",1,,1,0.01,0.05,0.00,,,,,,,,,,,,,,,,,,,,,,,,,,,,,,,,,,,,,,,,,,1,,,,,,,,,,,,,,,,,1
192915,"Zaragoza, Spain","Aragon, Spain",Spain,41.65873,-0.86931,land,,2021-09-21,"GARNIER SPAIN",1,,1,1.60,0.01,0.00,,1,,2,,1,,,5,5,,,,,1,2,,1,,,,,,,,,,,,,,,,,,,,,,,,2,,,,,,,,,,,,,,,,7,30
192955,"Biscay, Spain","Basque Country, Spain",Spain,43.29269,-3.00404,land,,2021-09-25,"GARNIER SPAIN",1,,1,0.63,0.05,0.00,,1,,,,,,,,,,,,,,1,,,,,,,,,,,,,,,,,,,,,,,,,,2,,,,,,,,,,,,,,,,,9
192956,"Biscay, Spain","Basque Country, Spain",Spain,43.292709350586,-3.0039441585541,land,,2021-09-25,"GARNIER SPAIN",1,,1,2.00,0.00,0.00,1,,,,,,,,,,,,,,,,,,,,,,,,,,,,,,,,,,,,,,,,,,,,,,,,,,,,,,,,,,
192958,"Valencia, Spain","Valencian Community, Spain",Spain,39.5586,-0.46487,land,,2021-09-25,,1,,1,0.01,0.01,0.00,,,,,,,,,,,,,,,,,,,,,,,,,,,,,,,,,,,,,,,,,,,,,,,,,,,,,,,,,,,
192959,"Valencia, Spain","Valencian Community, Spain",Spain,39.55864,-0.46412,land,,2021-09-25,,1,,1,46.13,0.00,0.00,,27,,15,9,9,3,4,12,2,,,12,5,,5,7,3,3,,,,12,1,,,,3,1,,4,,,,,2,,,,,,6,,,,,,,,,,,,,21,,,14,216
192984,"Alicante, Spain","Valencian Community, Spain",Spain,38.37593,-0.44765,land,,2021-09-25,"GARNIER SPAIN",1,,1,0.79,0.00,0.00,,2,,1,1,2,,2,,2,,,2,,,1,1,1,1,,,,,,,,,,,,,,,,,,,,,,,1,,,,,,,,,,,,,,,,2,19
193181,"Santa Cruz de Tenerife, Spain","Canary Islands, Spain",Spain,28.15791,-16.77236,land,,2021-09-24,Garnier,1,,1,0.28,0.00,0.00,,,,,1,,,,,,,,,,3,1,,,,,,,,,,,,,,,,,,,,,,,,,,2,,,,,,,,,,,,,,,,,7
193182,"Santa Cruz de Tenerife, Spain","Canary Islands, Spain",Spain,28.15791,-16.77238,land,,2021-09-25,Garnier,1,,1,0.19,0.01,0.00,,,,,,1,,2,,2,,,2,1,,1,,,1,,,,,,,,,,,,,,,,,,,,,,,,,,,,,,,,,,,,,,,,10
193306,"Asturias, Spain","Asturias, Spain",Spain,43.34291,-4.9238799,land,,2021-09-25,"@garnier_es #gogreencongarnier",1,,1,2.00,0.00,0.00,1,,,,,,,,,,,,,,,,,,,,,,,,,,,,,,,,,,,,,,,,,,,,,,,,,,,,,,,,,,
193312,"Madrid, Spain","Community of Madrid, Madrid, Spain",Spain,40.358154296875,-3.7808794975281,land,,2021-09-25,"garnier spain",1,,1,15.00,0.00,0.00,2,,,,,,,,,,,,,,,,,,,,,,,,,,,,,,,,,,,,,,,,,,,,,,,,,,,,,,,,,,
193383,"Madrid, Spain","Community of Madrid, Madrid, Spain",Spain,40.44775,-3.63799,land,,2021-09-21,"Garnier Spain",1,,1,1.31,0.03,0.00,,1,,2,2,,1,,,1,,,2,,,2,,1,,,,,,,,,,,,,,,,,,,,,,,,6,,,,,,,,,,,,,,,,,18
193391,"Madrid, Spain","Community of Madrid, Madrid, Spain",Spain,40.44776,-3.63797,land,,2021-09-22,"Garnier Spain",1,,1,0.01,0.01,0.00,,,,,,,,,,,,,,,,,,,,,,,,,,,,,,,,,,,,,,,,,,,,,,,,,,,,,,,,,,,
193393,"Madrid, Spain","Community of Madrid, Madrid, Spain",Spain,40.44788,-3.63781,land,,2021-09-22,"Garnier spain",1,,1,0.01,0.02,0.00,,,,,,,,,,,,,,,,,,,,,,,,,,,,,,,,,,,,,,,,,,,,,,,,,,,,,,,,,,,
193396,"Madrid, Spain","Community of Madrid, Madrid, Spain",Spain,40.44807,-3.63767,land,,2021-09-22,"Garnier Spain",1,,1,0.01,0.05,0.00,,,,,,,,,,,,,,,,,,,,,,,,,,,,,,,,,,,,,,,,,,,,,,,,,,,,,,,,,,,
193398,"Madrid, Spain","Community of Madrid, Madrid, Spain",Spain,40.44812,-3.63772,land,,2021-09-22,"Garnier Spain",1,,1,0.01,0.01,0.00,,,,,,,,,,,,,,,,,,,,,,,,,,,,,,,,,,,,,,,,,,,,,,,,,,,,,,,,,,,
193400,"Madrid, Spain","Community of Madrid, Madrid, Spain",Spain,40.4481,-3.63795,land,,2021-09-22,"Garnier Spain",1,,1,0.01,0.00,0.00,,,,,,,,,,,,,,,,,,,,,,,,,,,,,,,,,,,,,,,,,,,,,,,,,,,,,,,,,,,
193403,"Madrid, Spain","Community of Madrid, Madrid, Spain",Spain,40.44638,-3.63812,land,,2021-09-22,"Garnier spain",1,,1,0.01,0.10,0.00,,,,,,,,,,,,,,,,,,,,,,,,,,,,,,,,,,,,,,,,,,,,,,,,,,,,,,,,,,,
193404,"Madrid, Spain","Community of Madrid, Madrid, Spain",Spain,40.39844,-3.66643,land,,2021-09-22,GARNIERSPAIN,1,,1,2.79,0.01,0.00,,,,3,3,,,,,18,,,10,,,,,1,,,,,,,,,,,,,,,,,,,,,,,,6,,,,,,,,,,,,,4,,,,48
193406,"Madrid, Spain","Community of Madrid, Madrid, Spain",Spain,40.44817,-3.63768,land,,2021-09-22,"Garnier spain",1,,1,0.01,0.02,0.00,,,,,,,,,,,,,,,,,,,,,,,,,,,,,,,,,,,,,,,,,,,,,,,,,,,,,,,,,,,
193604,"Madrid, Spain","Community of Madrid, Madrid, Spain",Spain,40.31029,-3.73694,land,,2021-09-27,GARNIER_Es,3,,3,51.96,0.01,0.00,,3,,7,9,3,3,5,11,4,,,4,9,11,2,2,9,8,,,,3,2,,,,9,1,,2,,,,,1,,,,,,6,,,,,,,,,,,,,4,,,2,139
193681,"Madrid, Spain","Community of Madrid, Madrid, Spain",Spain,40.44775,-3.63797,land,,2021-09-22,"Garnier Spain",1,,1,0.92,0.01,0.00,,1,,1,3,,2,,,,,,,,2,3,,,1,,,,,,,,,,,,,,,,,,,,,,,1,,,,,,,,,,,,,,,,,14
193687,"Barcelona, Spain","Catalonia, Spain",Spain,41.54902,2.09856,land,,2021-09-23,,1,,1,0.01,0.04,0.00,,,,,,,,,,2,,,,,,,,,,,,,,,,,,,,,,,,,,,,,,,,,,,,,,,,,,,,,,,,,2
193734,"Valencia, Spain","Valencian Community, Spain",Spain,39.46345,-0.35435,land,,2021-09-27,"GARNIER SPAIN",1,,1,0.84,0.02,0.00,,1,,1,2,,,,,,,,,,,,,,1,,,,,,,,,,,,,,,,,,,,,,,,,,,,,,,,,,,,,,,,7
193824,"Salamanca, Spain","Castile and León, Spain",Spain,40.92757,-5.52344,land,,2021-09-27,"GARNIER SPAIN",1,,1,2.35,0.01,0.00,,2,,,7,15,,1,1,1,,,,2,,9,,1,,,,,,,,,,,,,,,,,,,,,,,,2,,,,,,,,,,,,,3,,,13,65
193954,"Madrid, Spain","Community of Madrid, Madrid, Spain",Spain,40.44742,-3.63789,land,,2021-09-24,"Garnier Spain",1,,1,0.01,0.01,0.00,,,,,,,,,,,,,,,,,,,,,,,,,,,,,,,,,,,,,,,,,,,,,,,,,,,,,,,,,,,
193959,"Madrid, Spain","Community of Madrid, Madrid, Spain",Spain,40.48068,-3.58098,land,,2021-09-24,"Garnier Spain",1,,1,11.08,2.71,0.00,,25,,5,31,71,3,9,15,15,,,11,,30,37,3,,,,,,,,,,,,,,,,,,,,,,,,,,,,,,,,,,,,,,37,,,,292
193960,"Madrid, Spain","Community of Madrid, Madrid, Spain",Spain,40.49983,-3.54701,underwater,,2021-09-24,"GARNIER SPAIN",1,,1,0.01,0.00,0.00,,,,,,,,,,,,,,,,,,,,,,,,,,,,,,,,,,,,,,,,,,,,,,,,,,,,,,,,,,,
193961,"Madrid, Spain","Community of Madrid, Madrid, Spain",Spain,40.51109,-3.54862,land,,2021-09-24,"Garnier Spain",1,,1,0.01,0.04,0.00,,,,,,,,,,,,,,,,,,,,,,,,,,,,,,,,,,,,,,,,,,,,,,,,,,,,,,,,,,,
193962,"Madrid, Spain","Community of Madrid, Madrid, Spain",Spain,40.4806,-3.58171,land,,2021-09-24,"Garnier spain",1,,1,7.62,3.79,0.00,,1,,3,5,53,8,3,3,,,,7,,4,,,,,,,,3,,,,,,,,,,,,,1,,,,,,2,,,,,,,,,,,,,5,,,24,126
193969,"Córdoba, Spain","Andalusia, Spain",Spain,38.30261,-5.2626,underwater,,2021-09-24,,1,,1,0.01,0.01,0.00,,,,,,,,,,,,,,,,,,,,,,,,,,,,,,,,,,,,,,,,,,,,,,,,,,,,,,,,,,,
193991,"Madrid, Spain","Community of Madrid, Madrid, Spain",Spain,40.38045,-3.41012,land,,2021-09-24,"GARNIER SPAIN",1,,1,0.01,0.01,0.00,,,,,,,,,,,,,,,,,,,,,,,,,,,,,,,,,,,,,,,,,,,,,,,,,,,,,,,,,,,
194013,"Murcia, Spain","Region of Murcia, Murcia, Spain",Spain,37.66367,-1.70714,land,,2021-09-26,"GARNIER SPAIN",1,,1,0.23,0.00,0.00,,1,,,1,1,,1,,1,,,,,,,,,,,,,,,,,,,,,,,,,,,,,,,,,,,,,,,,,,,,,,,,,6
194250,"Asturias, Spain","Asturias, Spain",Spain,43.34306,-4.92409,land,,2021-09-24,"@garnier_es #gogreencongarnier",1,,1,0.17,0.01,0.00,,1,,,3,,,,1,1,,,,,,,,,,,,,,,,,,,,,,,,,,,,,,,,1,,,,,,,,,,,,,1,,,,8
195024,"Madrid, Spain","Community of Madrid, Madrid, Spain",Spain,40.44789,-3.63777,land,,2021-09-27,GARNIERSPAIN,1,,1,5.81,0.01,0.00,,18,,,,,,,20,29,,,,17,39,,33,,21,,,,,,,,,1,,,2,,,,,,,,,,,33,,,,,,,,,,,,,35,,,,248
195030,"Valencia, Spain","Valencian Community, Spain",Spain,39.46336,-0.35438,land,,2021-09-27,"GARNIER SPAIN",1,,1,0.06,0.00,0.00,,,,,,,,,,,,,,,2,,,,,,,,,,,,,,,,,,,,,,,,,,,,,,,,,,,,,,,,,,,,2
195954,"Santa Cruz de Tenerife, Spain","Canary Islands, Spain",Spain,28.07249,-16.73237,land,,2021-10-05,,2,,2,5.33,0.01,0.00,,1,,,2,,2,1,5,173,,,1,,1,,,2,3,,,,1,,,,,28,,,,,,,,,,,,,,2,,,,,,,,,,,,,3,,,8,256
195956,"Santa Cruz de Tenerife, Spain","Canary Islands, Spain",Spain,28.07244,-16.73248,land,,2021-10-05,,3,,3,130.34,0.24,0.00,,1,,216,10,16,5,5,1,493,,,1,,6,14,15,2,,,,,9,,,,,1,3,,,,,,,1,,,,,,3,,,,,,,,,,,,,1,,,151,999
196055,"Cádiz, Spain","Andalusia, Spain",Spain,36.01766,-5.59877,underwater,,2021-10-06,"GARNIER SPAIN",1,,1,15.75,0.01,0.00,,5,,6,8,,,,,6,,,2,7,5,5,,,8,,,,5,,,,,6,,,,,,,,5,,,,,,5,,,,,,,,,,,,,5,,,6,105
196711,"Málaga, Spain","Andalusia, Spain",Spain,36.4256345,-5.1510261,land,,2021-10-08,,1,,1,4.00,0.00,0.00,1,,,,,,,,,,,,,,,,,,,,,,,,,,,,,,,,,,,,,,,,,,,,,,,,,,,,,,,,,,
197096,"Almería, Spain","Andalusia, Spain",Spain,37.359878540039,-1.6885833740234,land,,2021-10-11,"Monte mero",1,,1,105.00,0.00,0.00,7,,,,,,,,,,,,,,,,,,,,,,,,,,,,,,,,,,,,,,,,,,,,,,,,,,,,,,,,,,
199916,"Santa Cruz de Tenerife, Spain","Canary Islands, Spain",Spain,28.23686,-16.84284,land,,2021-10-13,,1,,1,2.02,0.01,0.00,,1,,1,,,,,,5,,,,,2,,,1,1,,,,,,,,,,,,,,,,,,,,,,,,,,,,,,,,,,,,,,,1,16
200111,"Costa Adeje, Santa Cruz de Tenerife, Spain","Canary Islands, Spain",Spain,28.08046,-16.73549,land,,2021-10-05,,2,,2,13.36,0.02,0.00,,,,1,2,1,,3,3,485,,,,1,,19,2,3,6,,,,2,,,,,27,,,,,,,,,,,,,,6,,,,,,,,,,,,,3,,,133,746
200114,"Santa Cruz de Tenerife, Spain","Canary Islands, Spain",Spain,28.08008,-16.73494,land,,2021-10-14,,1,,1,10.37,0.47,0.00,,,,,,,,,3,195,,,,,,19,3,,,,,,1,,,,,7,,,,,,,,,,,,,,1,,,,,,,,,,,,,,,,41,331
200119,"Costa Adeje, Santa Cruz de Tenerife, Spain","Canary Islands, Spain",Spain,28.0801,-16.73511,land,,2021-10-14,,1,,1,8.73,0.03,0.00,,,,1,,4,,,7,,,,2,,2,25,,3,2,,,,,,,,,3,,,,,,,,9,,,,,,1,,,,,,,,,,,,,,,,244,305
201542,"Madrid, Spain","Community of Madrid, Madrid, Spain",Spain,40.54299,-3.33425,land,,2021-10-16,"Equinix - Genteconnect",1,,1,0.01,0.05,0.00,,,,,,,,,,,,,,,,,,,,,,,,,,,,,,,,,,,,,,,,,,,,,,,,,,,,,,,,,,,
201543,"Madrid, Spain","Community of Madrid, Madrid, Spain",Spain,40.54329,-3.3327,land,,2021-10-16,"Equinix - Genteconnect",2,,2,0.42,0.01,0.00,,,,,3,3,,,,,,,,,2,2,,,,,,,,,,,,,,,,,,,,,,,,,,,,,,,,,,,,,,,,,,,10
202108,"Santa Cruz de Tenerife, Spain","Canary Islands, Spain",Spain,28.07009,-16.73258,land,,2021-10-19,,2,,2,45.69,0.14,0.00,,,,3,13,6,2,5,1,114,,,,,,10,3,,1,,,,1,2,,,,8,,,,,,,,,,,,,,5,,,,,,,,,,,,,1,,,29,216
202706,"Balearic Islands, Spain","Balearic Islands, Spain",Spain,39.75288,3.18959,land,,2021-10-23,"St Johns County  Audubon",1,,1,3.16,0.04,0.00,,,,,1,,,,4,1,,,,,,,,5,,,,,,,,,,1,,,,,,,,,,,,,,,,,,,,,,,,,,,,,,134,152
204630,"Santa Cruz de Tenerife, Spain","Canary Islands, Spain",Spain,28.067947387695,-16.731910705566,land,,2021-11-02,,1,,1,2.00,0.00,0.00,1,,,,,,,,,,,,,,,,,,,,,,,,,,,,,,,,,,,,,,,,,,,,,,,,,,,,,,,,,,
204685,"Santa Cruz de Tenerife, Spain","Canary Islands, Spain",Spain,28.07724,-16.72881,land,,2021-11-02,,1,,1,1.50,0.01,0.00,,,,,,,,,,,,,,,,,,,,,,,,,,,,,,,,,,,,,,,,,,,,,,,,,,,,,,,,,,150,150
204739,"Santa Cruz de Tenerife, Spain","Canary Islands, Spain",Spain,28.07027,-16.73274,land,,2021-11-02,2,2,,2,11.02,0.74,0.00,,,,,4,7,,3,7,380,,,,,1,,5,8,,,,,1,,,,,,4,,,,,,,2,,,,,,1,,,,,,,,,,,,,,,,76,509
205819,"Santa Cruz de Tenerife, Spain","Canary Islands, Spain",Spain,28.063,-16.73295,land,,2021-11-09,"Gvi B 1",3,,3,4.50,0.76,0.00,,,,2,1,,,10,7,43,,,,,,22,,14,,,,,,,,,,,,,,,,,,,,,,,,,,,,,,,,,,,,,,,,311,416
205820,"Santa Cruz de Tenerife, Spain","Canary Islands, Spain",Spain,28.0615,-16.7343,land,,2021-11-09,"Gvi B 1",2,,2,5.24,0.06,0.00,,,,5,,,,3,,203,,,,,,5,,,,,,,1,,,,,6,,,,,,,,,,,,,,5,,,,,,,,,,,,,,,,35,264
206118,"Santa Cruz de Tenerife, Spain","Canary Islands, Spain",Spain,28.07723,-16.72885,land,,2021-11-10,"Gvi b2",1,,1,3.00,0.02,0.00,,,,6,2,5,,,,129,,,,,,,,,,,,,,,,,,,,,,,,,,,,,,,,,,,,,,,,,,,,,,,,10,152
206983,"Barcelona, Spain","Catalonia, Spain",Spain,41.40734,2.18637,land,,2021-11-16,,1,,1,0.29,0.00,0.00,,,,,5,,,,,,,,1,,,,1,,,,,,,,,,,,1,,,,,,,,,,,,,,,,,,,,,,,,,,,,,,8
208346,"Santa Cruz de Tenerife, Spain","Canary Islands, Spain",Spain,28.07236,-16.73243,land,,2021-11-23,"Gvi A-B",3,,3,72.44,0.11,0.00,,2,,127,6,4,,2,4,341,,,1,,2,2,1,1,3,,,,,,,,,2,1,,,,,,,1,,,,,,1,,,,,,,,,,,,,1,,,47,587
208997,"Santa Cruz de Tenerife, Spain","Canary Islands, Spain",Spain,28.06988,-16.73264,land,,2021-11-30,A,3,,3,0.01,0.01,0.00,,,,,,,,,,,,,,,,,,,,,,,,,,,,,,,,,,,,,,,,,,,,,,,,,,,,,,,,,,,
208998,"Santa Cruz de Tenerife, Spain","Canary Islands, Spain",Spain,28.06621,-16.7327,land,,2021-11-30,A,3,,3,13.60,0.48,0.00,,1,,7,14,13,,18,10,555,,,1,,2,12,,24,,,,,1,,,,,1,5,,,,,,,3,,,,,,2,,,,,,,,,,,,,2,,,310,1066
212677,"Santa Cruz de Tenerife, Spain","Canary Islands, Spain",Spain,28.06883,-16.73252,land,,2021-12-14,"Leo and ambrinna",2,,2,12.91,0.43,0.00,,1,,5,3,2,,6,3,1300,,,,,3,2,5,17,1,,,,,,,,,,,,1,,,,,1,,,,,,1,,,,,,,,,,,,,,,,34,1396
212681,"Santa Cruz de Tenerife, Spain","Canary Islands, Spain",Spain,28.078563690186,-16.731971740723,land,,2021-12-14,Poppies,1,,1,10.00,0.00,0.00,5,,,,,,,,,,,,,,,,,,,,,,,,,,,,,,,,,,,,,,,,,,,,,,,,,,,,,,,,,,
212812,"Santa Cruz de Tenerife, Spain","Canary Islands, Spain",Spain,28.07023,-16.73273,land,,2021-12-16,A,2,,2,29.49,1.45,0.00,,7,,1,4,10,,1,6,145,,,3,,,62,2,78,,,,,5,1,,,,5,1,,,,,,,,,,,,,2,,,,,,,,,,,,,1,,,110,445
212813,"Santa Cruz de Tenerife, Spain","Canary Islands, Spain",Spain,28.07032,-16.73252,land,,2021-12-16,"Group b",3,,3,20.11,0.72,0.00,,,,1,2,1,,4,1,1512,,,,,3,14,1,31,,,,,2,,,,,,,,,,,,,,,,,,,1,,,,,,,,,,,,,2,,,62,1698
213289,"Santa Cruz de Tenerife, Spain","Canary Islands, Spain",Spain,28.07521,-16.73464,land,,2021-12-21,A,3,,3,7.69,0.00,0.00,,,,,,,,1,1,357,,,,,1,14,12,11,,,,,,,,,,10,,,,,,,,1,,,,,,,,,,,,,,,,,,,3,,,145,563
213295,"Tarragona, Spain","Catalonia, Spain",Spain,41.05557,1.01629,land,,2021-12-24,,1,,1,0.72,0.37,0.00,,,,,5,3,1,,,,,,1,,,,,2,,,,,,,,,,3,,,,,,,,,,,,,,,,,,,,,,,,,,,1,,,30,46
213318,"Tarragona, Spain","Catalonia, Spain",Spain,41.04971,1.00194,land,,2021-12-25,,1,,1,1.52,0.94,0.00,,3,,,3,6,,,,1,,,,,,2,,,,,,,,,,,,,,,,,,,,,,,,,,,,,,,,,,,,,,,,,,,17
213401,"Santa Cruz de Tenerife, Spain","Canary Islands, Spain",Spain,28.06687,-16.73234,land,,2021-12-24,A,3,,3,12.83,0.00,0.00,,1,,,2,,11,6,3,220,,,3,,1,22,2,6,,,,,,,,,,,,,,,,,,1,,,,,,3,,,,,,,,,,,,,,,,876,1160
213402,"Santa Cruz de Tenerife, Spain","Canary Islands, Spain",Spain,28.06689,-16.73289,land,,2021-12-28,A,3,,3,20.72,0.07,0.00,,2,,3,3,17,4,3,11,853,,,17,3,12,25,1,30,2,,,,5,,,,,3,3,,,,,,,1,,,,,,8,,,,,,,,,,,,,6,,,76,1114
213403,"Santa Cruz de Tenerife, Spain","Canary Islands, Spain",Spain,28.06497,-16.73239,land,,2021-12-28,A,3,,3,23.17,0.26,0.00,,2,,6,6,17,4,3,11,1315,,,17,3,12,25,1,33,2,,,,5,,,,,3,3,,,,,,,,,,,,,8,,,,,,,,,,,,,6,,,76,1582
213538,"Santa Cruz de Tenerife, Spain","Canary Islands, Spain",Spain,28.07872,-16.73178,land,,2021-12-31,A,4,,4,17.91,0.03,0.00,,4,,2,4,12,,6,24,2027,,,7,,,30,,72,2,,,,1,,,,,,2,,,,,,,,,,,,,3,,,,,,,,,,,,,3,,,27,2229
213567,"Barcelona, Spain","Catalonia, Spain",Spain,41.3725658,2.1633507,land,,2022-01-01,"RGA NYD",16,,16,456.00,0.00,0.00,40,,,,,,,,,,,,,,,,,,,,,,,,,,,,,,,,,,,,,,,,,,,,,,,,,,,,,,,,,,
214437,"Santa Cruz de Tenerife, Spain","Canary Islands, Spain",Spain,28.06715,-16.7324,land,,2022-01-04,A,5,,5,17.79,0.28,0.00,,2,,12,3,,,,1,1332,,,9,,,21,1,23,,,,,,,,,,2,,,,,,,,,,,,,,9,,,,,,,,,,,,,1,,,45,1472
214950,"Santa Cruz de Tenerife, Spain","Canary Islands, Spain",Spain,28.07252,-16.73225,land,,2022-01-06,A,3,,3,28.76,0.03,0.00,,2,,8,14,14,8,3,7,1267,,,20,,13,25,,29,4,,,,8,,,,,,1,,,,,,,2,,,,,,9,,,,,,,,,,,,,3,,,29,1520
215312,"Santa Cruz de Tenerife, Spain","Canary Islands, Spain",Spain,28.06859,-16.73235,land,,2022-01-11,A,5,,5,36.41,0.00,0.00,,4,,9,13,7,1,,,1089,,,41,3,5,31,,19,,,,,10,,,,,,1,,,,,,,2,,,,,,4,,,,,,,,,,,,,4,,,63,1413
215321,"Santa Cruz de Tenerife, Spain","Canary Islands, Spain",Spain,28.0785509,-16.7317535,land,,2022-01-11,"Livs disciples",4,,4,24.00,0.00,0.00,5,,,,,,,,,,,,,,,,,,,,,,,,,,,,,,,,,,,,,,,,,,,,,,,,,,,,,,,,,,
216043,"Santa Cruz de Tenerife, Spain","Canary Islands, Spain",Spain,28.07253,-16.73247,land,,2022-01-11,"Livs disciples",4,,4,24.05,0.00,0.00,,4,,,6,2,,5,2,448,,,,1,10,17,4,22,,,,,6,,,,,6,,,,,,,,,,,,,,4,,,,,,,,,,,,,,,,103,755
216046,"Santa Cruz de Tenerife, Spain","Canary Islands, Spain",Spain,28.07259,-16.7324,land,,2022-01-18,B,5,,5,28.73,0.01,0.00,,,,7,11,9,7,15,6,560,,,18,2,1,9,,21,,,,,11,,,,,,,,,,,,,,,,,,,4,,,,,,,,,,,,,8,,,63,824
216047,"Santa Cruz de Tenerife, Spain","Canary Islands, Spain",Spain,28.07334,-16.73168,land,,2022-01-18,B,5,,5,13.35,0.42,0.00,,2,,2,2,,7,,,1097,,,,2,2,5,1,6,,,,,,,,,,5,1,,,,,,,,,,,,,,,,,,,,,,,,,,,,,31,1182
216962,"Cádiz, Spain","Andalusia, Spain",Spain,36.490058,-6.266845,land,,2021-09-18,"Asociacin Ambiente Europeo-Bahia Cadiz",34,,34,660.00,1.74,0.00,,38,66,74,197,202,,16,75,71,,,23,,19,95,,8,3,,,,,3,3,,133,3,4,,,,,,,,,,1,,,25,,15,,1,11,4,27,28,56,,,,,,163,23,1446
216963,"Valencia, Spain","Valencian Community, Spain",Spain,39.424013,-0.334068,land,,2021-04-25,"Asociacin Ambiente Europeo-Playa Pinedo",50,,50,587.40,0.28,0.00,,473,149,58,251,366,,13,128,1,,,66,,193,136,,40,7,,,,11,2,,,33,33,,,,,,,,,,,12,,,,1,41,,4,14,96,22,274,14,,,,,,47,1,2602
216964,"33509 Po, Asturias, Spain","Asturias, Spain",Spain,43.429307,-4.784017,land,,2021-10-16,"Asociacin Ambiente Europeo-Playa de Poo",52,,52,220.00,0.09,0.00,,10,5,16,11,25,,4,20,426,,,1,,1,20,,2,,,,,5,1,,,,,,,,,,,,,,,,,,31,,10,,,5,,32,,10,,,,,,59,126,820
216965,"Almería, Spain","Andalusia, Spain",Spain,37.373554,-1.641609,land,,2021-04-18,"Asociacin Ambiente Europeo-Playa Las Palmeras",45,,45,"1,870.00",0.31,0.00,,24,27,,42,31,,,38,71,,,21,,16,,,,6,,,,19,,,,,,,,,,,,,,,,,,,,,,,,12,,48,,5,,,,,,11,44,415
216966,"Valencia, Spain","Valencian Community, Spain",Spain,39.423708,-0.333826,land,,2021-06-27,"Asociacin Ambiente Europeo-Playa Pinedo",31,,31,224.40,0.37,0.00,,59,63,12,63,72,,11,79,125,,,47,,19,137,,26,3,,,,2,,,,7,11,,,,,,,,,,,1,,,,5,33,,7,8,78,6,192,11,,,,,,8,235,1399
216967,"Valencia, Spain","Valencian Community, Spain",Spain,39.423835,-0.333984,land,,2021-05-23,"Asociacin Ambiente Europeo-Playa Pinedo",98,,98,510.40,0.37,0.00,,43,98,16,180,283,,7,49,204,,,23,,49,76,,17,2,,,,7,,,,18,11,,,,,,,,,,,,,,,,17,,3,12,27,15,26,9,,,,,,30,172,1493
216968,"Valencia, Spain","Valencian Community, Spain",Spain,39.3209,-0.29859,land,,2021-09-26,"Asociacin Ambiente Europeo-La Devesa del Saler",90,,90,261.80,0.62,0.00,,22,101,15,95,4,,,1,16,,,148,,37,81,,33,3,,,,18,,,,25,20,17,,,,,,,,,,2,,,,4,40,,8,28,11,158,67,,,,,,,7,5,1001
216969,"Valencia, Spain","Valencian Community, Spain",Spain,39.423936,-0.333903,land,,2021-05-14,"Asociacin Ambiente Europeo-Playa Pinedo",129,,129,248.60,0.37,0.00,,61,43,63,113,309,,18,63,555,,,24,,49,98,,29,1,,,,15,1,,,7,4,3,,,,,,,,,,,,,,,9,,,5,26,16,26,24,,,,,,75,,1668
216970,"Cádiz, Spain","Andalusia, Spain",Spain,36.490058,-6.266845,land,,2021-09-18,"Asociacin Ambiente Europeo-Cadiz - Club Satibanez",18,,18,352.00,0.25,0.00,,22,8,72,92,59,,2,17,17,,,8,,7,8,,3,2,,,,6,3,,,12,3,1,,,,,,,,,,1,,,5,,2,,1,2,,4,2,9,,,,,,108,30,512
216971,"Murcia, Spain","Region of Murcia, Murcia, Spain",Spain,37.43694,-1.48424,land,,2021-08-21,"Asociacin Ambiente Europeo-Torre de Cope",20,,20,89.10,0.26,0.00,,7,15,15,31,18,,11,153,238,,,42,,15,33,,25,4,,,,7,,,,6,5,4,,,,,,,,,,1,,,27,1,1,,8,2,18,81,3,20,,,,,,40,166,1017
216972,"Murcia, Spain","Region of Murcia, Murcia, Spain",Spain,37.577431,-0.877489,land,,2021-05-22,"Asociacin Ambiente Europeo-Playa del Gorguel",11,,11,336.60,0.03,0.00,,13,37,6,28,47,,9,39,106,,,39,,13,5,,,15,,,,20,,,,9,5,,,,,,,,,,,,,,12,,1,,1,,,27,2,10,,,,,,573,19,1051
216973,"Valencia, Spain","Valencian Community, Spain",Spain,39.522064,-0.316726,land,,2021-09-19,"Asociacin Ambiente Europeo-Playa Meliana",60,,60,209.00,0.93,0.00,,79,150,16,137,175,,14,241,517,,,62,,101,116,,30,2,,,,20,,,,12,37,17,,,,,,,,,,4,,,,1,7,,3,28,19,62,292,19,,,,,,78,1,2280
216974,"Valencia, Spain","Valencian Community, Spain",Spain,39.423716,-0.334397,land,,2021-07-08,"Asociacin Ambiente Europeo-Playa Pinedo",53,,53,195.80,0.25,0.00,,79,68,34,51,92,,20,77,340,,,18,,92,102,,14,4,,,,9,,,,16,1,,,,,,,,,,,2,,,,1,15,,,1,74,39,17,8,,,,,,32,200,1431
216975,"Murcia, Spain","Region of Murcia, Murcia, Spain",Spain,37.389225,-1.610537,land,,2021-05-15,"Asociacin Ambiente Europeo-Playa Matalentisco",35,,35,121.00,0.06,0.00,,9,24,22,57,45,,64,65,198,,,28,,20,58,,7,6,,,,,,,,,5,8,,,,,,,,,,1,,,5,,2,,,3,,19,1,20,,,,,,51,73,807
216976,"Valencia, Spain","Valencian Community, Spain",Spain,39.3209,-0.29859,land,,2021-07-25,"Asociacin Ambiente Europeo-La Devesa del Saler",35,,35,96.80,0.62,0.00,,11,40,3,52,4,,2,164,141,,,32,,4,124,,45,2,,,,13,,,,1,41,3,,,,,,,,,,,,,,,18,,3,50,38,80,27,4,,,,,,8,2,938
216977,"Girona, Spain","Catalonia, Spain",Spain,42.365967,3.1507,land,,2021-09-18,"Asociacin Ambiente Europeo-Ribera de Llanca",12,,12,413.60,0.62,0.00,,25,6,6,30,40,,18,10,60,,,12,,10,,,20,,,,,6,,3,,3,6,,,,,,,,,,,2,,,26,,15,,,,,1,3,20,,,,,,40,20,388
216978,"Murcia, Spain","Region of Murcia, Murcia, Spain",Spain,37.43652,-1.48447,land,,2021-05-29,"Asociacin Ambiente Europeo-Playa Torre de Cope",18,,18,154.00,0.09,0.00,,4,33,8,22,13,,98,660,788,,,18,,3,30,,57,5,,,,1,,,,4,34,1,,,,,,,,,,1,,,5,4,6,,3,33,1,133,,16,,,,,,97,1,2130
216979,"Murcia, Spain","Region of Murcia, Murcia, Spain",Spain,37.795509,-0.802773,land,,2022-09-23,"Asociacin Ambiente Europeo-Playa el Pescador",54,,54,11.00,0.06,0.00,,4,4,4,,4,,24,26,386,,,7,,2,94,,17,8,,,,10,,,,,,4,,,,,,,,,,1,,,2,,,,1,3,,3,11,4,,,,,,17,78,717
216980,"Valencia, Spain","Valencian Community, Spain",Spain,39.492025,-0.324041,land,,2021-06-14,"Asociacin Ambiente Europeo-Playa Patacona",129,,129,352.00,0.44,0.00,,70,29,5,81,66,,2,68,22,,,30,,41,41,,17,4,,,,2,,,,10,12,,,,,,,,,,,,,,,4,20,,25,21,26,10,54,9,,,,,,8,75,761
216981,"Murcia, Spain","Region of Murcia, Murcia, Spain",Spain,37.998458,-1.061128,land,,2021-11-13,"Asociacin Ambiente Europeo-Rio Segura",12,,12,37.40,0.01,0.00,,52,87,2,21,6,,,11,,,,1,,7,22,,,,,,,9,,,,3,,,,,,,,,,,,,,,,,,,,,,1,,4,,,,,,195,,422
216982,"30889 Calabardina, Murcia, Spain","Region of Murcia, Murcia, Spain",Spain,37.453552,-1.480449,land,,2021-06-12,"Asociacin Ambiente Europeo-El Rafal",6,,6,88.00,0.03,0.00,,22,29,19,18,26,,4,20,11,,,18,,4,3,,,,,,,3,,,,,13,1,,,,,,,,,,1,,,9,1,2,,,5,1,6,,3,,,,,,8,71,307
216983,"30740 San Pedro del Pinatar, Murcia, Spain","Region of Murcia, Murcia, Spain",Spain,37.798103,-0.752413,land,,2021-06-12,"Asociacin Ambiente Europeo-Playa Punta de Algas",30,,30,79.20,0.02,0.00,,8,,2,30,1,,2,210,8,,,,,2,24,,4,,,,,4,1,,,2,10,1,,,,,,,,,,,,,6,,3,,,,,11,,,,,,,,8,780,1117
216984,"El Campello, Alicante, Spain","Valencian Community, Spain",Spain,38.424841,-0.38981,land,,2021-06-12,"Asociacin Ambiente Europeo-Carrer la Mar",52,,52,198.00,0.87,0.00,,9,45,10,16,33,,12,26,1,,,6,,63,81,,40,2,,,,17,,,,1,3,3,,,,,,,,,,1,,,,1,3,,6,2,20,36,17,7,,,,,,50,359,888
216985,"Murcia, Spain","Region of Murcia, Murcia, Spain",Spain,37.599109,-0.748294,land,,2021-05-25,"Asociacin Ambiente Europeo-Calblanque - Las Canas",18,,18,33.00,0.12,0.00,,5,5,1,2,3,,2,81,79,,,2,,6,30,,10,5,,,,1,,,,,10,,,,,,,,,,,,,,,1,2,,4,4,2,9,2,1,,,,,,25,248,551
216986,"Murcia, Spain","Region of Murcia, Murcia, Spain",Spain,37.798054,-0.80338,land,,2022-09-24,"Asociacin Ambiente Europeo-Playa Barnuevo",53,,53,8.80,0.01,0.00,,3,3,6,7,7,,22,14,663,,,2,,1,66,,8,17,,,,17,,1,,,36,11,,,,,,,,,,,,,,,2,,,1,,,2,1,,,,,,84,35,1010
216987,"Murcia, Spain","Region of Murcia, Murcia, Spain",Spain,37.731736,-0.740476,land,,2021-11-22,"Asociacin Ambiente Europeo-La Manga - Mar Menor",8,,8,30.80,0.03,0.00,,15,36,,8,1,,,16,1,,,2,,11,52,,2,,,,,66,,,,,1,1,,,,,,,,,,,,,8,,,,3,,1,2,16,2,,,,,,10,35,289
216988,"Ciudad Real, Spain","Castile-La Mancha, Spain",Spain,38.982521,-2.898071,land,,2021-10-16,"Asociacin Ambiente Europeo-Laguna Morenilla",9,,9,26.40,0.19,0.00,,23,10,7,25,36,,,9,365,,,3,,9,36,,2,,,,,6,,,,,,3,,,,,,,,,,,,,10,,16,,,,,6,1,6,,,,,,15,102,704
216989,"Balearic Islands, Spain","Balearic Islands, Spain",Spain,39.757908,3.174533,land,,2021-09-09,"Asociacin Ambiente Europeo-Playa de na Patana",40,,40,26.40,0.11,0.00,,19,7,2,3,7,,8,114,212,,,8,,10,144,,7,,,,,6,,,,,9,1,,,,,,,,,,,,,3,,7,,1,13,1,3,50,1,,,,,,85,1,779
216990,"Valencia, Spain","Valencian Community, Spain",Spain,39.3209,-0.29859,land,,2021-08-08,"Asociacin Ambiente Europeo-La Devesa del Saler",40,,40,72.60,0.62,0.00,,31,18,,17,2,,,186,71,,,10,,12,104,,21,,,,,8,,,,,14,7,,,,,,,,,,4,,,,,5,,2,56,50,105,42,1,,,,,,7,1,784
216991,"Murcia, Spain","Region of Murcia, Murcia, Spain",Spain,37.68377,-0.830133,land,,2021-05-22,"Asociacin Ambiente Europeo-Playa los Urrutia",32,,32,223.52,0.50,0.00,,18,10,5,9,25,,7,12,120,,,14,,29,19,,12,,,,,13,10,1,,2,1,2,,,,,,,,,,1,,,11,1,5,,2,5,,11,2,11,,,,,,8,23,394
216992,"Albacete, Spain","Castile-La Mancha, Spain",Spain,38.930057,-2.835739,land,,2021-10-16,"Asociacin Ambiente Europeo-Laguna Sampedra",2,,2,352.00,0.62,0.00,,2,2,1,4,16,,9,8,230,,,2,,1,4,,,,,,,17,,,,,,,,,,,,,,,,1,,,2,,,,,,,2,,,,,,,,13,160,474
216993,"Almería, Spain","Andalusia, Spain",Spain,37.371773,-1.644208,land,,2021-01-31,"Asociacin Ambiente Europeo-Playa las Palmeras",20,,20,550.00,0.19,0.00,,88,8,34,85,52,,23,28,125,,,18,,42,8,,5,1,,,,18,,13,,12,6,,,,,,,,,,,4,,,56,,5,,3,3,5,7,,6,,,,,,54,375,1093
216994,"Girona, Spain","Catalonia, Spain",Spain,42.385319,3.159923,land,,2021-03-21,"Asociacin Ambiente Europeo-Playas Canyelles",25,,25,198.00,0.12,0.00,,6,,2,15,7,,2,12,35,,,,,2,10,,22,,,,,2,1,,,1,6,,,,,,,,,,,,,,,1,3,,,,1,1,,2,,,,,,25,20,176
216995,"Alicante, Spain","Valencian Community, Spain",Spain,38.790204,0.182109,land,,2021-04-03,"Asociacin Ambiente Europeo-Javea",55,,55,35.20,0.25,0.00,,13,32,151,26,4,,8,69,19,,,4,,17,107,,6,1,,,,185,,,,1,10,28,,,,,,,,,,179,,,,1,2,,1,1,5,24,766,1,,,,,,237,1,1919
216996,"Albacete, Spain","Castile-La Mancha, Spain",Spain,38.936025,-2.845663,land,,2021-10-16,"Asociacin Ambiente Europeo-Laguna Sampedra",4,,4,4.40,0.06,0.00,,,2,1,1,,,17,28,481,,,,,,21,,6,1,,,,,,,,,3,,,,,,,,,,,,,,1,,,,,,,1,,1,,,,,,22,30,616
216997,"Valencia, Spain","Valencian Community, Spain",Spain,39.550887,-0.294491,land,,2021-09-17,"Asociacin Ambiente Europeo-Rafalell Vistabella",30,,30,321.20,0.62,0.00,,81,113,72,167,156,,8,169,2,,,52,,128,239,,19,1,,,,26,4,,,3,10,2,,,,,,,,,,4,,,,,14,,1,17,9,41,118,11,,,,,,23,271,1771
216998,"Cádiz, Spain","Andalusia, Spain",Spain,36.46652,-6.24959,land,,2021-09-18,"Asociacin Ambiente Europeo-Cadiz - Area Recreativa",12,,12,264.00,0.16,0.00,,8,4,20,32,25,,,7,,,,2,,,7,,12,,,,,,,,,30,,,,,,,,,,,,,,,,,,,,2,,1,,,,,,,,18,,168
216999,"Valencia, Spain","Valencian Community, Spain",Spain,39.52207,-0.316746,land,,2021-04-18,"Asociacin Ambiente Europeo-Playa Meliana",40,,40,115.83,0.93,0.00,,56,104,21,48,35,,6,64,76,,,30,,58,63,,17,12,,,,10,1,,,15,10,7,,,,,,,,,,6,,,,,7,,2,8,7,24,44,26,,,,,,42,912,1744
217000,"Balearic Islands, Spain","Balearic Islands, Spain",Spain,39.511958,2.473196,underwater,,2021-05-22,"Asociacin Ambiente Europeo-Es Calo D'En Pellicer",25,,25,"2,941.40",0.37,0.00,,40,71,28,8,130,,4,38,20,,,22,,15,35,,10,7,,,,,5,40,,33,,2,,,,,,,,,,5,,,61,2,10,,5,5,200,300,,17,,,,,,10,47,1198
217001,"Almería, Spain","Andalusia, Spain",Spain,37.357027,-1.651472,land,,2021-03-21,"Asociacin Ambiente Europeo-Castillo SJ Terreros",23,,23,770.00,0.16,0.00,,21,37,150,142,62,,28,28,282,,,,,26,28,,38,,,,,7,2,,,3,23,,,,,,,,,,,,,,100,,4,,,,,3,,28,,,,,,,440,1474
217002,"Valencia, Spain","Valencian Community, Spain",Spain,39.423939,-0.334362,land,,2021-06-13,"Asociacin Ambiente Europeo-Playa Pinedo",30,,30,275.00,0.37,0.00,,34,72,9,79,63,,9,40,498,,,24,,37,69,,17,2,,,,,,,,2,8,1,,,,,,,,,,,,,,3,42,,2,6,23,6,1,1,,,,,,23,520,1672
217003,"Valencia, Spain","Valencian Community, Spain",Spain,39.629946,-0.244956,land,,2021-11-20,"Asociacin Ambiente Europeo-Playa de Grau Vell",25,,25,81.40,0.37,0.00,,17,10,12,32,103,,16,45,3,,,24,,17,33,,9,37,,,,32,7,,,1,10,1,,,,,,,,,,7,,,,,8,,,7,1,7,35,41,,,,,,16,80,614
217004,"Balearic Islands, Spain","Balearic Islands, Spain",Spain,39.546402,2.390632,underwater,,2021-06-06,"Asociacin Ambiente Europeo-Es Saluet Port Andratx",44,,44,"1,573.00",0.50,0.00,,20,71,40,92,73,,6,66,518,,,20,,11,77,,7,,,,,,1,1,,2,19,3,,,,,,,,,,,,,32,,2,,2,8,7,36,6,9,,,,,,82,114,1351
217005,"Valencia, Spain","Valencian Community, Spain",Spain,39.424031,-0.334108,land,,2021-10-23,"Asociacin Ambiente Europeo-Playa Pinedo",60,,60,470.80,0.37,0.00,,149,140,20,182,471,,5,129,116,,,62,,78,247,,19,2,,,,2,,,,6,11,1,,,,,,,,,,1,,,,,28,,,21,58,22,83,10,,,,,,25,107,2078
217006,"Barcelona, Spain","Catalonia, Spain",Spain,41.384444,2.196111,land,,2021-09-16,"Asociacin Ambiente Europeo-Playa de Somorrostro",1,,1,44.00,0.03,0.00,,36,17,39,75,150,,29,41,150,,,103,,,,,,3,,,,,,14,,,,,,,,,,,,,,,,,13,,3,,,,1,,,18,,,,,,150,50,892
217007,"Sant Adrià de Besòs, Barcelona, Spain","Catalonia, Spain",Spain,41.419812,2.232918,land,,2021-04-17,"Asociacin Ambiente Europeo-Sant Adria de Besos",16,,16,77.66,0.03,0.00,,78,52,14,56,168,,3,33,388,,,77,,38,120,,16,4,,,,13,1,1,,,,3,,,,,,,,,,12,,,7,1,11,,,1,,6,,16,,,,,,26,306,1469
217008,"Alicante, Spain","Valencian Community, Spain",Spain,38.758485,0.221625,land,,2021-10-09,"Asociacin Ambiente Europeo-Portixol",25,,25,90.20,0.62,0.00,,8,24,10,20,10,,13,38,200,,,5,,10,28,,3,,,,,15,,,,4,2,3,,,,,,,,,,,,,,,1,,2,,1,28,10,10,,,,,,76,34,557
217009,"Ciudad Real, Spain","Castile-La Mancha, Spain",Spain,39.060963,-3.006713,land,,2021-10-16,"Asociacin Ambiente Europeo-Embalse de Penarroya",11,,11,22.00,0.09,0.00,,,25,12,6,74,,19,6,180,,,6,,,36,,1,,,,,2,1,,,,,,,,,,,,,,,,,,12,,,,,,6,,,5,,,,,,650,35,1081
217010,"Murcia, Spain","Region of Murcia, Murcia, Spain",Spain,37.584223,-1.073504,land,,2021-05-15,"Asociacin Ambiente Europeo-Playa el Portus",6,,6,74.80,0.50,0.00,,16,,2,18,39,,4,7,173,,,13,,50,34,,,4,,,,4,,,,,2,3,,,,,,,,,,,,,21,,5,,,8,13,,,8,,,,,,1,41,469
217011,"Murcia, Spain","Region of Murcia, Murcia, Spain",Spain,37.43601,-1.484246,land,,2021-09-18,"Asociacin Ambiente Europeo-Torre de Cope",9,,9,94.60,0.08,0.00,,6,26,,12,7,,9,131,25,,,20,,5,25,,12,,,,,,,,,5,9,4,,,,,,,,,,1,,,23,,2,,1,,5,18,2,6,,,,,,14,42,429
217012,"Valencia, Spain","Valencian Community, Spain",Spain,39.492009,-0.324061,land,,2021-10-20,"Asociacin Ambiente Europeo-Playa Patacona",25,,25,59.40,0.44,0.00,,8,15,,24,48,,8,38,303,,,19,,1,41,,6,2,,,,72,,,,,3,,,,,,,,,,,,,,,,,,,4,6,29,5,,,,,,,2,325,963
217013,"Balearic Islands, Spain","Balearic Islands, Spain",Spain,39.361389,3.210556,underwater,,2021-06-19,"Asociacin Ambiente Europeo-Porto Petro",25,,25,"1,423.40",0.31,0.00,,16,30,8,2,49,,6,15,80,,,5,,8,6,,,1,,,,,16,6,,1,,,,,,,,,,,,,,,18,,6,,6,1,18,40,,3,,,,,,14,40,408
217014,"Barcelona, Spain","Catalonia, Spain",Spain,41.420006,2.232644,land,,2021-04-24,"Asociacin Ambiente Europeo-Desembocadura Besos",8,,8,28.60,0.06,0.00,,2,2,1,1,17,,1,12,26,,,1,,6,20,,,,,,,9,1,,,,,,,,,,,,,,,,,,,,6,,1,1,3,,11,1,,,,,,8,10,142
217015,"Huelva, Spain","Andalusia, Spain",Spain,37.006973,-6.569334,land,,2021-08-28,"Asociacin Ambiente Europeo-Faro de la Higuera",14,,14,858.00,0.53,0.00,,36,21,23,32,38,,14,24,437,,,29,,23,87,,19,7,,,,25,,,,3,3,3,,,,,,,,,,3,,,20,,38,,,19,2,12,2,15,,,,,,32,128,1108
217016,"Valencia, Spain","Valencian Community, Spain",Spain,39.522054,-0.316725,land,,2021-10-30,"Asociacin Ambiente Europeo-Playa Meliana",10,,10,244.20,0.93,0.00,,15,39,14,44,48,,3,35,,,,12,,18,11,,7,15,,,,5,,,,4,15,,,,,,,,,,,1,,,,,12,,1,1,9,7,41,80,,,,,,1,240,691
217017,"Cádiz, Spain","Andalusia, Spain",Spain,36.226007,-6.066841,land,,2021-10-15,"Asociacin Ambiente Europeo-Playa el Palmar",24,,24,24.20,0.31,0.00,,24,42,5,10,32,,55,38,1,,,18,,15,49,,14,,,,,2,,,,2,1,1,,,,,,,,,,,,,,,4,,,2,,3,5,17,,,,,,14,63,423
217018,"Albacete, Spain","Castile-La Mancha, Spain",Spain,39.212787,-2.019885,land,,2021-09-18,"Asociacin Ambiente Europeo-Rio Jucar",6,,6,22.00,0.06,0.00,,7,,2,15,33,,,2,,,,,,6,8,,,,,,,3,,,,,,,,,,,,,,,,,,,1,,1,,,,,,,2,,,,,,6,6,92
217019,"Albacete, Spain","Castile-La Mancha, Spain",Spain,38.950678,-2.855773,land,,2021-10-16,"Asociacin Ambiente Europeo-Laguna Salvadora",4,,4,8.80,0.04,0.00,,,,2,2,6,,27,62,757,,,2,,2,24,,5,5,,,,,,,,,2,1,,,,,,,,,,,,,2,,,,,,,3,,,,,,,,8,196,1110
217020,"04720 Aguadulce, Almería, Spain","Andalusia, Spain",Spain,36.813025,-2.561445,land,,2021-09-25,"Asociacin Ambiente Europeo-Puerto Deportivo de Aguadulce",43,,43,292.60,0.06,0.00,,250,5,33,305,105,,1,30,,,,2,,25,,,2,3,,,,1,,,,,,,,,,,,,,,,,,,,,2,,2,4,150,10,,,,,,,,,,931
217021,"Murcia, Spain","Region of Murcia, Murcia, Spain",Spain,37.43463,-1.48399,land,,2021-08-21,"Asociacin Ambiente Europeo-Playa del Aleman",4,,4,44.00,0.08,0.00,,7,1,1,4,3,,5,91,2,,,22,,6,,,5,2,,,,,,,,1,2,2,,,,,,,,,,,,,2,,,,1,2,22,91,3,,,,,,,,41,334
217022,"Ciudad Real, Spain","Castile-La Mancha, Spain",Spain,38.972337,-2.888457,land,,2021-10-16,"Asociacin Ambiente Europeo-Laguna del Rey",4,,4,6.60,0.03,0.00,,3,5,1,4,52,,26,9,950,,,1,,1,6,,2,17,,,,4,,,,2,5,2,,,,,,,,,,,,,3,,,,,,,7,,4,,,,,,6,158,1269
217023,"Valencia, Spain","Valencian Community, Spain",Spain,39.492001,-0.324066,land,,2021-05-31,"Asociacin Ambiente Europeo-Playa Patacona",44,,44,33.00,0.44,0.00,,9,5,2,,3,,,11,150,,,9,,,4,,1,9,,,,16,,,,9,,1,,,,,,,,,,,,,,,,,,,,,3,,,,,,,19,29,289
217024,"Valencia, Spain","Valencian Community, Spain",Spain,39.3209,-0.29859,land,,2021-11-07,"Asociacin Ambiente Europeo-La Devesa del Saler",24,,24,37.40,0.62,0.00,,9,5,2,,3,,,11,150,,,9,,,4,,1,9,,,,16,,,,9,,1,,,,,,,,,,,,,,,,,,,,,3,,,,,,,19,29,289
217025,"Valencia, Spain","Valencian Community, Spain",Spain,39.42387,-0.334124,land,,2021-05-21,"Asociacin Ambiente Europeo-Playa Pinedo",108,,108,116.60,0.37,0.00,,8,112,13,22,3,,,33,203,,,6,,12,34,,7,,,,,2,,,,,2,2,,,,,,,,,,,,,,,2,,,5,4,1,5,2,,,,,,20,14,515
217026,"Albacete, Spain","Castile-La Mancha, Spain",Spain,38.955632,-2.86139,land,,2021-10-16,"Asociacin Ambiente Europeo-Laguna Colgada",4,,4,149.60,0.03,0.00,,17,,71,37,140,,10,14,109,,,8,,,53,,12,11,,,,,,2,,,,1,,,,,,,,,,,,,2,,2,,,,,1,,15,,,,,,23,,531
217027,"Albacete, Spain","Castile-La Mancha, Spain",Spain,38.935746,-2.845267,land,,2021-10-16,"Asociacin Ambiente Europeo-Laguna Sampedra",5,,5,4.40,0.47,0.00,,,3,1,1,65,,55,110,600,,,2,,,8,,12,3,,,,10,,,,2,,,,,,,,,,,,,,,,,1,,,,,,,4,,,,,,1,31,909
217028,"Alicante, Spain","Valencian Community, Spain",Spain,38.64165,0.049217,land,,2021-06-06,"Asociacin Ambiente Europeo-Playa de Calpe",17,,17,72.60,0.19,0.00,,,5,2,1,7,,2,1,30,,,,,1,11,,,,,,,26,,,,,1,,,,,,,,,,,,,,,,1,,1,,1,3,11,1,,,,,,57,20,183
217029,"Barcelona, Spain","Catalonia, Spain",Spain,41.3958,2.210132,land,,2021-11-26,"Asociacin Ambiente Europeo-Playa del Bogatell",45,,45,132.00,0.31,0.00,,5,308,,9,13,,14,115,,,,5,,48,211,,7,1,,,,1,,,,1,5,18,,,,,,,,,,4,,,,2,70,,,4,,1,38,173,,,,,,52,120,1304
217030,"Alicante, Spain","Valencian Community, Spain",Spain,38.353292,-0.419373,land,,2021-09-18,"Asociacin Ambiente Europeo-Senda Cabo de la Huerta",10,,10,44.00,0.62,0.00,,,20,11,20,25,,20,15,497,,,18,,5,,,1,25,,,,25,,,,,,1,,,,,,,,,,7,,,5,,2,,,,,1,,,,,,,,95,,793
217031,"Albacete, Spain","Castile-La Mancha, Spain",Spain,38.95175,-2.863082,land,,2021-10-16,"Asociacin Ambiente Europeo-Laguna Santo Morcillo",8,,8,22.00,0.09,0.00,,,,12,,,,,,1,,,,,,,,,,,,,98,,,,,,,,,,,,,,,,,,,3,,,,,,,,,,,,,,,365,,480
217032,"Girona, Spain","Catalonia, Spain",Spain,42.360827,3.162741,land,,2021-04-25,"Asociacin Ambiente Europeo-Playa del Cau del Llop",28,,28,55.00,0.12,0.00,,3,,2,8,5,,3,3,40,,,2,,2,15,,10,,,,,2,,,,,7,,,,,,,,,,,,,,,,3,,,,2,1,,,,,,,,10,45,164
217033,"Barcelona, Spain","Catalonia, Spain",Spain,41.370343,2.18917,land,,2021-09-17,"Asociacin Ambiente Europeo-Playa de San Sabetia",15,,15,66.00,0.17,0.00,,10,1,2,18,20,,6,7,650,,,8,,4,35,,3,1,,,,2,,,,,,,,,,,,,,,,,,,10,,,,,,,,,3,,,,,,15,31,827
217034,"Barcelona, Spain","Catalonia, Spain",Spain,41.383742,2.195885,land,,2021-09-19,"Asociacin Ambiente Europeo-Playa del Somorrostro",8,,8,22.00,0.09,0.00,,,,4,4,25,,6,,7,,,,,,,,,2,,,,,,,,,,1,,,,,,,,,,,,,,,1,,,,,,,,,,,,,4,,57
217035,"Valencia, Spain","Valencian Community, Spain",Spain,39.3209,-0.29859,land,,2021-08-21,"Asociacin Ambiente Europeo-La Devesa del Saler",37,,37,68.20,0.62,0.00,,50,46,4,22,1,,1,98,40,,,51,,22,54,,32,1,,,,6,2,,,1,54,4,,,,,,,,,,1,,,,2,3,,2,31,5,78,81,2,,,,,,1,1,721
217037,"Murcia, Spain","Region of Murcia, Murcia, Spain",Spain,37.597835,-0.754044,land,,2021-09-18,"Asociacin Ambiente Europeo-Calblanque",7,,7,19.80,0.09,0.00,,6,4,,1,1,,,38,173,,,2,,9,17,,11,1,,,,,,,,,4,,,,,,,,,,,,,,1,,1,,,2,2,6,1,5,,,,,,1,141,431
217038,"Murcia, Spain","Region of Murcia, Murcia, Spain",Spain,37.797129,-0.80328,land,,2022-09-27,"Asociacin Ambiente Europeo-Playa Barnuevo Sur",56,,56,11.00,0.03,0.00,,11,19,1,1,,,24,32,562,,,4,,8,25,,19,14,,,,33,,,,8,19,5,,,,,,,,,,,,,1,,,,,,3,4,,,,,,,,5,74,881
217039,"Albacete, Spain","Castile-La Mancha, Spain",Spain,38.959763,-2.872383,land,,2021-10-16,"Asociacin Ambiente Europeo-Laguna del Rey- Las Isla",12,,12,8.80,0.19,0.00,,3,,6,,12,,15,44,617,,,,,,25,,17,,,,,,,5,,,,1,,,,,,,,,,,,,,,6,,,,1,1,,10,,,,,,15,150,1023
217040,"Alicante, Spain","Valencian Community, Spain",Spain,38.298001,-0.519553,land,,2021-11-06,"Asociacin Ambiente Europeo-Agua Amarga",19,,19,15.40,0.02,0.00,,15,3,,,1,,10,66,277,,,9,,7,51,,24,,,,,105,1,,,,14,6,,,,,,,,,,,,,1,,4,,,2,,86,,2,,,,,,170,299,1181
217041,"Albacete, Spain","Castile-La Mancha, Spain",Spain,38.930887,-2.839697,land,,2021-11-01,"Asociacin Ambiente Europeo-Laguna Tinaja",4,,4,13.20,0.05,0.00,,2,,4,3,21,,32,37,423,,,,,,6,,5,,,,,1,,,,,,1,,,,,,,,,,,,,1,,6,,,,1,3,,8,,,,,,7,19,581
217042,"Barcelona, Spain","Catalonia, Spain",Spain,41.421364,2.230067,land,,2021-03-21,"Asociacin Ambiente Europeo-Rios Besos",6,,6,22.00,0.02,0.00,,6,16,,9,17,,1,1,3,,,2,,5,2,,,,,,,,,,,,,,,,,,,,,,,106,,,,,2,,,,,,,2,,,,,,2,3,249
217043,"Castellón, Spain","Valencian Community, Spain",Spain,40.045686,0.064898,land,,2021-11-21,"Asociacin Ambiente Europeo-Playa de Benicassim",100,,100,41.80,0.19,0.00,,3,13,,3,3,,,94,521,,,7,,4,19,,8,1,,,,11,,,,,7,1,,,,,,,,,,1,,,,1,11,,,2,,25,24,,,,,,,8,1,775
217044,"Girona, Spain","Catalonia, Spain",Spain,42.378745,3.154999,land,,2021-10-17,"Asociacin Ambiente Europeo-Alguer - St. Jordi",10,,10,169.40,0.27,0.00,,7,3,2,25,20,,7,10,15,,,,,10,,,10,,,,,1,1,,,1,,1,,,,,,,,,,,,,11,,6,,,1,,1,,,,,,,,,20,152
217045,"Girona, Spain","Catalonia, Spain",Spain,42.364966,3.163296,land,,2021-06-20,"Asociacin Ambiente Europeo-Farella y Tonyines",12,,12,55.00,0.31,0.00,,2,6,,2,5,,7,3,50,,,,,1,,,10,,,,,1,,,,,,,,,,,,,,,,,,,8,,6,,,,1,1,,3,,,,,,6,6,119
217046,"Alicante, Spain","Valencian Community, Spain",Spain,38.298105,-0.519486,land,,2021-11-06,"Asociacin Ambiente Europeo-Agua Amarga",10,,10,28.60,0.02,0.00,,,3,,,1,,6,60,252,,,3,,2,94,,27,1,,,,76,,1,,,,,,,,,,,,,,,,,,,1,,,,,21,,1,,,,,,45,168,765
217047,"Barcelona, Spain","Catalonia, Spain",Spain,41.370363,2.189152,land,,2021-09-23,"Asociacin Ambiente Europeo-Playa de San Sabetia",17,,17,63.80,0.25,0.00,,,,5,12,25,,,136,750,,,14,,31,,,,,,,,,,,,3,,6,,,,,,,,,,14,,,13,1,29,,,,,,,,,,,,,,,1039
217048,"Valencia, Spain","Valencian Community, Spain",Spain,39.423895,-0.333998,land,,2021-06-06,"Asociacin Ambiente Europeo-Playa Pinedo",42,,42,292.60,0.37,0.00,,195,58,38,134,130,,25,77,530,,,44,,54,113,,14,,,,,185,,,,4,12,28,,,,,,,,,,2,,,,2,33,,11,17,71,1,22,34,,,,,,29,480,2368
217049,"Albacete, Spain","Castile-La Mancha, Spain",Spain,38.927062,-2.828503,land,,2021-11-02,"Asociacin Ambiente Europeo-Bano de la Mulas",6,,6,33.00,0.01,0.00,,1,,2,7,72,,39,17,1,,,11,,7,52,,12,8,,,,,,,,,9,2,,,,,,,,,,,,,4,,,,,,98,9,,3,,,,,,15,93,465
217050,"Ciudad Real, Spain","Castile-La Mancha, Spain",Spain,38.971437,-2.88844,land,,2021-10-16,"Asociacin Ambiente Europeo-Laguna del Rey",3,,3,4.40,0.47,0.00,,1,22,3,5,5,,,8,26,,,,,,17,,3,,,,,,,,,,,,,,,,,,,,,,,,1,,,,,,,,,,,,,,,50,,141
217051,"Girona, Spain","Catalonia, Spain",Spain,42.360936,3.162756,land,,2021-09-25,"Asociacin Ambiente Europeo-Playa Cau del Llop",17,,17,679.80,0.31,0.00,,6,,2,15,15,,,22,40,,,,,,,,10,,,,,,2,1,,1,,,,,,,,,,,,,,,15,,,,,3,6,2,,2,,,,,,30,30,205
217052,"Girona, Spain","Catalonia, Spain",Spain,42.381107,3.155567,land,,2021-11-21,"Asociacin Ambiente Europeo-Playa de Grifeu",23,,23,15.40,0.21,0.00,,,2,,10,5,,,,40,,,,,,,,6,,,,,1,,,,,,,,,,,,,,,,,,,7,,3,,1,,,1,,,,,,,,6,35,119
217053,"17490 Llançà, Girona, Spain","Catalonia, Spain",Spain,42.371354,3.160374,land,,2021-12-19,"Asociacin Ambiente Europeo-Playa del Port",12,,12,26.40,0.29,0.00,,,2,1,11,10,,7,6,35,,,1,,,,,3,,,,,1,,,,,,2,,,,,,,,,,1,,,11,,3,,,,,1,,,,,,,,,60,156
217054,"Albacete, Spain","Castile-La Mancha, Spain",Spain,38.931548,-2.841208,land,,2021-10-16,"Asociacin Ambiente Europeo-Laguna Sampedra - Chorros",4,,4,48.40,0.09,0.00,,,3,13,12,43,,70,38,507,,,2,,2,7,,9,3,,,,8,,,,,9,,,,,,,,,,,,,,6,,8,,,,,3,,13,,,,,,16,55,827
217055,"Albacete, Spain","Castile-La Mancha, Spain",Spain,39.192402,-1.999972,land,,2021-12-11,"Asociacin Ambiente Europeo-Rio Jucar",28,,28,15.40,0.06,0.00,,7,1,1,54,34,,,21,30,,,,,1,,,,,,,,,,,,,3,,,,,,,,,,,,,,10,,,,,,,,,15,,,,,,,,177
217056,"Cantabria, Spain","Cantabria, Spain",Spain,43.459694,-3.730997,land,,2021-09-23,"Asociacin Ambiente Europeo-Playa de Somo",1,,1,2.20,0.09,0.00,,,,,1,,,,10,30,,,,,2,30,,,1,,,,,,,,,,1,,,,,,,,,,,,,5,,,,,4,,3,,,,,,,,,9,96
217057,"Sant Adrià de Besòs, Barcelona, Spain","Catalonia, Spain",Spain,41.421594,2.233727,land,,2021-09-10,"Asociacin Ambiente Europeo-Sant Adria del Besos",4,,4,26.40,0.12,0.00,,2,5,18,30,156,,,3,,,,8,,10,8,,,,,,,,,,,,,,,,,,,,,,,,,,,,1,,,,,,,5,,,,,,5,,251
217058,"Valencia, Spain","Valencian Community, Spain",Spain,39.492004,-0.324074,land,,2021-09-28,"Asociacin Ambiente Europeo-Playa Patacona",25,,25,26.40,0.44,0.00,,7,13,,4,,,,98,44,,,4,,14,28,,17,,,,,,,,,,1,6,,,,,,,,,,,,,,1,6,,1,5,,44,23,3,,,,,,,2,333
217059,"Valencia, Spain","Valencian Community, Spain",Spain,39.3209,-0.29859,land,,2021-10-31,"Asociacin Ambiente Europeo-La Devesa del Saler",24,,24,37.40,0.62,0.00,,10,29,1,13,2,,5,153,50,,,19,,5,94,,13,,,,,,,,,,21,13,,,,,,,,,,,,,,1,2,,3,12,5,51,43,,,,,,,2,1,557
217060,"Valencia, Spain","Valencian Community, Spain",Spain,39.3209,-0.29859,land,,2021-11-28,"Asociacin Ambiente Europeo-La Devesa del Saler",46,,46,33.00,0.62,0.00,,6,11,1,8,8,,1,640,201,,,4,,6,60,,42,,,,,5,,,,,56,2,,,,,,,,,,,,,,9,12,,2,55,6,102,10,2,,,,,,2,1,1262
217061,"Alicante, Spain","Valencian Community, Spain",Spain,38.432417,-0.382494,land,,2021-06-12,"Asociacin Ambiente Europeo-Illeta",12,,12,88.00,0.37,0.00,,2,26,11,1,1,,,6,89,,,,,,4,,8,1,,,,1,,,,,,,,,,,,,,,,,,,2,,1,,,,,1,2,3,,,,,,63,75,297
217062,"Almería, Spain","Andalusia, Spain",Spain,37.373497,-1.641568,land,,2022-09-25,"Asociacin Ambiente Europeo-Playa las Palmeras",16,,16,"1,188.00",0.44,0.00,,25,25,,50,20,,15,40,20,,,,,,,,,,,,,,,,,,,,,,,,,,,,,,,,,,,,,,10,,20,,,,,,,,,245
217063,"Murcia, Spain","Region of Murcia, Murcia, Spain",Spain,37.574111,-1.205578,land,,2021-09-18,"Asociacin Ambiente Europeo-Playa de Isla Plana",38,,38,143.00,0.31,0.00,,3,2,,3,5,,92,25,1,,,25,,35,47,,29,9,,,,16,,2,,10,,4,,,,,,,,,,,,,3,1,,,,7,,10,,4,,,,,,4,718,1094
217064,"Murcia, Spain","Region of Murcia, Murcia, Spain",Spain,37.661385,-0.734567,land,,2021-09-19,"Asociacin Ambiente Europeo-Isla del Ciervo",25,,25,132.00,0.45,0.00,,32,5,,57,5,,,28,1,,,50,,5,3,,2,4,,,,2,,,,10,,,,,,,,,,,,,,,49,,1,,,4,,9,,,,,,,,350,62,680
217065,"Tarragona, Spain","Catalonia, Spain",Spain,41.064301,1.078469,land,,2021-08-07,"Asociacin Ambiente Europeo-Playa del Calvet",200,,200,17.60,0.09,0.00,,,,,10,6,,5,16,52,,,11,,,,,1,,,,,6,,,,4,,,,,,,,,,,,,,,3,,,,,5,4,,,12,,,,,,5,76,216
217066,"Ciudad Real, Spain","Castile-La Mancha, Spain",Spain,38.97242,-2.890939,land,,2021-10-16,"Asociacin Ambiente Europeo-Cascada del Hundimiento",4,,4,110.00,0.03,0.00,,2,10,,25,60,,,,50,,,13,,3,10,,3,,,,,95,,,,,,,,,,,,,,,,,,,6,,,,,,,,,8,,,,,,2,,296
217067,"Albacete, Spain","Castile-La Mancha, Spain",Spain,38.938825,-2.847138,land,,2021-10-16,"Asociacin Ambiente Europeo-Laguna Redondilla",5,,5,39.60,0.08,0.00,,,,,,,,30,5,716,,,,,,6,,6,,,,,,,20,,,8,5,,,,,,,,,,,,,2,,,,,,,2,,1,,,,,,6,,808
217068,"Barcelona, Spain","Catalonia, Spain",Spain,41.450585,2.254986,land,,2021-10-01,"Asociacin Ambiente Europeo-Pont Botifarreta",1,,1,6.60,0.06,0.00,,,,2,,,,,,20,,,2,,2,2,,2,,,,,,,,,,,,,,,,,,,,,,,,1,,,,,,,,,,,,,,,,10,42
217069,"Alicante, Spain","Valencian Community, Spain",Spain,38.434567,-0.382655,land,,2021-06-12,"Asociacin Ambiente Europeo-Playa Almadraba",6,,6,44.00,0.22,0.00,,,,,13,15,,,72,4,,,9,,,,,22,,,,,8,,6,,4,,,,,,,,,,,,,,,,,,,,,,35,,,,,,,,,22,210
217070,"Girona, Spain","Catalonia, Spain",Spain,42.369172,3.165595,land,,2021-05-23,"Asociacin Ambiente Europeo-Playa de Carboneres",20,,20,39.60,0.22,0.00,,2,10,3,4,3,,6,10,30,,,,,6,,,3,,,,,1,,,,,,,,,,,,,,,,,,,,1,5,,2,,,2,,,,,,,,32,20,140
217071,"Murcia, Spain","Region of Murcia, Murcia, Spain",Spain,37.599095,-0.748283,land,,2021-09-18,"Asociacin Ambiente Europeo-Calblanque",2,,2,6.82,0.12,0.00,,,2,,,,,1,4,5,,,1,,,2,,2,,,,,,,,,,,,,,,,,,,,,,,,1,,,,,,,9,,,,,,,,,14,42
217072,"Murcia, Spain","Region of Murcia, Murcia, Spain",Spain,37.724987,-0.739199,land,,2021-11-22,"Asociacin Ambiente Europeo-La Manga - Las Gaviotas",8,,8,165.00,0.04,0.00,,,2,,1,,,,12,174,,,8,,1,11,,4,,,,,246,,,,1,,,,,,,,,,,,,,,1,,,,,1,,17,,3,,,,,,,101,583
217073,"Albacete, Spain","Castile-La Mancha, Spain",Spain,38.956664,-2.861354,underwater,,2021-10-16,"Asociacin Ambiente Europeo-Laguna Colgada - Lagoon",8,,8,15.40,0.03,0.00,,,,,1,,,1,2,,,,1,,,1,,1,,,,,2,1,,,,,,,,,,,,,,,,,,,,,,,2,6,,,,,,,,,,,18
217074,"Cape Palos, Murcia, Spain","Region of Murcia, Murcia, Spain",Spain,37.616759,-0.713922,land,,2021-09-18,"Asociacin Ambiente Europeo-Cala Reona",16,,16,72.60,0.31,0.00,,2,,,,1,,,1,,,,,,1,,,,,,,,,,,,,,,,,,,,,,,,,,,,,,,,,1,,36,,,,,,,,,42
217075,"Cartagena, Cartagena Province, Bolivar, Colombia","Region of Murcia, Murcia, Spain",Spain,37.583422,-1.074575,underwater,,2021-05-15,"Asociacin Ambiente Europeo-El Portus",9,,9,6.60,0.25,0.00,,,,1,,,,,,,,,,,2,,,,,,,,,,,,,,,,,,,,,,,,,,,,,,,,,,,,,,,,,,,,3
217076,"Almería, Spain","Andalusia, Spain",Spain,36.82117,-2.531315,land,,2021-08-29,"Asociacin Ambiente Europeo-Playa del Palmer",5,,5,11.00,0.31,0.00,,,,,1,7,,,2,,,,1,,2,,,,,,,,,,,,,,,,,,,,,,,,,,,,,,,,,,,,,,,,,,,1,22
217077,"Almería, Spain","Andalusia, Spain",Spain,37.358794,-1.670535,land,,2021-09-12,"Asociacin Ambiente Europeo-Las Salinas",15,,15,660.00,0.12,0.00,,50,20,8,30,25,,,,,,,,,20,,,,,,,,,3,,,14,,,,,,,,,,,,,,,,,,,,,,,,,,,,,,10,14,194
217078,,"Catalonia, Spain",Spain,41.370288,2.189966,underwater,,2021-09-17,"Asociacin Ambiente Europeo-Playa de San Sabetia",2,,2,4.40,0.08,0.00,,,,2,2,1,,,,1,,,,,,3,,,,,,,1,,,,,,,,,,,,,,,,,,,1,,1,,,,,,,,,,,,,,,12
217079,"Albacete, Spain","Castile-La Mancha, Spain",Spain,38.94951,-2.855905,land,,2021-10-16,"Asociacin Ambiente Europeo-Laguna Salvadora",3,,3,11.00,0.04,0.00,,1,,,1,28,,15,15,255,,,5,,,4,,,,,,,,,,,,,,,,,,,,,,,,,,14,,,,,,,,,8,,,,,,,,346
217080,"Albacete, Spain","Castile-La Mancha, Spain",Spain,38.93604,-2.845095,underwater,,2021-10-16,"Asociacin Ambiente Europeo-Laguna Sampedra",8,,8,44.00,0.03,0.00,,,1,2,,2,,5,,,,,,,,,,,,,,,3,,,,,,,,,,,,,,,,,,,,,,,,,1,,,,,,,,,,,15
217081,"Murcia, Spain","Region of Murcia, Murcia, Spain",Spain,37.557741,-1.168594,land,,2021-07-03,"Asociacin Ambiente Europeo-Playa del Cuartel de la Azohia",11,,11,55.00,0.25,0.00,,5,25,1,2,3,,12,68,930,,,,,,2,,195,,,,,11,,,,,9,1,,,,,,,,,,2,,,2,1,1,,,3,,10,,2,,,,,,10,361,1657
217273,"Santa Cruz de Tenerife, Spain","Canary Islands, Spain",Spain,28.07246,-16.73255,land,,2022-01-27,A,6,,6,54.60,0.08,0.00,,6,,15,26,21,11,6,5,742,,,,,23,44,2,8,5,,,,19,,,,,3,,,,,,,,1,,,,,,9,,,,,,,,,,,,,8,,,25,1079
219533,"Santa Cruz de Tenerife, Spain","Canary Islands, Spain",Spain,28.07256,-16.73206,land,,2022-02-01,"Group A",5,,5,21.07,0.68,0.00,,5,,18,9,5,1,5,3,88,,,1,,6,7,,6,4,,,,2,,,,,7,,,1,,,,,,,,,,,2,,,,,,,,,,,,,,,,2,216
219534,"Santa Cruz de Tenerife, Spain","Canary Islands, Spain",Spain,28.06873,-16.73239,land,,2022-02-01,"Group A",1,,1,18.77,0.70,0.00,,4,,18,12,9,,4,10,241,,,8,,1,10,,7,,,,,,,,,,1,,,1,,,,,,,,,,,3,,,,,,,,,,,,,3,,,6,379
219602,"Santa Cruz de Tenerife, Spain","Canary Islands, Spain",Spain,28.07219,-16.73262,land,,2022-02-02,2,9,,9,19.47,0.56,0.00,,2,,7,12,2,3,33,7,864,,,1,1,2,32,1,9,5,,,,,,,,,,,,,,,,,2,,,,,,14,,,,,,,,,,,,,3,,,174,1204
219603,"Santa Cruz de Tenerife, Spain","Canary Islands, Spain",Spain,28.07215,-16.73253,land,,2022-02-02,1,1,,1,21.98,0.20,0.00,,8,,4,17,13,,4,5,819,,,7,1,11,13,,6,7,,,,5,,,,,,,,,,,,,2,,,,,,4,,,,,,,,,,,,,8,,,76,1058
219974,"Santa Cruz de Tenerife, Spain","Canary Islands, Spain",Spain,28.05083,-16.71776,land,,2022-02-07,15,1,,1,27.79,0.00,0.00,,8,,21,,4,6,34,6,1046,,,,1,4,38,1,7,14,,,,2,,,,,1,3,,,,,,,,,,,,,7,,,,,,,,,,,,,1,,,163,1406
220675,"Santa Cruz de Tenerife, Spain","Canary Islands, Spain",Spain,28.07254,-16.73236,land,,2022-02-15,A,4,,4,26.25,0.72,0.00,,6,,16,2,,2,17,13,350,,,8,,6,17,1,10,,,,,4,,,,,2,,,,,,,,2,,,,,,4,,,,,,,,,,,,,,,,78,618
220676,"Santa Cruz de Tenerife, Spain","Canary Islands, Spain",Spain,28.07248,-16.73243,land,,2022-02-15,,5,,5,23.05,0.44,0.00,,8,,12,34,19,11,3,3,1238,,,45,1,5,5,4,56,1,,,,,,,,,,,,4,,,,,,,,,,,8,,,,,,,,,,,,,13,,,29,1540
224916,"Santa Cruz de Tenerife, Spain","Canary Islands, Spain",Spain,28.06636,-16.73277,land,,2022-02-24,A,6,,6,22.16,0.57,0.00,,7,,6,17,11,13,7,2,1271,,,24,,,7,5,58,3,,,,4,,,,,9,1,,,,,,,2,,,,,,6,,,,,,,,,,,,,24,,,21,1535
225246,"Santa Cruz de Tenerife, Spain","Canary Islands, Spain",Spain,28.07017,-16.73263,land,,2022-03-01,,6,,6,12.00,0.00,0.00,,4,,5,18,21,,,,274,,,,,18,,,1,,,,,3,,,,,2,,,,,,,,,,,,,,1,,,,,,,,,,,,,1,,,,370
225710,"Santa Cruz de Tenerife, Spain","Canary Islands, Spain",Spain,28.06833,-16.73305,land,,2022-03-08,A,6,,6,51.11,0.37,0.00,,10,,5,4,12,17,3,13,1210,,,11,6,16,50,1,76,3,,,,31,,,,,5,,,1,,,,,,,,,,,6,,,,,,,,,,,,,3,,,20,1593
226161,"Santa Cruz de Tenerife, Spain","Canary Islands, Spain",Spain,28.07257,-16.73236,land,,2022-03-14,A,4,,4,0.55,0.46,0.00,,1,,,2,,,,,31,,,,1,,2,,,,,,,,,,,,,,,,,,,,,,,,,,,,,,,,,,,,,,,3,,,,41
226868,"Santa Cruz de Tenerife, Spain","Canary Islands, Spain",Spain,28.07173,-16.73251,land,,2022-03-15,A,7,,7,9.17,0.00,0.00,,11,,,4,6,,25,,600,,,5,6,,7,3,22,3,,,,,,,,,4,,,,,,,,,,,,,,9,,,,,,,,,,,,,14,,,7,756
226870,"Santa Cruz de Tenerife, Spain","Canary Islands, Spain",Spain,28.06874,-16.73227,land,,2022-03-22,A,5,,5,7.47,0.02,0.00,,1,,3,5,2,,,13,803,,,4,2,4,,,12,,,,,,,,,,,4,,,,,,,,,,,,,5,,,,,,,,,,,,,1,,,,862
226993,"Santa Cruz de Tenerife, Spain","Canary Islands, Spain",Spain,28.06662,-16.73273,land,,2022-03-23,,1,,1,16.08,0.20,0.00,,3,,7,12,19,,4,4,248,,,25,2,9,13,2,88,8,,,,,,,,,7,5,,1,,,,,,,,,,,15,,,,,,,,,,,,,20,,,7,561
226997,"Santa Cruz de Tenerife, Spain","Canary Islands, Spain",Spain,28.06866,-16.73235,land,,2022-03-24,✨??✨,6,,6,5.30,0.02,0.00,,,,1,3,2,6,2,,173,,,2,,3,1,,3,2,,,,,,,,,,,,,,,,,,,,,,,5,,,,,,,,,,,,,,,,17,220
227364,"Murcia, Spain","Region of Murcia, Murcia, Spain",Spain,37.7505094,-0.8476651,land,,2022-03-28,"IES Menárguez Costa - OCEANS Project Etwinning)",23,,23,60.00,0.00,0.00,7,,,,,,,,,,,,,,,,,,,,,,,,,,,,,,,,,,,,,,,,,,,,,,,,,,,,,,,,,,
227367,"Murcia, Spain","Region of Murcia, Murcia, Spain",Spain,37.83548,-0.77968,land,,2022-03-28,"IES Menárguez Costa - OCEANS Project Etwinning)",26,,26,60.00,0.00,0.00,,33,,12,28,12,,10,46,223,,,13,10,14,187,45,14,1,,,,57,,,,,3,4,,,,,,,6,,,,,,12,,,,,,,,,,,,,3,,,142,981
227911,"Murcia, Spain","Region of Murcia, Murcia, Spain",Spain,37.63319,-0.68992,land,,2022-04-03,TradeIn,4,,4,17.49,0.01,0.00,,1,,2,5,1,1,6,15,1,,,,,3,1,1,5,,,,,14,,,,,5,,,,,,,,1,,,,,,6,,,,,,,,,,,,,1,,,105,184
227912,"Murcia, Spain","Region of Murcia, Murcia, Spain",Spain,37.63327,-0.68988,land,,2022-04-03,Nala,5,,5,17.73,0.00,0.00,,2,,4,10,,,10,40,2,,,,3,2,1,3,15,,,,,6,,,,,3,,,,,,,,3,,,,,,,,,,,,,,,,,,,3,,,79,216
227962,"Santa Cruz de Tenerife, Spain","Canary Islands, Spain",Spain,28.0789,-16.73145,land,,2022-04-04,"GVI Tenerife",3,,3,0.01,0.00,0.00,,,,,,,,,,,,,,,,,,,,,,,,,,,,,,,,,,,,,,,,,,,,,,,,,,,,,,,,,,,
227989,"Santa Cruz de Tenerife, Spain","Canary Islands, Spain",Spain,28.06265,-16.73325,land,,2022-04-04,"GVI Tenerife",3,,3,5.62,0.13,0.00,,,,4,3,,,12,,105,,,,2,,,,9,2,,,,,,,,,,2,,,,,,,,,,,,,2,,,,,,,,,,,,,8,,,23,190
230374,"Murcia, Spain","Region of Murcia, Murcia, Spain",Spain,37.5628382,-1.3069957,land,,2022-04-25,"3D IES Felipe II",1,,1,72.00,0.00,0.00,5,,,,,,,,,,,,,,,,,,,,,,,,,,,,,,,,,,,,,,,,,,,,,,,,,,,,,,,,,,
230398,"Gipuzkoa, Spain","Basque Country, Spain",Spain,43.06307,-2.50575,underwater,,2022-04-26,,1,,1,7.56,0.03,0.00,,1,,1,1,,9,6,1,,,,2,,2,1,1,1,1,,,,6,,,,,1,3,,5,,,,,2,,,,,,1,,,,,,,,,,,,,1,,,8,58
230550,"Santa Cruz de Tenerife, Spain","Canary Islands, Spain",Spain,28.06866,-16.73234,land,,2022-04-28,A,3,,3,30.00,0.07,0.00,,3,,62,8,7,3,1,21,737,,,4,,2,10,,13,10,,,,,,,,,3,,,1,,,,,,,,,,,4,,,,,,,,,,,,,9,,,62,1176
230928,"Santa Cruz de Tenerife, Spain","Canary Islands, Spain",Spain,28.07166,-16.73266,land,,2022-05-03,A,7,,7,43.16,0.42,0.00,,8,,4,5,6,5,22,11,1755,,,8,,5,8,4,7,21,,,,,,,,,9,3,,,,,,,3,,,,,,8,,,224,,,,,,,,,,8,,,,2332
231052,"Santa Cruz de Tenerife, Spain","Canary Islands, Spain",Spain,28.07251,-16.7323,land,,2022-05-05,A,7,,7,58.89,0.87,0.00,,8,,10,24,18,,13,17,1707,,,5,,,65,2,18,13,,,,1,,,,,,1,,,,,,,2,,,,,,2,,,124,,,,,,,,,,1,,,,2335
231354,"Madrid, Spain","Community of Madrid, Madrid, Spain",Spain,40.5056034,-3.5302108,land,,2022-05-09,"Amex-Spain FIU",1,,1,0.82,0.00,0.00,,,,,,4,,1,3,3,,,,,,2,,,,,,,,,,1,,,,,,,,,6,,,2,,,,5,,,,,,,,,,,,,,,,,27
231370,"Santa Cruz de Tenerife, Spain","Canary Islands, Spain",Spain,28.066411510023,-16.732786970263,land,,2022-05-10,,4,,4,59.30,0.15,0.00,,2,20,12,5,3,30,7,22,1260,1,,29,,8,44,2,48,1,4,,,,,,1,2,3,2,4,2,,1,,11,,40,89,10,,,2,,,20,,,,,,,,,,,,,,1685
231417,"Madrid, Spain","Community of Madrid, Madrid, Spain",Spain,40.463646193909,-3.6117936492345,land,,2022-05-11,"amex spain 1",3,,3,3.48,0.50,0.00,,11,7,,1,7,3,5,3,26,3,3,4,1,2,21,,41,,,,,,,1,5,1,2,1,2,,,,,,,2,,,3,,14,,,,,,,,,,,,,,,,,169
231447,"Santa Cruz de Tenerife, Spain","Canary Islands, Spain",Spain,28.06708964,-16.73250395,land,,2022-05-12,GVI,3,,3,222.74,0.38,0.00,,4,3,4,,6,6,15,,798,2,,,,1,22,,13,1,30,,,1,,,1,,10,,2,1,,,10,2,1,18,16,1,,,,1,2,126,,,,,,,,,,,,,,1097
231711,"Santa Cruz de Tenerife, Spain","Canary Islands, Spain",Spain,28.088553832254,-16.603640483485,land,,2022-05-16,dys,1,,1,0.01,0.00,0.00,,,,,,,,,,,,,,,,,,,,,,,,,,,,,,,,,,,,,,,,,,,,,,,,,,,,,,,,,,,
231749,"Santa Cruz de Tenerife, Spain","Canary Islands, Spain",Spain,28.068576045348,-16.732493648321,land,,2022-05-17,,5,,5,57.81,0.00,0.00,,,20,4,5,,3,5,,1187,5,,1,,,40,5,5,,4,,,,,,1,5,,,1,,,,37,,,6,143,,,,4,,,,,,,,,,,,,,,,,1481
231881,"Santa Cruz de Tenerife, Spain","Canary Islands, Spain",Spain,28.07245879,-16.73242383,land,,2022-05-19,GVI,5,,5,86.85,0.00,0.00,,,,2,7,11,,1,6,1048,,,12,,1,46,,3,,6,,,,,,,,,,1,,,2,,4,,,284,1,,,3,,,117,,,,,,,,,,,,,,1555
231886,"Murcia, Spain","Region of Murcia, Murcia, Spain",Spain,38.0800864,-1.272254,land,,2022-05-19,"ies Felipe de borbón",60,,60,126.00,0.00,0.00,17,,,,,,,,,,,,,,,,,,,,,,,,,,,,,,,,,,,,,,,,,,,,,,,,,,,,,,,,,,
232245,"Santa Cruz de Tenerife, Spain","Canary Islands, Spain",Spain,28.07256284,-16.73238865,land,,2022-05-24,GVI,3,,3,76.17,0.26,0.00,,,,1,4,1,,5,6,776,,,1,,,20,,2,10,8,,,,,,,,,,,,,,2,,,,131,1,,,,,,142,,,,,,,,,,,,,,1110
232485,"Santa Cruz de Tenerife, Spain","Canary Islands, Spain",Spain,28.066816266317,-16.732783125517,land,,2022-05-28,B,11,,11,49.90,0.16,0.00,,,1,1,14,,4,3,3,684,,1,4,,1,,1,3,,6,,,,,,,,,,,1,,,,1,,,45,,,,,,,21,,,,,,,,,,,,,,794
232486,"Santa Cruz de Tenerife, Spain","Canary Islands, Spain",Spain,28.066723106345,-16.732811829297,land,,2022-05-28,A,12,,12,46.16,0.00,0.00,,5,,5,7,8,7,8,11,730,,,,,,3,,26,,5,,,,,,,3,,1,,,,,6,,,,45,,,,2,,,77,,,,,,,,,,,,,,949
232929,"Santa Cruz de Tenerife, Spain","Canary Islands, Spain",Spain,28.06703881,-16.73261745,land,,2022-05-31,GVI,4,,4,86.11,0.51,0.00,,,1,6,9,19,,,12,833,4,,1,,,33,5,29,14,7,,,,,,11,,,1,1,1,,,3,6,,,212,1,,,5,,1,195,,,,,,,,,,,,,,1410
233031,"Santa Cruz de Tenerife, Spain","Canary Islands, Spain",Spain,28.073104805434,-16.73261070917,land,,2022-06-02,A,24,,24,53.27,0.06,0.00,,25,4,14,6,17,35,22,9,4131,10,6,2,2,2,37,5,21,1,,,,13,,,3,3,11,,1,,,3,2,,,7,27,,,,,,,363,,,,,,,,,,,,,,4782
233032,"Santa Cruz de Tenerife, Spain","Canary Islands, Spain",Spain,28.066971204257,-16.732533294723,land,,2022-06-02,,4,,4,163.97,0.00,0.00,,1,11,3,11,5,2,,10,400,4,2,3,6,8,40,1,40,1,14,6,,9,,,2,,10,3,7,1,3,3,1,13,2,3,166,1,,,7,,1,580,,,,,,,,,,,,,,1380
233299,"Santa Cruz de Tenerife, Spain","Canary Islands, Spain",Spain,28.06690864,-16.7325904,land,,2022-06-07,GVI,4,,4,87.52,0.42,0.00,,1,,5,2,5,2,4,12,904,2,,8,,,69,,9,5,10,,,,,,,,6,1,,4,,,,11,5,4,61,1,,,,,3,350,,,,,,,,,,,,,,1484
233428,"Santa Cruz de Tenerife, Spain","Canary Islands, Spain",Spain,28.0530291,-16.73341656,land,,2022-06-09,GVI,3,,3,43.22,0.51,0.00,,1,2,,7,15,19,12,15,1144,4,,7,,,20,5,7,14,1,,,,,2,,,13,4,2,,,,,1,4,48,181,,,,,,1,66,,,,,,,,,,,,,,1595
233761,"Santa Cruz de Tenerife, Spain","Canary Islands, Spain",Spain,28.072517691884,-16.732373229842,land,,2022-06-13,,5,,5,45.37,0.00,0.00,,,2,,1,1,,,24,1102,,,,,,25,,8,,,,,,,,,,,,,,,,,,4,50,258,2,,,,,,624,,,,,,,,,,,,,,2101
233814,"Santa Cruz de Tenerife, Spain","Canary Islands, Spain",Spain,28.07252325,-16.73249938,land,,2022-06-14,GVI,6,,6,264.02,0.27,0.00,,11,10,,12,7,3,1,11,922,,,3,1,,91,,8,5,34,,,,,,,,,,4,,,2,,,,1,138,1,,,,,,,,,,,,,,,,,,,,1265
234192,"Castellón, Spain","Valencian Community, Spain",Spain,39.988006979504,-0.033114103383072,land,,2022-06-21,"Maui sup&surf",30,,30,152.26,0.00,0.00,,4,13,4,8,8,11,21,15,24,7,13,13,8,10,8,6,3,9,5,9,,4,4,4,6,5,5,,2,3,2,2,2,2,6,2,2,6,13,3,5,1,7,4,,,,,,,,,,,,,,289
234201,"Santa Cruz de Tenerife, Spain","Canary Islands, Spain",Spain,28.071469352607,-16.732592890055,land,,2022-06-21,,6,,6,40.52,0.00,0.00,,3,13,9,5,4,1,7,12,867,,,10,,,110,1,13,2,,,,,,,,,30,1,4,,,1,,1,,1,201,7,,1,1,,,118,,,,,,,,,,,,,,1423
234220,"Santa Cruz de Tenerife, Spain","Canary Islands, Spain",Spain,28.072555395788,-16.732441429064,land,,2022-06-21,,4,,4,127.42,0.00,0.00,,,3,2,11,4,3,31,31,450,30,,5,,,20,32,12,6,15,,,6,,,2,1,7,4,2,,1,,,,,4,6,3,,,1,,5,300,,,,,,,,,,,,,,997
234701,"Santa Cruz de Tenerife, Spain","Canary Islands, Spain",Spain,28.070028162184,-16.732729042171,land,,2022-06-27,,6,,6,15.24,0.00,0.00,,,,,4,10,,4,1,436,,,,,,2,2,4,,2,,,,,,,,,,,,1,1,,,,,,,,,,,,103,,,,,,,,,,,,,,570
234704,"Santa Cruz de Tenerife, Spain","Canary Islands, Spain",Spain,28.06885605792,-16.732602687024,land,,2022-06-27,,7,,7,19.78,0.00,0.00,,,,5,,1,,,11,665,,,7,,,25,10,15,,,,,,,,,1,16,2,1,4,,,,,,23,90,,,,,,,201,,,,,,,,,,,,,,1077
235488,"Santa Cruz de Tenerife, Spain","Canary Islands, Spain",Spain,28.06970880753,-16.732528172793,land,,2022-07-11,u18s,22,,22,124.20,0.00,0.00,,,5,39,12,32,3,5,8,293,3,,,,115,,1,11,1,12,,,3,,,,,,,7,,1,2,,,,,,,,,3,1,,100,,,,,,,,,,,,,,657
235540,"Santa Cruz de Tenerife, Spain","Canary Islands, Spain",Spain,28.090920927706,-16.742076042568,land,,2022-07-12,,9,,9,59.51,0.01,0.00,,,20,,5,5,,5,10,878,3,,,,,41,,,,,,,,,1,,1,25,1,1,,,1,,,,50,358,,,,1,,,30,,,,,,,,,,,,,,1436
235577,"Santa Cruz de Tenerife, Spain","Canary Islands, Spain",Spain,28.090684572261,-16.74223568292,land,,2022-07-12,,8,,8,2.61,0.90,0.00,,5,,,,8,,,4,26,,,1,,3,41,,,,,,,,,,,,2,,,,,,2,,,5,,,,,,,,66,,,,,,,,,,,,,,163
235578,"Costa Adeje, Santa Cruz de Tenerife, Spain","Canary Islands, Spain",Spain,28.079226756966,-16.735365166575,land,,2022-07-13,,22,,22,19.31,0.00,0.00,,1,6,15,16,10,,7,7,570,2,,5,3,,70,,39,4,,,,,,,,,,2,3,1,1,,,,11,10,,,,,,,,184,,,,,,,,,,,,,,967
235646,"Santa Cruz de Tenerife, Spain","Canary Islands, Spain",Spain,28.090926390155,-16.742247920499,land,,2022-07-15,,6,,6,14.31,0.00,0.00,,,,,5,1,,10,26,500,,,2,,,42,2,8,,,,,,,,,,,,,1,,3,,,3,,69,,,,,,,240,,,,,,,,,,,,,,912
235876,"Santa Cruz de Tenerife, Spain","Canary Islands, Spain",Spain,28.090757494806,-16.742051783965,land,,2022-07-19,,5,,5,5.87,0.00,0.00,,4,25,,2,,,20,15,585,4,,14,4,10,60,2,9,,,,,,,,,,3,,,,2,1,,,,2,7,,,,,,,40,,,,,,,,,,,,,,809
235888,"Santa Cruz de Tenerife, Spain","Canary Islands, Spain",Spain,28.090879558109,-16.741969349244,land,,2022-07-19,Gvi,7,,7,4.99,0.00,0.00,,,182,,1,,,15,11,794,,1,,,,20,,20,,,,,,,,,,,,,,,,,,,,,,,,,,2,127,,,,,,,,,,,,,,1173
235925,"Balearic Islands, Spain","Balearic Islands, Spain",Spain,39.563328104059,2.668676202017,land,,2022-07-20,Strandsammler,1,,1,0.01,0.00,0.00,,,,,,,,,,,,,,,,,,,,,,,,,,,,,,,,,,,,,,,,,,,,,,,,,,,,,,,,,,,
235977,"Santa Cruz de Tenerife, Spain","Canary Islands, Spain",Spain,28.09088615702,-16.741832010464,land,,2022-07-21,,5,,5,54.00,0.00,0.00,,5,28,1,31,26,5,9,22,655,,,20,,6,93,7,28,,5,,,,,1,,,4,1,2,,,1,3,1,2,4,55,2,,1,,,,143,,,,,,,,,,,,,,1161
236196,"Balearic Islands, Spain","Balearic Islands, Spain",Spain,39.602610415523,3.3833155907999,land,,2022-07-25,,5,,5,40.99,0.00,0.00,,,,1,1,2,,,1,,2,,,,,,,,,,,,,2,,1,1,,,,,,,,,,,,,,,,,,1,,,,,,,,,,,,,,12
236197,"Balearic Islands, Spain","Balearic Islands, Spain",Spain,39.602638444152,3.3833573255375,land,,2022-07-25,,5,,5,41.46,0.00,0.00,,,1,2,2,,1,2,2,,3,,2,2,1,,2,,,,,,,2,,,,,,,,,,,,,,,,,,,,,,,,,,,,,,,,,,,22
236198,"Balearic Islands, Spain","Balearic Islands, Spain",Spain,39.602592421846,3.3832814943191,land,,2022-07-25,,5,,5,128.19,0.00,0.00,,,,,2,2,2,,,,,,,,,,,,,,,1,,,,,,,,,,,,,,,,,,,,,,,,,,,,,,,,,,,,,7
236208,"Balearic Islands, Spain","Balearic Islands, Spain",Spain,39.597283925234,3.3810266815475,land,,2022-07-25,,5,,5,"7,472.30",0.72,0.00,,,,1,,1,,1,,1,1,1,,2,,,,,,999,255,1,4,1,,,,,,,,,,,,,,,,1,2,,5,,,,,,,,,,,,,,,,1276
236244,"Santa Cruz de Tenerife, Spain","Canary Islands, Spain",Spain,28.090719189509,-16.742155971021,land,,2022-07-26,,10,,10,35.81,0.00,0.00,,6,28,1,13,8,,,22,565,4,1,,,2,50,2,32,3,,,,1,,5,,,2,,2,1,,2,2,2,3,60,132,,2,,5,,,346,,,,,,,,,,,,,,1302
236250,"Santa Cruz de Tenerife, Spain","Canary Islands, Spain",Spain,28.10105778268,-16.685922937273,land,,2022-07-26,AWDF,4,,4,56.22,2.30,0.00,,,7,33,1,6,,4,9,129,,,,,5,10,1,,2,4,,,,,,,,2,1,3,,1,,1,1,,72,2,1,,,2,,2,,,,,,,,,,,,,,,299
236252,"Santa Cruz de Tenerife, Spain","Canary Islands, Spain",Spain,28.083000250904,-16.735668637297,land,,2022-07-26,,8,,8,20.64,0.00,0.00,,2,4,1,5,5,,8,2,650,3,1,5,,,50,2,7,1,,,,,,,,,20,,1,,,,,,,4,121,,,,,,,,,,,,,,,,,,,,,892
236318,"Santa Cruz de Tenerife, Spain","Canary Islands, Spain",Spain,28.646593,-17.9438915,land,,2022-07-27,"Ambiente Europeo Canarias",30,,30,111.00,0.00,0.00,15,,,,,,,,,,,,,,,,,,,,,,,,,,,,,,,,,,,,,,,,,,,,,,,,,,,,,,,,,,
236319,"Santa Cruz de Tenerife, Spain","Canary Islands, Spain",Spain,28.646593,-17.9438915,land,,2022-07-27,"Ambiente Europeo Canarias",30,,30,88.50,0.00,0.00,12,,,,,,,,,,,,,,,,,,,,,,,,,,,,,,,,,,,,,,,,,,,,,,,,,,,,,,,,,,
236358,"Santa Cruz de Tenerife, Spain","Canary Islands, Spain",Spain,28.088722,-16.7392014,land,,2022-07-28,A,10,,10,56.41,0.00,0.00,,,7,,12,,,,15,1818,,,13,,,55,2,29,,5,,,,,,3,,,,3,,,6,,2,,5,97,2,,,2,,,,,,,,,,,,,,,,,2076
236413,"Santa Cruz de Tenerife, Spain","Canary Islands, Spain",Spain,28.09078226333,-16.742026722074,land,,2022-07-29,,8,,8,11.95,0.00,0.00,,,,6,4,6,,2,3,509,,,4,,6,10,,,,1,,,,,,2,,,,,,,,,,1,,,,,,,,,10,,,,,,,,,,,,,,564
236418,"Santa Cruz de Tenerife, Spain","Canary Islands, Spain",Spain,28.09084563053,-16.742067290486,land,,2022-07-29,,8,,8,9.35,0.00,0.00,,,1,,,1,,3,4,538,,,,,,36,,4,,1,,,,,,,,,1,,,,,2,,2,,,,,,,,,374,,,,,,,,,,,,,,967
236633,"Santa Cruz de Tenerife, Spain","Canary Islands, Spain",Spain,28.1220604,-16.7338211,land,,2022-08-02,A,7,,7,50.24,0.00,0.00,,2,,,8,5,,,28,715,6,,2,,4,34,,33,,3,,,,,,,,,,1,,,2,,,6,157,27,2,,,,,,,,,,,,,,,,,,,,1035
236641,"Santa Cruz de Tenerife, Spain","Canary Islands, Spain",Spain,28.090988039065,-16.741967042924,land,,2022-08-02,,7,,7,16.62,0.00,0.00,,5,9,,5,4,,11,15,182,,,,1,2,78,,6,2,,,,,,,,,,,,3,,,,,,8,88,,,,1,,,43,,,,,,,,,,,,,,463
236732,"Santa Cruz de Tenerife, Spain","Canary Islands, Spain",Spain,28.086988904899,-16.73746230051,land,,2022-08-04,,13,,13,33.29,0.00,0.00,,1,,,13,4,,5,22,1455,14,,16,1,,61,,20,,,,,,,,,,1,,,,,1,,3,4,44,157,,,,,,,233,,,,,,,,,,,,,,2055
236768,"Santa Cruz de Tenerife, Spain","Canary Islands, Spain",Spain,28.090790731077,-16.742027053109,land,,2022-08-05,,5,,5,30.61,0.00,0.00,,1,1,2,5,1,,2,25,285,,,,,1,4,,10,1,,,,,,,,,4,,,,,1,,,4,14,177,,,,1,,,,,,,,,,,,,,,,,539
236772,"Santa Cruz de Tenerife, Spain","Canary Islands, Spain",Spain,28.03328529877,-16.560291040807,land,,2022-08-05,AWDF,3,,3,21.82,0.00,0.00,,2,,4,3,3,7,,,60,,,,3,,3,,1,1,,,,3,,,1,4,,,,,,1,,2,,,60,5,,1,,,1,6,,,,,,,,,,,,,,171
236994,"Santa Cruz de Tenerife, Spain","Canary Islands, Spain",Spain,28.081727423489,-16.735834604325,land,,2022-08-08,gvibteens,28,,28,50.15,0.54,0.00,,,7,,1,3,2,2,1,742,1,,1,7,,3,1,5,,7,,,,,,1,,1,,,,,,,,,,1,,,,,,,30,,,,,,,,,,,,,,816
236995,"Santa Cruz de Tenerife, Spain","Canary Islands, Spain",Spain,28.081727423489,-16.735834604325,land,,2022-08-08,gvibteens,28,,28,49.18,0.00,0.00,,,,,1,3,2,2,7,338,,1,,,,19,,3,2,6,,,,,,4,,19,,,,,,,5,1,15,25,,,,,,,148,,,,,,,,,,,,,,601
237059,"Santa Cruz de Tenerife, Spain","Canary Islands, Spain",Spain,28.088351343785,-16.739002782867,land,,2022-08-09,GVI,7,,7,143.90,0.00,0.00,,3,17,7,58,,36,8,57,1551,66,14,23,3,2,106,,59,3,16,,,,,2,2,4,,,12,1,,,9,,18,19,13,,,,2,,,369,,,,,,,,,,,,,,2480
237147,"Santa Cruz de Tenerife, Spain","Canary Islands, Spain",Spain,28.079973422017,-16.734385695324,land,,2022-08-10,,24,,24,0.03,0.00,0.00,,,,,,,,,,524,,,,,,,,,,,,,,,,,,,,,,,,,,,,,,,,,,,,,,,,,,,,,,,,,524
237148,"Santa Cruz de Tenerife, Spain","Canary Islands, Spain",Spain,28.079973422017,-16.734385695324,land,,2022-08-10,,24,,24,310.91,0.08,0.00,,,5,1,14,2,,,6,1030,1,,,1,,,,3,5,7,,2,1,,,2,,1,,1,1,,1,1,,,,,,,1,,,,36,,,,,,,,,,,,,,1122
237183,"Santa Cruz de Tenerife, Spain","Canary Islands, Spain",Spain,28.079973422017,-16.734385695324,land,,2022-08-10,,24,,24,25.17,0.00,0.00,,,2,,2,,,1,3,1540,1,,,,,7,,1,2,3,,,,,,1,,,,,,,,,,,9,18,,,,,,,227,,,,,,,,,,,,,,1817
237184,"Santa Cruz de Tenerife, Spain","Canary Islands, Spain",Spain,28.079973422017,-16.734385695324,land,,2022-08-10,,24,,24,44.62,0.04,0.00,,,5,1,,6,,2,4,1225,1,,,,,4,,4,2,6,,,,,,1,,1,,1,,,,,,1,5,1,,,,,,,43,,,,,,,,,,,,,,1313
237347,"Santa Cruz de Tenerife, Spain","Canary Islands, Spain",Spain,28.090913378511,-16.742078782288,land,,2022-08-12,,5,,5,5.49,0.00,0.00,,1,,,4,1,,2,8,140,5,2,,,,20,,1,2,,,,,,,,,,,2,,,,,1,2,,,,,5,,,,106,,,,,,,,,,,,,,302
237387,"Santa Cruz de Tenerife, Spain","Canary Islands, Spain",Spain,28.1075926,-16.7297297,land,,2022-08-13,"tenerife base teens",9,,9,87.52,0.00,0.00,,1,1,1,5,,1,1,1,296,,,,,,19,3,3,,11,,,,,,7,,,,4,2,,,,,7,7,20,,,,1,,,580,,,,,,,,,,,,,,971
237463,"Costa Adeje, Santa Cruz de Tenerife, Spain","Canary Islands, Spain",Spain,28.079545059284,-16.735136432357,land,,2022-08-13,,19,,19,0.04,0.00,0.00,,,,,,,,,,700,,,,,,,,,,,,,,,,,,,,,,,,,,,,,,,,,,,30,,,,,,,,,,,,,,730
237464,"Santa Cruz de Tenerife, Spain","Canary Islands, Spain",Spain,28.077592717547,-16.729168432732,land,,2022-08-15,"tenerife base teens",22,,22,0.01,0.06,0.00,,,,,,,,,,,,,,,,,,,,,,,,,,,,,,,,,,,,,,,,,,,,,,,,,,,,,,,,,,,
237467,"Costa Adeje, Santa Cruz de Tenerife, Spain","Canary Islands, Spain",Spain,28.079067414882,-16.735132747887,land,,2022-08-15,,1,,1,11.30,0.01,0.00,,,,4,,,,,3,707,,,,4,,6,,4,,1,,,,,,,,,,,,,,,,,2,11,,,,,,,490,,,,,,,,,,,,,,1232
237468,"Santa Cruz de Tenerife, Spain","Canary Islands, Spain",Spain,28.1075926,-16.7297297,land,,2022-08-15,"tenerife base teens",22,,22,61.34,0.00,0.00,,,,1,16,58,,,1,643,,,,,,6,,,,8,,,,,,,,,,,,,,,,,2,11,,,,,,,74,,,,,,,,,,,,,,820
237469,"Costa Adeje, Santa Cruz de Tenerife, Spain","Canary Islands, Spain",Spain,28.079067414882,-16.735132747887,land,,2022-08-15,,1,,1,0.10,0.02,0.00,,,,,,,,,,200,,,,,,3,,,,,,,,,,,,,,,,,,,,,,,,,,,,,6,,,,,,,,,,,,,,209
237470,"Costa Adeje, Santa Cruz de Tenerife, Spain","Canary Islands, Spain",Spain,28.079545059284,-16.735136432357,land,,2022-08-13,,19,,19,2.90,0.58,0.00,,,6,4,,6,,2,,1267,3,,,,,2,,2,,,,,,,,,,,,1,,,,,,,,,,,,,,,7,,,,,,,,,,,,,,1300
237519,"Santa Cruz de Tenerife, Spain","Canary Islands, Spain",Spain,28.088518437012,-16.739003285781,land,,2022-08-16,,7,,7,11.71,0.21,0.00,,102,15,2,10,2,20,6,6,282,9,,10,11,1,6,,35,,,,,,,,10,,,,1,,,,4,1,9,3,,1,,,1,,2,150,,,,,,,,,,,,,,699
237522,"Santa Cruz de Tenerife, Spain","Canary Islands, Spain",Spain,28.08592790779,-16.736855284671,land,,2022-08-16,,7,,7,31.15,0.00,0.00,,,,,13,1,7,2,2,140,,,11,,,20,,2,1,4,,,,,,,,,,,,,1,,,2,,,,,,,,,85,,,,,,,,,,,,,,291
237636,"Santa Cruz de Tenerife, Spain","Canary Islands, Spain",Spain,28.095276155604,-16.733759501673,land,,2022-08-18,,6,,6,9.79,0.00,0.00,,1,,,5,6,6,27,14,879,11,,15,,1,47,2,7,1,,,,,,,,1,21,,4,,,,,,1,5,26,,,1,6,,,345,,,,,,,,,,,,,,1432
237682,"Santa Cruz de Tenerife, Spain","Canary Islands, Spain",Spain,28.090752968578,-16.742225624637,land,,2022-08-19,,4,,4,8.50,0.50,0.00,,,,,3,6,,4,10,410,,1,,,,30,,3,3,1,,,,,,,,,,,,,,,,,,1,,,,,,,180,,,,,,,,,,,,,,652
237884,"Costa Adeje, Santa Cruz de Tenerife, Spain","Canary Islands, Spain",Spain,28.081846087924,-16.736287675199,land,,2022-08-23,,5,,5,14.84,0.19,0.00,,1,1,1,11,10,31,25,47,787,10,,5,,,25,2,21,1,1,,,,,,,,3,,,1,1,,,4,4,,17,,2,,2,,1,232,,,,,,,,,,,,,,1246
237907,"Santa Cruz de Tenerife, Spain","Canary Islands, Spain",Spain,28.090764996622,-16.742058489487,land,,2022-08-23,,8,,8,51.56,0.00,0.00,,2,,,,5,17,5,6,320,1,,,,,,,8,,6,,,2,,,,,,,,,,,,1,1,1,22,,1,,,,,31,,,,,,,,,,,,,,429
237910,"Santa Cruz de Tenerife, Spain","Canary Islands, Spain",Spain,28.092348421937,-16.745993876845,land,,2022-08-23,,8,,8,6.24,0.00,0.00,,,2,1,1,1,,3,4,236,2,,1,,,,,1,,,,,1,,,,,,,,,,,,1,,,20,,,,,,,30,,,,,,,,,,,,,,304
238010,"Santa Cruz de Tenerife, Spain","Canary Islands, Spain",Spain,28.09487255439,-16.735328105262,land,,2022-08-25,A,5,,5,246.74,0.00,0.00,,35,40,8,16,38,63,24,9,1482,37,,25,1,6,108,2,,,,,1,11,2,,5,,8,1,5,1,5,,8,31,,13,214,,,,12,,,291,,,,,,,,,,,,,,2502
238011,"Santa Cruz de Tenerife, Spain","Canary Islands, Spain",Spain,28.09487255439,-16.735328105262,land,,2022-08-25,A,5,,5,18.16,0.24,0.00,,24,10,21,29,68,,42,8,2290,1,,5,1,,10,,3,1,,,,,,,,,,1,,2,,,,,,4,10,1,,,10,,,585,,,,,,,,,,,,,,3126
238344,"Santa Cruz de Tenerife, Spain","Canary Islands, Spain",Spain,28.08823529115,-16.73886531043,land,,2022-08-31,,5,,5,43.98,0.00,0.00,,2,,4,22,7,,8,11,710,2,,3,,,7,,7,,4,,,,,,,,,,2,,,4,,,6,6,35,4,,1,1,,,130,,,,,,,,,,,,,,976
238389,"Santa Cruz de Tenerife, Spain","Canary Islands, Spain",Spain,28.085917742018,-16.737070838005,land,,2022-09-01,,7,,7,33.05,0.00,0.00,,,5,,3,12,,5,,681,,1,5,,,29,,4,,4,,,,,,,,,,,,,,,,1,,20,,,,,,,120,,,,,,,,,,,,,,890
238809,"Santa Cruz de Tenerife, Spain","Canary Islands, Spain",Spain,28.085470752836,-16.736617444375,land,,2022-09-06,B,8,,8,61.76,0.29,0.00,,2,,2,19,7,,6,15,2325,1,,19,,,62,,39,1,5,,,,,,,,,,,2,,1,,3,1,3,138,,,2,,,,397,,,,,,,,,,,,,,3050
238972,"Santa Cruz de Tenerife, Spain","Canary Islands, Spain",Spain,28.088447609942,-16.739133372918,land,,2022-09-08,,12,,12,161.53,0.00,0.00,,,4,7,26,11,,7,10,1524,14,,7,,,32,,11,9,15,,,,,,,,,,,3,,1,,2,4,,324,,,3,,,,275,,,,,,,,,,,,,,2289
239058,"Madrid, Spain","Community of Madrid, Madrid, Spain",Spain,40.413009354724,-3.7292871017181,land,,2022-09-09,#Garnier,1,,1,0.13,0.00,0.00,,,,,1,2,,2,,17,,,,,,,,,,,,,,,,,,,,,,,,,,,,,,,,,,,,,,,,,,,,,,,,,22
239120,"Santa Cruz de Tenerife, Spain","Canary Islands, Spain",Spain,28.088738629608,-16.739581301824,land,,2022-09-09,,5,,5,12.88,0.00,0.00,,,1,,25,1,,,35,450,3,,10,,,,,31,10,,,,,,,,,,,,,,1,,,,,75,,,,,,,21,,,,,,,,,,,,,,663
239977,"Santa Cruz de Tenerife, Spain","Canary Islands, Spain",Spain,28.091328931067,-16.744023039953,land,,2022-09-13,,4,,4,3.80,0.00,0.00,,,,,4,1,,5,1,636,,,,,1,3,,3,,,,,,,,,,,,1,,,,,,1,,6,,6,3,,,,60,,,,,,,,,,,,,,731
240194,"Santa Cruz de Tenerife, Spain","Canary Islands, Spain",Spain,28.088518533982,-16.738732805598,land,,2022-09-15,,5,,5,62.14,0.00,0.00,,5,,21,25,2,,2,2,714,8,,42,,,33,,47,2,5,,,,,,9,,2,2,,1,,1,3,2,1,17,61,,,,,,,341,,,,,,,,,,,,,,1348
240555,"Granada, Spain","Andalusia, Spain",Spain,36.7429438,-3.5850658,land,,2022-09-16,,1,,1,1.14,0.00,0.00,,2,,,3,1,5,17,13,27,,,,2,,2,,,,,,,,,2,,,,,,,,,,,,,,,1,1,,,,,,,,,,,,,,,,,,76
244292,"Ciudad Real, Spain","Castile-La Mancha, Spain",Spain,38.999041789015,-3.9249580050574,land,,2022-09-18,,1,,1,1.16,0.00,0.00,,3,4,,13,2,,,,11,,,1,3,1,,1,,3,,,,,,,,,,,,,,,,,,,,,,,,,,,,,,,,,,,,,,,,42
244312,"Girona, Spain","Catalonia, Spain",Spain,42.007386956969,2.8256906773788,land,,2022-09-18,,1,,1,0.46,0.00,0.00,,1,,,,,1,,,1,,,1,,,3,,,,,,,,,1,,,,,,,1,,,2,,,1,,,,,,,,,,,,,,,,,,,,,12
244452,"Pontevedra, Spain","Galicia, Spain",Spain,42.209313749192,-8.7554115979777,land,,2022-09-18,,1,,1,0.88,0.19,0.00,,,,,,,,,2,,,,,,,4,,,,,,,,,,,1,1,,,6,,,1,,,,2,,,,,,,,,,,,,,,,,,,,,17
244703,"Santa Cruz de Tenerife, Spain","Canary Islands, Spain",Spain,28.088500541661,-16.739108730123,land,,2022-09-20,,8,,8,51.74,0.23,0.00,,,2,1,3,6,,12,8,1140,,,,,3,15,,8,1,2,,,,,,4,,,1,2,,,,,,,7,244,,1,,3,,1,250,,,,,,,,,,,,,,1714
244836,"Valencia, Spain","Valencian Community, Spain",Spain,39.493939876556,-0.371915102005,land,,2022-09-21,Garnier,1,,1,33.63,0.00,0.00,,1,,1,3,1,1,,,8,2,,,,1,,,,,,1,,4,1,1,1,,,,,,,,,,1,,2,,,,,,,8,,,,,,,,,,,,,,37
245126,"Ciudad Real, Spain","Castile-La Mancha, Spain",Spain,38.993378515685,-3.9274547515839,land,,2022-09-22,Garnier,1,,1,2.83,0.00,0.00,,11,,2,18,6,4,,,,,,,8,,,,,,,,,,,,,,,,,,,,,,,,,,,,,,,,,,,,,,,,,,,,,49
245474,"Jaén, Spain","Andalusia, Spain",Spain,38.008536455185,-3.3740707142019,land,,2022-09-23,#Garnier,1,,1,1.16,0.00,0.00,,3,,1,2,2,,1,,,1,1,,1,,,,1,,,,,,,1,1,1,,,,,,,,,,,,,,,,,,,,,,,,,,,,,,,,16
245641,"Madrid, Spain","Community of Madrid, Madrid, Spain",Spain,40.450642741882,-3.7920158811987,land,,2022-09-24,"GARNIER SPAIN",1,,1,5.33,0.01,0.00,,3,5,2,4,14,,4,9,14,2,5,10,,,6,,1,1,,,,,,4,6,1,1,2,,1,6,,1,3,,2,,3,,1,2,,1,3,,,,,,,,,,,,,,117
247080,"Lleida, Spain","Catalonia, Spain",Spain,42.359480261622,1.4580324041102,land,,2022-09-26,,1,,1,0.01,0.00,0.00,,,,,,,,,,,,,,,,,,,,,,,,,,,,,,,,,,,,,,,,,,,,,,,,,,,,,,,,,,,
247081,"Lleida, Spain","Catalonia, Spain",Spain,42.35945591707,1.4581053145243,land,,2022-09-26,#Garnier,1,,1,20.86,0.00,0.00,,,,,1,,,,,,,,,,,,,,1,,,,,1,5,,,,,2,,,,,,,,,1,,,,,,,,,,,,,,,,,,,,11
247198,"Santa Cruz de Tenerife, Spain","Canary Islands, Spain",Spain,28.087818059959,-16.738198857361,land,,2022-09-27,"tenerife base core",4,,4,216.54,0.54,0.00,,,,,,3,,8,3,908,1,,6,,,68,,6,,26,,,,,,14,,,,1,,,,,,,21,201,,2,,,,,717,,,,,,,,,,,,,,1985
247424,"Costa Adeje, Santa Cruz de Tenerife, Spain","Canary Islands, Spain",Spain,28.088014704769,-16.738911417415,land,,2022-09-29,,7,,7,131.31,0.00,0.00,,4,1,1,3,4,,7,24,991,2,,10,25,,30,1,4,6,13,,,,,,1,,6,,4,,,2,,,5,67,163,2,,1,,,,350,,,,,,,,,,,,,,1727
247688,"Madrid, Spain","Community of Madrid, Madrid, Spain",Spain,40.440903854162,-3.6503767391771,land,,2022-10-02,Garnier,2,,2,28.95,0.00,0.00,,15,8,11,20,13,2,10,20,51,6,2,1,10,10,10,20,10,2,,,,1,,6,2,2,9,30,10,1,2,21,21,2,,1,3,1,,,10,,,1,,,,,,,,,,,,,,344
247710,"Murcia, Spain","Region of Murcia, Murcia, Spain",Spain,37.9922399,-1.1306544,land,,2022-10-02,LIMPIOS,1,,1,0.41,0.00,0.00,,,,,1,3,,,,,,,,,4,,,,,,,,,,,,,,,,,,,,,,,,,,,1,,,,,,,,,,,,,,,,,9
247782,"Santa Cruz de Tenerife, Spain","Canary Islands, Spain",Spain,28.087649636047,-16.738388264308,land,,2022-10-03,,7,,7,114.84,0.26,0.00,,,3,1,5,5,,21,17,1679,,3,3,,2,1,2,8,,12,,,,,,20,,3,10,3,,,,,1,2,8,173,2,3,,5,,3,247,,,,,,,,,,,,,,2242
248018,"Santa Cruz de Tenerife, Spain","Canary Islands, Spain",Spain,28.088064968611,-16.738702357121,land,,2022-10-06,,8,,8,97.80,0.00,0.00,,2,3,5,2,3,,6,20,1364,3,1,4,,1,164,2,15,3,7,1,,,,,1,,,,4,2,,2,,,9,36,202,,,,,,1,120,,,,,,,,,,,,,,1983
248020,"Cáceres, Spain","Extremadura, Spain",Spain,39.8935644,-5.5329619,land,,2022-10-06,"Las supernenas",4,,4,7.50,0.00,0.00,1,,,,,,,,,,,,,,,,,,,,,,,,,,,,,,,,,,,,,,,,,,,,,,,,,,,,,,,,,,
248155,"Valencia, Spain","Valencian Community, Spain",Spain,39.447917256413,-0.33500187924617,land,,2022-10-08,lucialopez,1,,1,39.62,0.00,0.00,,3,3,6,6,4,5,1,13,15,,,,,,7,,,,5,,,,,3,2,2,1,,,,,,,,,,,,,,,,,,,,,,,,,,,,,,,76
248308,"Santa Cruz de Tenerife, Spain","Canary Islands, Spain",Spain,28.087043303247,-16.737614959423,land,,2022-10-10,,9,,9,89.03,0.13,0.00,,3,3,3,3,2,,19,17,1614,,,4,,,237,2,13,4,5,2,,,,,51,,,,4,,,1,,,4,91,167,,,,,,,375,,,,,,,,,,,,,,2624
248529,"Santa Cruz de Tenerife, Spain","Canary Islands, Spain",Spain,28.087478487461,-16.738013107853,land,,2022-10-13,,8,,8,100.94,0.08,0.00,,1,,1,3,,,4,8,853,,,4,1,,55,1,3,,12,,,,,,15,,,1,4,,,2,,,,3,75,,,,1,,,480,,,,,,,,,,,,,,1527
249012,"Santa Cruz de Tenerife, Spain","Canary Islands, Spain",Spain,28.088028355012,-16.738742345079,land,,2022-10-18,,8,,8,46.89,0.00,0.00,,1,5,1,3,8,2,5,8,1070,1,1,5,,,33,1,8,,3,,,,,,17,,1,,18,,,,,,6,28,70,,,,,,2,255,,,,,,,,,,,,,,1552
249024,"Santa Cruz de Tenerife, Spain","Canary Islands, Spain",Spain,28.077873635186,-16.73354966111,land,,2022-10-18,gvibteens,19,,19,2.53,0.22,0.00,,,4,,,,3,1,7,1234,3,1,,1,,13,1,3,1,,,,,,,2,,,,,,,,5,2,2,1,,,,,,1,,4,,,,,,,,,,,,,,1289
249026,"Santa Cruz de Tenerife, Spain","Canary Islands, Spain",Spain,28.077873635186,-16.73354966111,land,,2022-10-18,gvibteens,19,,19,6.92,0.30,0.00,,,2,3,,,1,3,,,1,,,,,2,,10,5,,,,,,,,,,,1,2,,1,,2,,1,29,1,,,,,,2,,,,,,,,,,,,,,66
249222,"Santa Cruz de Tenerife, Spain","Canary Islands, Spain",Spain,28.081812575295,-16.733330400892,land,,2022-10-21,gvibteens,20,,20,14.68,0.38,0.00,,25,13,10,15,21,4,,3,1039,24,,2,1,1,15,2,4,1,,1,,1,,,2,,1,,4,2,,1,1,11,,,,,,,,,,,,,,,,,,,,,,,,1204
249459,"Santa Cruz de Tenerife, Spain","Canary Islands, Spain",Spain,28.077218206077,-16.730232980283,land,,2022-10-23,gvibteens,18,,18,5.58,1.31,0.00,,3,2,4,13,3,2,3,1,,34,,8,,,16,2,,,,,,,,,1,,,,1,1,,2,,4,,,,,,,4,,,,,,,,,,,,,,,,,104
249494,"Santa Cruz de Tenerife, Spain","Canary Islands, Spain",Spain,28.088334621875,-16.738982666299,land,,2022-10-24,,8,,8,58.79,0.00,0.00,,,13,,3,,,2,15,1066,1,,13,,,25,1,,2,3,,,,,,10,,,,1,,,6,,3,11,72,128,,,,,,,750,,,,,,,,,,,,,,2125
249532,"Alicante, Spain","Valencian Community, Spain",Spain,38.4449124,-0.4393532,land,,2022-10-24,,1,,1,22.71,0.00,0.00,,1,,,,,,,,,,,,,,,,15,,,,,1,1,,,,,,,,,,,,,,,,,,,,,,,,,,,,,,,,,,,18
249859,"Santa Cruz de Tenerife, Spain","Canary Islands, Spain",Spain,28.087043764587,-16.737694833836,land,,2022-10-28,,5,,5,0.01,0.12,0.00,,,,,,,,,,,,,,,,,,,,,,,,,,,,,,,,,,,,,,,,,,,,,,,,,,,,,,,,,,,
249863,"Santa Cruz de Tenerife, Spain","Canary Islands, Spain",Spain,28.088347406688,-16.739006045112,land,,2022-10-28,,5,,5,37.99,0.00,0.00,,,55,,1,3,4,15,,984,4,2,,,,,,1,,4,,,,,,,,1,,4,,,,,,5,13,21,,,,,,,135,,,,,,,,,,,,,,1252
250010,"Alicante, Spain","Valencian Community, Spain",Spain,38.29990674,-0.51914363,land,,2022-10-29,,2,,2,1.55,0.68,0.00,,1,5,,3,2,,,4,1,,1,4,,1,3,1,,,,,,,,,1,,12,,1,,,,,2,,3,,,,,1,,,28,,,,,,,,,,,,,,74
250654,"Santa Cruz de Tenerife, Spain","Canary Islands, Spain",Spain,28.088340866406,-16.738964896665,land,,2022-11-01,,9,,9,131.33,0.00,0.00,,,,7,6,2,,5,29,1057,4,,9,,,61,2,10,,9,,,3,1,,,,8,,4,,,1,,,4,27,193,,,,,,,155,,,,,,,,,,,,,,1597
250889,"Málaga, Spain","Andalusia, Spain",Spain,36.6823955,-4.4628773,underwater,,2022-11-04,"Ocean Love Academy",1,,1,2.00,0.00,0.00,1,,,,,,,,,,,,,,,,,,,,,,,,,,,,,,,,,,,,,,,,,,,,,,,,,,,,,,,,,,
251217,"Guadalajara, Spain","Castile-La Mancha, Spain",Spain,40.59979101,-3.06938807,land,,2022-11-07,,1,,1,1.28,0.00,0.00,,,,,,,,,7,,,,,,,,,,,,1,,,,,,,,,,,,,,,,,,,,,,,,1,,,,,,,,,,,,,,9
251294,"Santa Cruz de Tenerife, Spain","Canary Islands, Spain",Spain,28.088310020989,-16.738999346287,land,,2022-11-08,,7,,7,30.42,0.00,0.00,,,3,,2,1,,,17,1481,1,,,,,58,,5,2,2,,,,,1,,,,,3,,,4,,,3,18,56,,,,,,,330,,,,,,,,,,,,,,1987
251416,"Santa Cruz de Tenerife, Spain","Canary Islands, Spain",Spain,28.094938564823,-16.734840090875,land,,2022-11-10,,7,,7,44.32,0.01,0.00,,9,4,9,35,95,3,9,18,2505,7,,1,,21,363,2,2,,,,,,,,,,3,,2,,,,,,,1,152,,,,12,,2,1,,,,,,,,,,,,,,3256
251684,"Alicante, Spain","Valencian Community, Spain",Spain,38.4449445,-0.4393645,land,,2022-11-12,,1,,1,0.01,0.00,0.00,,,,,,,,,,,,,,,,,,,,,,,,,,,,,,,,,,,,,,,,,,,,,,,,,,,,,,,,,,,
251685,"Alicante, Spain","Valencian Community, Spain",Spain,38.4449613,-0.4393655,land,,2022-11-12,,1,,1,0.90,0.00,0.00,,1,1,1,,1,1,,15,,1,2,1,1,1,1,1,2,1,,,,,,,,,,,,,,,,,,,,,,,,,,,,,,,,,,,,,,,,31
251761,"Alicante, Spain","Valencian Community, Spain",Spain,38.42248215,-0.39087176,land,,2022-11-13,,1,,1,0.01,0.00,0.00,,,,,,,,,,,,,,,,,,,,,,,,,,,,,,,,,,,,,,,,,,,,,,,,,,,,,,,,,,,
251762,"Alicante, Spain","Valencian Community, Spain",Spain,38.4449629,-0.4393657,land,,2022-11-13,,1,,1,2.20,0.00,0.00,,1,1,1,,3,1,,1,2,,,,,,,,4,,,1,,,,1,1,1,,,,,,,,,,,,,,,,,,5,,,,,,,,,,,,,,23
251825,"Alicante, Spain","Valencian Community, Spain",Spain,38.3812898,-0.5247216,land,,2022-11-14,,1,,1,642.78,0.00,0.00,,1,,,,,,,,,,,,,,,,,,,,5,1,,1,1,,,,,,,,,,,,,,,,,,,,,,,,,,,,,,,,,9
251879,"Santa Cruz de Tenerife, Spain","Canary Islands, Spain",Spain,28.088121637716,-16.738750906677,land,,2022-11-15,,8,,8,110.23,0.00,0.00,,,9,2,5,3,,38,10,1439,2,,10,,2,137,3,9,1,2,,,2,,,,3,2,2,10,2,,,1,2,12,13,89,,,,2,1,,16,,,,,,,,,,,,,,1829
252423,"Santa Cruz de Tenerife, Spain","Canary Islands, Spain",Spain,28.08841115064,-16.738905556422,land,,2022-11-22,,8,,8,116.85,0.00,0.00,,,,3,9,12,1,29,11,908,13,,12,,,100,5,8,1,13,,,,,,,,,1,1,2,,1,,2,10,13,88,,,,,,,16,,,,,,,,,,,,,,1259
252573,"Santa Cruz de Tenerife, Spain","Canary Islands, Spain",Spain,28.094978993112,-16.734848836077,land,,2022-11-24,,8,,8,57.81,0.01,0.00,,7,14,9,51,70,,3,8,1291,7,,5,2,2,206,,2,,,,,1,,3,,,,,4,1,,,,,3,13,243,1,,,,,,,,,,,,,,,,,,,,1946
252863,"Santa Cruz de Tenerife, Spain","Canary Islands, Spain",Spain,28.088071142822,-16.738726054366,land,,2022-11-29,,9,,9,16.02,0.10,0.00,,1,70,,4,3,8,13,25,1378,4,,4,,1,31,8,6,2,,,,1,,,,1,3,,6,,,,,1,2,10,38,1,,,,,,145,,,,,,,,,,,,,,1766
252948,"Las Palmas, Spain","Canary Islands, Spain",Spain,29.0468535,-13.5899733,land,,2022-11-30,"paddle board session",5,,5,2.00,0.00,0.00,1,,,,,,,,,,,,,,,,,,,,,,,,,,,,,,,,,,,,,,,,,,,,,,,,,,,,,,,,,,
253022,"Santa Cruz de Tenerife, Spain","Canary Islands, Spain",Spain,28.094852014474,-16.734781319,land,,2022-12-01,,6,,6,27.40,0.00,0.00,,1,8,2,6,10,4,10,2,692,5,2,3,2,2,127,7,3,1,,,,1,,,1,,1,1,3,1,1,1,1,3,1,2,114,,,,,,,,,,,,,,,,,,,,,1018
253468,"Santa Cruz de Tenerife, Spain","Canary Islands, Spain",Spain,28.088899187835,-16.738747870711,land,,2022-12-05,,6,,6,52.83,0.00,0.00,,1,,2,,,13,7,30,1116,2,,,,,11,9,1,2,2,,,5,,,6,,,,3,,,,,,4,107,52,,,,2,,,907,,,,,,,,,,,,,,2282
254484,"Santa Cruz de Tenerife, Spain","Canary Islands, Spain",Spain,28.088174690848,-16.738792760906,land,,2022-12-08,,10,,10,466.42,0.00,0.00,,6,3,2,32,4,2,14,144,1287,2,3,24,1,3,152,17,8,4,1,,2,43,,,261,,3,164,8,,,8,,6,28,197,80,2,,,3,1,9,117,,,,,,,,,,,,,,2641
255238,"Santa Cruz de Tenerife, Spain","Canary Islands, Spain",Spain,28.08830143,-16.73899936,land,,2022-12-13,GVI,9,,9,96.30,0.52,0.00,,9,,3,5,8,1,5,17,1350,9,,10,,,25,,5,,2,,,20,,,,,,,23,,,1,,3,8,23,74,,,,3,,,309,,,,,,,,,,,,,,1913
255380,"Santa Cruz de Tenerife, Spain","Canary Islands, Spain",Spain,28.09510009,-16.73493963,land,,2022-12-15,GVI,8,,8,85.28,0.26,0.00,,2,10,24,40,97,,12,15,1288,8,,26,,,119,1,1,,,,,,,,,,,,5,1,,1,,51,18,7,352,,,,7,,,43,,,,,,,,,,,,,,2128
255827,"Santa Cruz de Tenerife, Spain","Canary Islands, Spain",Spain,28.094845286628,-16.734797073177,land,,2022-12-20,"GVI Teneriffe",1,,1,97.28,0.00,0.00,,1,62,20,25,50,34,16,13,1024,27,10,99,4,40,272,3,9,,2,,,6,,,9,8,1,,,,3,4,17,34,11,41,139,7,,,8,,,81,,,,,,,,,,,,,,2080
255982,"Santa Cruz de Tenerife, Spain","Canary Islands, Spain",Spain,28.08836939,-16.73901674,land,,2022-12-22,GVI,4,,4,25.91,0.22,0.00,,,,6,11,2,,7,6,1000,1,,15,,,111,,18,,,,,,,,2,,,,8,,,,,5,8,21,64,,,,,,,150,,,,,,,,,,,,,,1435
256621,"Santa Cruz de Tenerife, Spain","Canary Islands, Spain",Spain,28.09493849,-16.73369747,land,,2023-01-04,GVI,4,,4,82.59,0.00,0.00,,,,,25,9,,26,21,1392,7,,5,,,82,,33,1,,,,,,,,,4,,1,,1,2,,18,13,288,250,1,,,,,,102,,,,,,,,,,,,,,2281
257061,"Santa Cruz de Tenerife, Spain","Canary Islands, Spain",Spain,28.0876072,-16.73821277,land,,2023-01-10,GVI,9,,9,1.62,0.01,0.00,,5,,,,,,,,,,,,,,,,,,,,,,,,,,,,,,,,,7,,,10,,,,,,,,,,,,,,,,,,,,,22
257063,"Santa Cruz de Tenerife, Spain","Canary Islands, Spain",Spain,28.0876072,-16.73821277,land,,2023-01-10,GVI,9,,9,62.48,0.34,0.00,,,4,9,16,20,6,10,19,2334,8,,35,1,3,76,,25,2,,,,,,,1,,,9,3,1,,,1,16,4,116,248,,,,,,,198,,,,,,,,,,,,,,3165
257283,"Santa Cruz de Tenerife, Spain","Canary Islands, Spain",Spain,28.092089192093,-16.732853812612,land,,2023-01-12,A,9,,9,52.14,0.27,0.00,,6,18,24,49,65,6,12,3,350,3,12,16,3,5,90,4,2,,,,,,,,4,1,1,,4,,,,5,48,1,1,181,1,,1,21,,1,176,,,,,,,,,,,,,,1114
257498,"Santa Cruz de Tenerife, Spain","Canary Islands, Spain",Spain,28.08834329,-16.73894632,land,,2023-01-16,GVI,7,,7,47.72,0.00,0.00,,1,1,3,11,11,5,30,24,1691,3,,7,,,54,,19,4,,,,,,,1,,2,3,8,1,,4,,6,3,63,208,,,,,,,89,,,,,,,,,,,,,,2252
257974,"Santa Cruz de Tenerife, Spain","Canary Islands, Spain",Spain,28.088352498082,-16.738999584136,land,,2023-01-23,,1,,1,35.21,0.71,0.00,,10,26,7,6,6,11,10,10,2312,7,4,14,6,7,33,7,16,4,,3,,3,,,2,7,2,,6,2,,6,8,6,7,35,2,2,1,,7,1,4,271,,,,,,,,,,,,,,2871
257980,"Santa Cruz de Tenerife, Spain","Canary Islands, Spain",Spain,28.0931981,-16.7341938,land,,2023-01-24,GVI,5,,5,165.36,0.00,0.00,,21,8,66,108,103,,12,20,477,51,,152,,,200,,17,1,,,,3,1,,1,1,,,,5,,,3,58,,192,411,,,,18,,3,,,,,,,,,,,,,,,1932
258063,"Santa Cruz de Tenerife, Spain","Canary Islands, Spain",Spain,28.088278640309,-16.738996170288,land,,2023-01-26,"GVI Teneriffe",5,,5,97.04,0.60,0.00,,4,12,3,16,4,10,11,8,2204,5,10,5,27,4,35,,24,3,4,,,3,,1,,9,6,2,15,,,2,6,15,3,276,77,,,,2,,,306,,,,,,,,,,,,,,3112
258068,"Santa Cruz de Tenerife, Spain","Canary Islands, Spain",Spain,28.09491402,-16.73528009,land,,2023-01-26,GVI,5,,5,88.57,0.21,0.00,,1,28,32,25,56,3,8,7,403,12,,34,,,96,,6,,,,,,,,,,,,4,2,,,2,31,2,106,343,1,1,,2,,1,4,,,,,,,,,,,,,,1210
258306,"Barcelona, Spain","Catalonia, Spain",Spain,41.2348202,1.8069826,land,,2023-01-27,RGANYD23,4,,4,30.00,0.00,0.00,2,,,,,,,,,,,,,,,,,,,,,,,,,,,,,,,,,,,,,,,,,,,,,,,,,,,,,,,,,,
259852,"Santa Cruz de Tenerife, Spain","Canary Islands, Spain",Spain,28.090977235546,-16.742215734376,land,,2023-02-01,"GVI Teneriffe",30,,30,26.38,0.89,0.00,,1,2,,4,3,1,3,5,915,1,,1,,,59,,4,2,,,,1,,,,,1,,,2,,,2,2,,19,135,,,,,,,87,,,,,,,,,,,,,,1250
259853,"Santa Cruz de Tenerife, Spain","Canary Islands, Spain",Spain,28.090977235546,-16.742215734376,land,,2023-02-01,"GVI Teneriffe",30,,30,8.35,0.59,0.00,,2,1,1,4,5,2,6,2,1596,,,3,,1,14,,4,1,,,,1,,,1,,,,1,1,,1,,3,1,1,150,,,,,,,,,,,,,,,,,,,,,1802
259854,"Santa Cruz de Tenerife, Spain","Canary Islands, Spain",Spain,28.090977235546,-16.742215734376,land,,2023-02-01,"GVI Teneriffe",30,,30,64.59,1.04,0.00,,,31,2,2,1,8,6,5,271,,3,7,1,2,7,1,1,1,8,,,,,1,1,,1,,2,,,,1,,,40,2,,,,,,,57,,,,,,,,,,,,,,462
259913,"Santa Cruz de Tenerife, Spain","Canary Islands, Spain",Spain,28.094554058744,-16.733858072005,land,,2023-02-02,GVI,8,,8,101.25,0.06,0.00,,,22,28,29,47,5,25,18,1550,,7,45,1,4,170,8,3,2,1,,,3,,,,1,,,5,1,,,5,23,2,113,311,1,1,,5,,1,58,,,,,,,,,,,,,,2495
260888,"Alicante, Spain","Valencian Community, Spain",Spain,38.390984886175,-0.33215636989183,land,freshwater,2022-10-26,"Clean Shores Calpe - KNB",2,,2,132.28,0.01,0.00,6,,,,,,,,,,,,,,,,,,,,,,,,,,,,,,,,,,,,,,,,,,,,,,,,,,,,,,,,,,
261227,"Las Palmas, Spain","Canary Islands, Spain",Spain,27.813185105496,-15.743300334044,land,saltwater,2022-02-16,"Clean Shores Mogan - KNB",2,,2,88.18,0.01,0.00,4,,,,,,,,,,,,,,,,,,,,,,,,,,,,,,,,,,,,,,,,,,,,,,,,,,,,,,,,,,
261240,"Las Palmas, Spain","Canary Islands, Spain",Spain,27.788915817059,-15.715349789605,land,saltwater,2022-02-19,"Clean Shores Mogan - KNB",2,,2,88.18,0.01,0.00,4,,,,,,,,,,,,,,,,,,,,,,,,,,,,,,,,,,,,,,,,,,,,,,,,,,,,,,,,,,
264878,"Santa Cruz de Tenerife, Spain","Canary Islands, Spain",Spain,28.09485842,-16.73529509,land,,2023-02-21,GVI,9,,9,50.46,0.17,0.00,,14,25,16,38,52,2,5,5,401,,14,4,,1,112,,,,,,,,,1,,,,,4,1,,,1,20,,167,85,,,,1,,,,,,,,,,,,,,,,,969
265158,"Málaga, Spain","Andalusia, Spain",Spain,36.574948782595,-4.6579310707012,land,,2022-05-04,"Go Green",5,,5,0.01,0.00,0.00,,,,,,,,,,,,,,,,,,,,,,,,,,,,,,,,,,,,,,,,,,,,,,,,,,,,,,,,,,,
265197,"Madrid, Spain","Community of Madrid, Madrid, Spain",Spain,40.4167754,-3.7037902,land,,2022-05-11,"amex spain 3",3,,3,4.48,0.00,0.00,,10,1,3,13,4,17,6,10,2,3,9,,5,11,19,,5,,,,,,,,,,,,,,,,,,,,,,,,,,,,,,,,,,,,,,,,,118
265238,"Santa Cruz de Tenerife, Spain","Canary Islands, Spain",Spain,28.088553832254,-16.603640483485,land,,2022-05-16,dys,1,,1,0.04,0.00,0.00,,,,,,,4,,,,,,,,,,,,,,,,,,,,,,,,,,,,,,,,,,,,,,,,,,,,,,,,,,,,4
265243,"Santa Cruz de Tenerife, Spain","Canary Islands, Spain",Spain,28.08852636926,-16.603456207545,land,,2022-05-17,,1,,1,0.10,0.00,0.00,,,,,,1,,1,,,,,,,1,,,,,,,,,,,,,,,,,,,,,,,,,,,,,,,,,,,,,,,,,,,,3
265813,"Málaga, Spain","Andalusia, Spain",Spain,36.724133919078,-4.3609866665894,land,,2022-07-17,,20,,20,0.01,0.00,0.00,,,,,,,,,,,,,,,,,,,,,,,,,,,,,,,,,,,,,,,,,,,,,,,,,,,,,,,,,,,
266102,"Madrid, Spain","Community of Madrid, Madrid, Spain",Spain,40.407804191301,-3.6660908485289,land,,2022-08-25,Garnier,1,,1,0.01,0.00,0.00,,,,,,,,,,,,,,,,,,,,,,,,,,,,,,,,,,,,,,,,,,,,,,,,,,,,,,,,,,,
266891,"Barcelona, Spain","Catalonia, Spain",Spain,41.523737588553,2.1224453460139,land,,2022-09-16,#Garnier,3,,3,0.01,0.01,0.00,,,,,,,,,,,,,,,,,,,,,,,,,,,,,,,,,,,,,,,,,,,,,,,,,,,,,,,,,,,
268158,"Madrid, Spain","Community of Madrid, Madrid, Spain",Spain,40.4440627,-3.8058517,land,,2022-09-21,#garnier,1,,1,1.53,0.00,0.00,,3,2,2,1,1,,,,,,1,,,1,,,1,,,,,,,,,1,,,,,,,,,,,,,,,,,,,,,,,,,,,,,,,,13
268160,"Alicante, Spain","Valencian Community, Spain",Spain,38.2699329,-0.7125608,land,,2022-09-21,,1,,1,0.13,0.00,0.00,,2,,,,2,,,,,,,,,,1,,,,,,,,,,,,,,,,,,,,,,,,,,,,,,,,,,,,,,,,,,,5
268295,"Madrid, Spain","Community of Madrid, Madrid, Spain",Spain,40.38749,-3.66017,land,,2022-09-23,Val,3,,3,0.01,0.08,0.00,,,,,,,,,,,,,,,,,,,,,,,,,,,,,,,,,,,,,,,,,,,,,,,,,,,,,,,,,,,
268487,"Seville, Spain","Andalusia, Spain",Spain,37.287704528276,-6.0508609843956,land,,2022-09-25,"GARNIER SPAIN",2,,2,0.01,0.00,0.00,,,,,,,,,,,,,,,,,,,,,,,,,,,,,,,,,,,,,,,,,,,,,,,,,,,,,,,,,,,
268595,"Santa Cruz de Tenerife, Spain","Canary Islands, Spain",Spain,28.48212118,-16.31744393,land,,2022-10-03,"GARNIER SPAIN",1,,1,0.01,0.00,0.00,,,,,,,,,,,,,,,,,,,,,,,,,,,,,,,,,,,,,,,,,,,,,,,,,,,,,,,,,,,
269279,"Alicante, Spain","Valencian Community, Spain",Spain,38.38133482,-0.52470447,land,,2022-11-14,,1,,1,0.01,0.00,0.00,,,,,,,,,,,,,,,,,,,,,,,,,,,,,,,,,,,,,,,,,,,,,,,,,,,,,,,,,,,
269621,"Alicante, Spain","Valencian Community, Spain",Spain,38.34694668626,-0.48261243166979,land,,2022-12-23,,1,,1,0.01,0.00,0.00,,,,,,,,,,,,,,,,,,,,,,,,,,,,,,,,,,,,,,,,,,,,,,,,,,,,,,,,,,,
270153,"Santa Cruz de Tenerife, Spain","Canary Islands, Spain",Spain,28.088290994056,-16.738942768425,land,,2023-02-23,A,11,,11,125.14,0.13,0.00,,8,1,3,20,10,,14,18,4159,,19,14,,3,90,2,12,1,,,,22,,,8,1,2,1,16,2,3,1,,21,4,184,195,2,,,,,,136,,,,,,,,,,,,,,4972
270399,"Santa Cruz de Tenerife, Spain","Canary Islands, Spain",Spain,28.08831562,-16.73900394,land,,2023-02-27,"St Stephen's GVI",25,,25,4.46,0.13,0.00,,,4,5,3,2,,1,2,93,1,4,,2,,,1,1,,,,,,,,4,,,1,,,,,,,1,2,2,,,,,,1,1,,,,,,,,,,,,,,131
270401,"Santa Cruz de Tenerife, Spain","Canary Islands, Spain",Spain,28.087802042261,-16.738345091318,land,,2023-02-27,"st stephen gvi",6,,6,6.73,0.01,0.00,,,9,,5,1,,1,2,75,1,3,,1,1,,,2,,,,,2,,,,,2,,,,,,,1,,4,1,,,,2,,,,,,,,,,,,,,,,,113
270403,"Santa Cruz de Tenerife, Spain","Canary Islands, Spain",Spain,28.08831562,-16.73900394,land,,2023-02-27,"St Stephen's GVI",25,,25,12.20,0.00,0.00,,,6,,5,3,3,,4,,2,,4,,,2,1,3,,,,,2,,,1,1,,,1,,,,1,1,,,34,,,1,,,,1,,,,,,,,,,,,,,76
270451,"Santa Cruz de Tenerife, Spain","Canary Islands, Spain",Spain,28.09496848,-16.73483972,land,,2023-02-28,GVI,7,,7,38.56,0.00,0.00,,1,10,10,16,34,3,,3,1126,,5,2,,,3,3,,,,,,1,,,,,,5,3,,,1,3,,,110,88,,,1,3,,,,,,,,,,,,,10,,,,1441
270545,"Santa Cruz de Tenerife, Spain","Canary Islands, Spain",Spain,28.08831562,-16.73900394,land,,2023-02-27,"St Stephen's GVI",25,,25,12.50,0.59,0.00,,,27,2,1,1,,3,1,439,,1,2,,4,5,2,4,2,,,,2,,,,,,,6,1,,,,,,3,18,,,,,,,18,,,,,,,,,,,,,,542
270551,"Santa Cruz de Tenerife, Spain","Canary Islands, Spain",Spain,28.08831562,-16.73900394,land,,2023-02-27,"St Stephen's GVI",25,,25,30.75,0.59,0.00,,,31,4,3,2,3,15,3,1859,,3,5,,4,25,8,21,4,,,,2,,,,,,,10,1,1,,,2,1,22,102,,1,,2,,1,30,,,,,,,,,,,,,,2165
270552,"Santa Cruz de Tenerife, Spain","Canary Islands, Spain",Spain,28.080692886338,-16.735738890097,land,,2023-03-01,"st stephen gvi",2,,2,167.69,0.00,0.00,,2,6,2,1,11,,3,2,32,2,1,3,,,12,1,5,,3,,1,3,,,,,2,1,,,,,,2,2,13,42,,,,1,1,,,,,,,,,,,,,,,,154
270591,"Santa Cruz de Tenerife, Spain","Canary Islands, Spain",Spain,28.080692886338,-16.735738890097,land,,2023-03-01,"st stephen gvi",2,,2,149.16,0.00,0.00,,,14,2,4,12,4,1,7,51,4,17,2,1,,10,5,6,,1,,1,1,,1,,,3,,2,,,2,,1,2,1,42,,1,,1,,,2,,,,,,,,,,,,,,201
270840,"Santa Cruz de Tenerife, Spain","Canary Islands, Spain",Spain,28.088535179217,-16.738813588537,land,,2023-03-02,GVI,11,,11,85.51,1.07,0.00,,1,3,7,9,8,,11,19,2927,,3,5,,,123,3,26,,4,,,2,,,1,,1,,9,,,1,,12,,128,171,,,,,,,115,,,,,,,,,,,,,,3589
270869,"Madrid, Spain","Community of Madrid, Madrid, Spain",Spain,40.446608779144,-3.6534746806803,land,,2023-03-03,,1,,1,0.01,0.00,0.00,,,,,,,,,,,,,,,,,,,,,,,,,,,,,,,,,,,,,,,,,,,,,,,,,,,,,,,,,,,
270894,"Santa Cruz de Tenerife, Spain","Canary Islands, Spain",Spain,28.09177185,-16.73282901,land,,2023-03-07,GVI,18,,18,88.33,0.00,0.00,,28,11,54,55,44,7,5,2,903,1,5,66,2,3,57,,7,2,,,,1,,,,,,,5,3,,6,2,,,83,239,3,,,4,,1,,,,,,,,,,,19,,,,1618
271019,"Santa Cruz de Tenerife, Spain","Canary Islands, Spain",Spain,28.0884115316,-16.739019952991,land,,2023-03-09,GVI,14,,14,91.31,0.00,0.00,,1,4,,13,2,,5,15,3160,,2,13,,1,76,1,12,1,7,,,2,,,2,,,,5,,2,,,2,,99,137,,,,,,2,194,,,,,,,,,,,,,,3758
271387,"Cádiz, Spain","Andalusia, Spain",Spain,36.4249649,-6.2288031,land,,2023-03-12,Ecopractices,1,,1,56.49,0.00,0.00,,,,,2,,2,,5,,,3,2,,,4,1,2,3,8,,,,,,,,5,,,1,,,,1,,,,,,,,1,,,,,,,,,,,,,,,,40
271484,"Santa Cruz de Tenerife, Spain","Canary Islands, Spain",Spain,28.08712378,-16.7374582,land,,2023-03-13,"Study Academy GVI",8,,8,295.14,0.02,0.00,,,,,1,,,2,2,75,,2,3,1,,11,,12,2,2,2,2,2,,,,,35,1,2,,,8,,1,6,38,33,,,,,,1,1,,,,,,,,,,,,,,245
271550,"Santa Cruz de Tenerife, Spain","Canary Islands, Spain",Spain,28.08297171,-16.73580818,land,,2023-03-14,"Study Academy GVI",13,,13,22.83,0.00,0.00,,1,,,2,1,4,,5,1290,,,5,,,3,,3,,2,,,1,,,,1,2,,1,,,1,,,,1,32,,,,,,,18,,,,,,,,,,,,,,1373
271555,"Santa Cruz de Tenerife, Spain","Canary Islands, Spain",Spain,28.08297171,-16.73580818,land,,2023-03-14,"Study Academy GVI",13,,13,41.88,0.00,0.00,,1,,,2,1,4,2,9,,,,6,,,3,,4,2,3,,,2,,,1,1,2,,3,,,1,1,,,1,93,,,,,,,111,,,,,,,,,,,,,,253
271557,"Santa Cruz de Tenerife, Spain","Canary Islands, Spain",Spain,28.09491191,-16.73534085,land,,2023-03-14,GVI,6,,6,28.60,0.00,0.00,,5,6,7,18,9,5,1,3,645,,5,6,1,1,31,,4,,,,,,,,,,,,3,,1,,2,,,69,87,,,,3,,,,,,,,,,,,,14,,,,926
271773,"Santa Cruz de Tenerife, Spain","Canary Islands, Spain",Spain,28.088341345138,-16.739010737634,land,,2023-03-16,A,12,,12,91.68,0.48,0.00,,3,2,5,3,6,12,25,22,3001,4,4,5,,,32,,27,,1,,,4,,,,,,,4,,,1,,2,2,285,230,,2,,1,,,54,,,,,,,,,,,,,,3737
271869,"Alicante, Spain","Valencian Community, Spain",Spain,38.496672,-0.257802,land,saltwater,2022-06-12,"Ayuntamiento de Villajoyosa - Ambiente Europeo",50,,50,105.82,0.75,0.00,,42,44,17,142,84,,26,79,202,,,6,,16,41,,2,,5,,,30,1,,3,5,7,1,9,,1,,,31,,106,272,2,,,30,,26,22,,,,,,,,,,,,,,1252
271870,"03570 Villajoyosa, Alicante, Spain","Valencian Community, Spain",Spain,38.50753,-0.221645,land,saltwater,2022-06-12,"Trasub La Vila (Centro De Buceo Alisub) - Ambiente Europeo",8,,8,6.61,0.25,0.00,,12,3,,3,3,,,,2,,,1,,,,,,,5,,,,,,,,,,2,,,,,,,1,,,,,,,,2,,,,,,,,,,,,,,34
271871,"03570 Villajoyosa, Alicante, Spain","Valencian Community, Spain",Spain,38.507951,-0.221642,land,saltwater,2022-10-31,"Centro De Buceo Ali Sub - Ambiente Europeo",6,,6,17.64,0.10,0.00,,9,3,,7,14,,,,6,,,3,,2,1,,,,4,,,,,,,,,,10,,,,,,,,1,,,,,,1,6,,,,,,,,,,,,,,67
271872,"Murcia, Spain","Region of Murcia, Murcia, Spain",Spain,37.604701,-0.727751,land,saltwater,2022-06-04,"Asociacin Calblanque / Navantia - Ambiente Europeo",35,,35,26.46,0.10,0.00,,6,7,,1,,,1,55,57,,,1,,7,27,,1,1,45,,,,,,3,,4,1,,,1,,,1,,156,10,,68,,,,1,532,,,,,,,,,,,,,,986
271873,"Murcia, Spain","Region of Murcia, Murcia, Spain",Spain,37.604690990906,-0.72776109034428,land,saltwater,2022-05-25,"Asociacin Calblanque / Navantia - Ambiente Europeo",32,,32,2.20,0.10,0.00,,,,,,,,,,8,,,,,1,6,,,,4,,,,,,,,,,,,,,,,,24,3,,5,,,,,147,,,,,,,,,,,,,,198
271874,"Murcia, Spain","Region of Murcia, Murcia, Spain",Spain,37.60640793262,-0.72396308249695,land,saltwater,2022-05-25,"Asociacin Calblanque / Navantia - Ambiente Europeo",32,,32,50.71,0.10,0.00,,2,1,1,1,,,2,12,22,,,3,,7,11,,,,17,,,,,,,,,,,,,,,2,,51,7,,25,,,,,34,,,,,,,,,,,,,,198
271875,"Murcia, Spain","Region of Murcia, Murcia, Spain",Spain,37.79567,-0.80279,land,saltwater,2022-04-01,"Ceip El Recuerdo - Ambiente Europeo",51,,51,22.05,0.10,0.00,,26,19,16,11,8,,12,15,310,,,6,,46,82,,6,12,65,,,58,,,,23,5,6,9,,,,,3,,92,78,,2,,12,,,64,,,,,,,,,,,,,,986
271876,"Murcia, Spain","Region of Murcia, Murcia, Spain",Spain,37.7969,-0.803228,land,saltwater,2022-04-26,"Ceip El Recuerdo, San Javier. Murcia - Ambiente Europeo",48,,48,39.68,0.10,0.00,,39,53,29,8,13,,13,40,459,,,22,,4,130,,40,17,7,,,77,4,,,22,7,9,11,,1,,,6,,304,105,,7,,9,,1,158,,,,,,,,,,,,,,1595
271877,"Asturias, Spain","Asturias, Spain",Spain,43.416583,-4.744222,land,saltwater,2022-10-15,"Cofradia de Pescadores de Llanes - Ambiente Europeo",101,,101,119.05,0.10,0.00,,8,,51,20,35,,,15,982,,,3,,2,2,,,,,,,,,,,,,,4,,1,,,15,,98,6,,,,,,1,,,,,,,,,,,,,,,1243
271878,"Murcia, Spain","Region of Murcia, Murcia, Spain",Spain,37.45164,-1.48116,land,saltwater,2022-09-17,"Ayuntamiento De guilas -  Ambiente Europeo",25,,25,242.51,0.10,0.00,,,,,,3,,12,94,114,,,,,,,,,,80,,,12,1,,,,58,,,,,,,,,229,7,,,,,2,,256,,,,,,,,,,,,,,868
271879,"Murcia, Spain","Region of Murcia, Murcia, Spain",Spain,37.625402,-0.704849,land,saltwater,2022-09-17,"Ambiente Europeo",12,,12,6.61,0.10,0.00,,1,,,,1,,,2,176,,,1,,2,26,,,,3,,,,,,,,,,,,,,,5,,4,6,,,,,,,19,,,,,,,,,,,,,,246
271880,"Murcia, Spain","Region of Murcia, Murcia, Spain",Spain,37.664216,-0.72155,land,saltwater,2022-09-17,"Ambiente Europeo",12,,12,8.82,0.10,0.00,,2,,,3,2,,,6,288,,,3,,2,17,,2,1,4,,,6,,,,1,,,1,,1,,,4,,13,15,,,,1,,,27,,,,,,,,,,,,,,399
271881,"Murcia, Spain","Region of Murcia, Murcia, Spain",Spain,37.992416,-1.079131,land,saltwater,2022-11-13,"Ambiente Europeo",9,,9,70.55,0.10,0.00,,18,7,9,72,19,,,,25,,,6,,21,46,,,,,,,8,,,1,9,2,,7,,,,,2,,9,32,,,,1,,,,,,,,,,,,,,,,,294
271882,,"Valencian Community, Spain",Spain,38.163405,-0.476114,land,saltwater,2022-06-03,"Dropson -  Ambiente Europeo",12,,12,13.23,0.10,0.00,,,,1,6,11,,,,4,,,1,,,,,,1,4,,,,,,,,,,,,,,,1,,101,3,,,,,,,,,,,,,,,,,,,,,133
271883,"Murcia, Spain","Region of Murcia, Murcia, Spain",Spain,37.5755291,-1.2476946,land,saltwater,2022-03-18,"Ies Miguel Hernandez  -  Ambiente Europeo",30,,30,105.82,0.25,0.00,,27,2,8,29,27,,4,57,36,,,4,,7,8,,14,4,48,,,33,4,,,,3,3,15,,1,,,9,,175,45,,,,8,,,100,,,,,,,,,,,,,,671
271884,"Barcelona, Spain","Catalonia, Spain",Spain,41.284391,2.097206,land,saltwater,2022-10-02,"ITW - Hi.Cone -  Ambiente Europeo",69,,69,13.23,0.25,0.00,,12,1,4,7,1,,7,23,750,,,8,,7,66,,10,,14,,,2,,,15,,2,,8,,,,,6,,110,51,,6,,,,1,129,,,,,,,,,,,,,,1240
271885,"30889 Calabardina, Murcia, Spain","Region of Murcia, Murcia, Spain",Spain,37.452582,-1.481497,land,saltwater,2022-05-10,"Ies Europa  - Ambiente Europeo",33,,33,125.66,0.10,0.00,,61,59,4,57,62,,8,95,17,,,7,,1,23,,1,1,11,,,8,,,1,2,71,9,15,,2,,,,,304,36,,,,7,,1,138,,,,,,,,,,,,,,1001
271886,"San Juan De Los Terreros, Almería, Spain","Andalusia, Spain",Spain,37.373631,-1.640438,land,saltwater,2022-03-20,"Montemero Lab Collective  - Ambiente Europeo",16,,16,771.62,0.10,0.00,,35,23,76,110,123,,44,42,127,,,17,,13,22,,6,2,216,,,18,3,4,,7,14,9,14,,3,,,13,,430,58,,,,36,,,98,,,,,,,,,,,,,,1563
271887,"Alicante, Spain","Valencian Community, Spain",Spain,38.847495,0.112109,land,saltwater,2022-05-14,"OBESMAR -Observaci i Estudi del Mar - Ambiente Europeo",11,,11,19.84,0.25,0.00,,1,1,,3,,,,,,,,,,1,,,,1,,,,,,,,,2,,,,,,,,,27,1,,,,,,,,,,,,,,,,,,,,,37
271888,"San Juan De Los Terreros, Almería, Spain","Andalusia, Spain",Spain,37.365507,-1.648416,land,saltwater,2022-09-11,"Montemero Lab Collective  - Ambiente Europeo",15,,15,396.83,0.10,0.00,,,,9,207,12,,,148,,,,28,,38,,,7,,205,,,,2,,,26,19,,,,,,,4,,1456,,,,,,,12,650,,,,,,,,,,,,,,2823
271889,"Balearic Islands, Spain","Balearic Islands, Spain",Spain,38.992036,1.290166,land,saltwater,2022-10-22,"Fundacion Palma Aquarium - Caixabank - 40 Principales Mallorca - Ambiente Europeo",29,,29,85.98,0.10,0.00,,14,17,15,12,33,,23,49,368,,,,,34,125,,20,,12,,,11,,4,6,,4,3,,,,,,28,,1,76,3,,,,,4,76,,,,,,,,,,,,,,938
271890,"Balearic Islands, Spain","Balearic Islands, Spain",Spain,39.540284,2.705238,land,saltwater,2022-09-17,"Fundacion Palma Aquarium - Caixabank - 40 Principales Mallorca - Ambiente Europeo",7,,7,26.46,0.50,0.00,,3,,14,42,74,,16,12,667,,,4,,1,4,,,,45,,,12,,4,,,,4,,,,,,4,,,5,,,,,,,43,,,,,,,,,,,,,,954
271891,"Balearic Islands, Spain","Balearic Islands, Spain",Spain,39.493796,2.473888,land,saltwater,2022-10-22,"Fundacion Palma Aquarium - Caixabank - 40 Principales Mallorca - Ambiente Europeo",96,,96,246.92,0.10,0.00,,42,207,46,136,97,,99,104,1533,,,20,,37,95,,18,2,66,,,11,,2,,4,10,6,,,,,,25,,213,204,1,,,,,8,688,,,,,,,,,,,,,,3674
271892,"Balearic Islands, Spain","Balearic Islands, Spain",Spain,39.920596,4.025023,land,saltwater,2022-10-22,"Fundacion Palma Aquarium - Caixabank - 40 Principales Mallorca - Ambiente Europeo",23,,23,59.52,0.10,0.00,,25,17,2,32,6,,1,66,274,,,6,,2,65,,9,,66,,,4,,,,2,,,1,,,,,9,,22,10,,,,,,2,116,,,,,,,,,,,,,,737
271893,"Balearic Islands, Spain","Balearic Islands, Spain",Spain,38.699848,1.481349,land,saltwater,2022-10-22,"Fundacion Palma Aquarium - Caixabank - 40 Principales Mallorca - Ambiente Europeo",5,,5,264.56,2.00,0.00,,5,15,19,10,15,,19,15,30,,,15,,13,18,,23,25,10,,,3,,,,10,4,3,2,,4,,,15,,30,55,4,4,,10,2,7,5,,,,,,,,,,,,,,390
271894,"Barcelona, Spain","Catalonia, Spain",Spain,41.286599,2.103881,land,saltwater,2022-04-28,"Associacio Plastic Free Wave - Ambiente Europeo",122,,122,202.83,0.75,0.00,,12,11,2,23,24,,,34,115,,,10,,21,14,,8,7,34,,,,1,,,3,,,7,,,,,,,51,24,,35,,2,,,38,,,,,,,,,,,,,,476
271895,"Barcelona, Spain","Catalonia, Spain",Spain,41.287437,2.106827,land,saltwater,2022-10-21,"Associacio Plastic Free Wave - Ambiente Europeo",118,,118,119.05,0.10,0.00,,24,18,15,63,45,,32,29,529,,,20,,40,18,,3,3,64,,,12,,15,13,2,27,6,8,,8,,,18,,242,144,10,2,,7,1,4,179,,,,,,,,,,,,,,1601
271896,"Santa Cruz de Tenerife, Spain","Canary Islands, Spain",Spain,28.641331,-17.939213,land,saltwater,2022-07-25,"Aglayma - ICTAC - Ambiente Europeo",4,,4,68.34,0.10,0.00,,4,20,14,18,26,,8,20,152,,,5,,15,11,,,2,2,,,,,1,,,,,2,,,,,,,7,66,2,,,,,2,,,,,,,,,,,,,,,377
271897,"Santa Cruz de Tenerife, Spain","Canary Islands, Spain",Spain,28.641611,-17.939556,land,saltwater,2022-10-20,"ICTAC - Ambiente Europeo",,,,176.37,0.10,0.00,,2,,,5,8,,2,8,110,,,2,,,,,2,,2,,,30,,,,3,2,,5,,,,,1,,6,11,,,,,1,2,11,,,,,,,,,,,,,,213
271898,"Santa Cruz de Tenerife, Spain","Canary Islands, Spain",Spain,28.641611,-17.939556,land,saltwater,2022-11-26,"ICTAC - Ambiente Europeo",8,,8,55.12,0.10,0.00,,3,2,,14,3,,,6,23,,,,,,,,1,1,4,,,,,,,1,,,3,,,,,1,,1,8,,,,,,,5,,,,,,,,,,,,,,76
271899,"Santa Cruz de Tenerife, Spain","Canary Islands, Spain",Spain,28.089712,-17.110492,land,saltwater,2022-12-18,"Aglayma - ICTAC - Ambiente Europeo",5,,5,48.50,0.25,0.00,,,3,3,6,7,,2,4,152,,,7,,2,,,3,2,,,,,,,,1,,,2,,,,,3,,5,10,,,,5,,2,7,,,,,,,,,,,,,,226
271900,"Santa Cruz de Tenerife, Spain","Canary Islands, Spain",Spain,28.6477812,-17.9439173,land,saltwater,2022-07-24,"Aglayma - ICTAC - Ambiente Europeo",4,,4,37.48,0.10,0.00,,10,,7,17,3,,,25,103,,,11,,20,26,,1,,,,,,,,,,,,,,,,,,,,5,,,,,,,,,,,,,,,,,,,,,228
271901,"Murcia, Spain","Region of Murcia, Murcia, Spain",Spain,37.602754,-0.730827,land,saltwater,2022-06-05,"Servicio De Atencion Al Visitantes - Parque Regional Calblanque - Ambiente Europeo",6,,6,8.82,0.10,0.00,,,1,,5,6,,3,3,41,,,,,,2,,,,8,,,,,,1,,,,1,,,,,,,152,22,,18,,,,1,21,,,,,,,,,,,,,,285
271902,"Murcia, Spain","Region of Murcia, Murcia, Spain",Spain,37.603426,-0.730252,land,saltwater,2022-06-05,"Servicio De Atencion Al Visitantes - Parque Regional Calblanque - Ambiente Europeo",15,,15,6.61,0.10,0.00,,4,,,,,,,4,10,,,,,,1,,,,23,,,,,,,,,1,,,,,,,,608,3,,2,,,,,344,,,,,,,,,,,,,,1000
271903,"30385 Cobaticas, Murcia, Spain","Region of Murcia, Murcia, Spain",Spain,37.597895,-0.75262,land,saltwater,2022-09-17,"Servicio De Atencion Al Visitantes - Parque Regional Calblanque - Ambiente Europeo",14,,14,8.82,0.10,0.00,,,2,,,2,,,53,310,,,1,,,7,,2,,5,,,1,,,,,5,,,,,,,2,,157,19,,16,,,,2,221,,,,,,,,,,,,,,805
271904,"30385 Cobaticas, Murcia, Spain","Region of Murcia, Murcia, Spain",Spain,37.597902,-0.752551,land,saltwater,2022-09-17,"Servicio De Atencion Al Visitantes - Parque Regional Calblanque - Ambiente Europeo",9,,9,2.20,0.10,0.00,,,,,,,,1,3,6,,,,,,1,,,,,,,,,,,,,,1,,,,,,,390,3,,3,,,,,153,,,,,,,,,,,,,,561
271905,"30740 San Pedro del Pinatar, Murcia, Spain","Region of Murcia, Murcia, Spain",Spain,37.831507,-0.759879,land,saltwater,2022-05-26,"Parque. Reg. Salinas S. Pedro- Colegio Los Pinos - Ambiente Europeo",28,,28,6.61,0.10,0.00,,3,5,,1,4,,,10,6,,,,,2,1,,,,10,,,,,,,,,,1,,,,,,,20,,,,,2,,,19,,,,,,,,,,,,,,84
271906,"Murcia, Spain","Region of Murcia, Murcia, Spain",Spain,37.595483,-0.999681,land,saltwater,2022-05-12,"Colegio San Vicente De Paul - Ambiente Europeo",97,,97,630.52,0.10,0.00,,105,50,153,227,202,,3,72,31,,,19,,23,32,,18,1,5,,,8,,,29,2,5,,33,,1,,,61,,63,138,20,,,81,,1,44,,,,,,,,,,,,,,1427
271907,"Girona, Spain","Catalonia, Spain",Spain,42.385556,3.160278,land,saltwater,2022-01-16,"Asociacion Platges Netes - Ambiente Europeo",22,,22,26.46,0.25,0.00,,15,2,5,10,13,,5,15,60,,,9,,6,20,,10,,8,,,,1,,,,3,3,2,,1,,,3,,24,12,,25,,5,1,3,36,,,,,,,,,,,,,,297
271908,"Girona, Spain","Catalonia, Spain",Spain,42.37123,3.160276,land,saltwater,2022-02-20,"Asociacion Platges Netes - Ambiente Europeo",22,,22,50.71,0.10,0.00,,11,,,7,2,,12,10,80,,,3,,,6,,8,1,,,,2,,2,,,,,1,,,,,2,,,,,15,,10,,2,,,,,,,,,,,,,,,174
271909,"Girona, Spain","Catalonia, Spain",Spain,42.381111,3.155556,land,saltwater,2022-03-27,"Asociacion Platges Netes - Ambiente Europeo",15,,15,68.34,0.10,0.00,,,1,2,8,11,,,12,45,,,,,2,,,4,,1,,,,,,1,,2,,,,,,,,,,6,1,30,,3,,,23,,,,,,,,,,,,,,152
271910,"Girona, Spain","Catalonia, Spain",Spain,42.366145,3.16492,land,saltwater,2022-04-24,"Asociacion Platges Netes - Ambiente Europeo",6,,6,33.07,0.10,0.00,,3,,6,2,,,15,11,15,,,2,,,11,,7,,1,,,,,,,1,,2,,,3,,,,,,2,,11,,8,,4,15,,,,,,,,,,,,,,119
271911,"Girona, Spain","Catalonia, Spain",Spain,42.365,3.163333,land,saltwater,2022-05-29,"Asociacion Platges Netes - Ambiente Europeo",15,,15,22.05,0.10,0.00,,,,,6,7,,,14,55,,,,,3,,,13,2,,,,,,,,,,1,1,,,,,2,,13,1,,20,,2,,2,,,,,,,,,,,,,,,142
271912,"Girona, Spain","Catalonia, Spain",Spain,42.360833,3.1625,land,saltwater,2022-06-11,"Asociacion Platges Netes - Ambiente Europeo",30,,30,121.25,0.10,0.00,,2,,4,7,,,,9,23,,,,,,8,,10,2,1,,,1,,1,,,1,,,,2,,,4,,,10,,6,,,,,16,,,,,,,,,,,,,,107
271913,"Girona, Spain","Catalonia, Spain",Spain,42.392778,3.152778,land,saltwater,2022-10-09,"Asociacion Platges Netes - Ambiente Europeo",27,,27,97.00,0.25,0.00,,,2,2,4,,,8,2,66,,,2,,3,,,11,,3,,,,1,,,,,,,,,,,,,14,8,,15,,9,,3,,,,,,,,,,,,,,,153
271914,"Girona, Spain","Catalonia, Spain",Spain,42.371111,3.160556,land,saltwater,2022-10-16,"Asociacion Platges Netes - Ambiente Europeo",28,,28,55.12,0.20,0.00,,2,,,3,5,,,7,34,,,,,4,,,9,3,,,,2,,3,,,1,,2,,,,,5,,,2,,10,,,,3,22,,,,,,,,,,,,,,117
271915,"Girona, Spain","Catalonia, Spain",Spain,42.385563,3.160535,land,saltwater,2022-11-06,"Asociacion Platges Netes - Ambiente Europeo",15,,15,19.84,0.30,0.00,,1,4,8,2,,,9,5,22,,,4,,,5,,4,,,,,,1,,,1,,2,,,,,,2,,,7,1,12,,10,1,1,,,,,,,,,,,,,,,102
271916,"Girona, Spain","Catalonia, Spain",Spain,42.371254,3.161064,land,saltwater,2022-12-18,"Asociacion Platges Netes - Ambiente Europeo",10,,10,15.43,0.20,0.00,,,2,6,,12,,3,4,18,,,2,,,8,,11,1,,,,,,,,,,,3,,1,,,,,,2,,10,,13,,4,17,,,,,,,,,,,,,,117
271917,"Valencia, Spain","Valencian Community, Spain",Spain,39.521028,-0.317873,land,saltwater,2022-01-23,"Asociation Bioagradables - Ambiente Europeo",25,,25,213.85,0.10,0.00,,13,32,13,45,38,,4,66,430,,,13,,,51,,12,,79,,,14,,,5,1,16,1,7,,,,,8,,226,43,1,123,,,,6,911,,,,,,,,,,,,,,2158
271918,"Valencia, Spain","Valencian Community, Spain",Spain,39.49374,-0.323772,land,saltwater,2022-02-09,"Asociation Bioagradables - Ambiente Europeo",92,,92,160.94,0.10,0.00,,5,6,3,4,10,,1,31,330,,,1,,4,13,,1,,46,,,104,,,3,,2,,,,,,,,,164,7,,11,,,,5,141,,,,,,,,,,,,,,892
271919,"Valencia, Spain","Valencian Community, Spain",Spain,39.521028,-0.317873,land,saltwater,2022-02-20,"Asociation Bioagradables - Ambiente Europeo",39,,39,154.32,0.10,0.00,,55,64,13,51,81,,4,52,240,,,10,,2,57,,5,,164,,,24,,,22,,11,,7,,,,,10,,382,64,2,35,,,4,4,128,,,,,,,,,,,,,,1491
271920,"Valencia, Spain","Valencian Community, Spain",Spain,39.026958,-0.178444,land,saltwater,2022-03-10,"Asociation Bioagradables - Ambiente Europeo",150,,150,15.43,0.10,0.00,,11,27,,3,1,,6,83,218,,,1,,,18,,3,,92,,,10,,,1,,3,1,2,,1,,,2,,501,9,5,69,,,,3,2159,,,,,,,,,,,,,,3229
271921,"Valencia, Spain","Valencian Community, Spain",Spain,39.521028,-0.317873,land,saltwater,2022-03-11,"Asociation Bioagradables - Ambiente Europeo",100,,100,295.42,0.10,0.00,,44,41,25,64,122,,51,26,29,,,10,,5,21,,4,1,47,,,10,,,14,5,5,,1,,9,,,502,,764,5,,22,,,,6,30,,,,,,,,,,,,,,1863
271922,"Valencia, Spain","Valencian Community, Spain",Spain,39.489584,-0.323765,land,saltwater,2022-03-27,"Asociation Bioagradables - Ambiente Europeo",40,,40,"1,126.56",0.10,0.00,,61,18,28,63,12,,5,560,10,,,282,,69,489,,5,1,7,,,17,,,27,23,10,3,10,,1,,,,,764,9,1,550,,,1,8,590,,,,,,,,,,,,,,3624
271923,"Valencia, Spain","Valencian Community, Spain",Spain,39.422145,-0.333569,land,saltwater,2022-04-06,"Asociation Bioagradables - Ambiente Europeo",203,,203,379.20,0.10,0.00,,144,204,29,163,225,,60,119,135,,,13,,34,76,,44,4,63,,,18,,,114,8,1,7,18,,,,,18,,185,120,5,1,,,4,27,133,,,,,,,,,,,,,,1972
271924,"Valencia, Spain","Valencian Community, Spain",Spain,39.636497,-0.237506,land,saltwater,2022-04-08,"Asociation Bioagradables - Ambiente Europeo",75,,75,143.30,0.10,0.00,,23,16,22,148,165,,6,12,43,,,5,,,60,,2,,31,,,7,1,,16,28,,1,7,,,,,12,,52,24,1,15,,,,,85,,,,,,,,,,,,,,782
271925,"Valencia, Spain","Valencian Community, Spain",Spain,39.466945,-0.32269,land,saltwater,2022-04-09,"Asociation Bioagradables - Ambiente Europeo",50,,50,156.53,0.10,0.00,,35,36,14,49,83,,44,86,765,,,23,,59,46,,17,4,113,,,79,,,31,6,12,2,11,,,,,13,,183,76,2,29,,,4,21,653,,,,,,,,,,,,,,2496
271926,"Almardà, València, Spain","Valencian Community, Spain",Spain,39.680175,-0.18011,land,saltwater,2022-04-12,"Asociation Bioagradables - Ambiente Europeo",80,,80,19.84,0.10,0.00,,13,16,,4,3,,9,67,222,,,4,,16,55,,9,6,102,,,2,,,14,,20,1,,,,,,1,,1506,13,,91,,,1,12,630,,,,,,,,,,,,,,2817
271927,"Valencia, Spain","Valencian Community, Spain",Spain,39.422344,-0.333073,land,saltwater,2022-04-29,"Asociation Bioagradables - Ambiente Europeo",32,,32,403.45,0.10,0.00,,30,11,19,79,227,,8,18,145,,,18,,18,34,,3,,45,,,3,1,,16,3,6,,10,,,,,6,,58,52,1,164,,,1,14,140,,,,,,,,,,,,,,1130
271928,"Valencia, Spain","Valencian Community, Spain",Spain,39.489509,-0.323762,land,saltwater,2022-05-09,"Asociation Bioagradables - Ambiente Europeo",120,,120,423.29,0.10,0.00,,44,47,2,10,23,,12,76,138,,,3,,3,48,,17,,28,,,110,,,58,,9,,2,,3,,,7,,367,25,2,91,,,2,14,247,,,,,,,,,,,,,,1388
271929,"Valencia, Spain","Valencian Community, Spain",Spain,39.490032,-0.323998,land,saltwater,2022-05-11,"Asociation Bioagradables - Ambiente Europeo",35,,35,194.01,0.10,0.00,,40,33,9,24,17,,3,80,150,,,6,,1,284,,9,,59,,,147,,,16,1,1,,7,,,,,1,,211,26,,102,,,1,8,160,,,,,,,,,,,,,,1396
271930,"Valencia, Spain","Valencian Community, Spain",Spain,39.422535,-0.332355,land,saltwater,2022-05-25,"Asociation Bioagradables - Ambiente Europeo",64,,64,182.98,0.10,0.00,,17,30,10,53,80,,4,9,104,,,12,,15,100,,2,1,61,,,26,,,47,,,6,5,,,,,,,188,116,,123,,,,3,126,,,,,,,,,,,,,,1138
271931,"Valencia, Spain","Valencian Community, Spain",Spain,39.421988,-0.333472,land,saltwater,2022-05-30,"Asociation Bioagradables - Ambiente Europeo",50,,50,112.44,0.10,0.00,,86,80,17,59,244,,12,49,280,,,25,,21,166,,4,,153,,,,,,42,7,4,,8,,,,,81,,19,86,,160,,,1,7,50,,,,,,,,,,,,,,1661
271932,"Valencia, Spain","Valencian Community, Spain",Spain,39.421838,-0.333107,land,saltwater,2022-06-04,"Asociation Bioagradables - Ambiente Europeo",11,,11,59.52,0.10,0.00,,44,25,7,28,38,,1,12,120,,,9,,8,40,,5,2,45,,,3,,,27,1,,,3,,,,,3,,110,25,,103,,,1,6,120,,,,,,,,,,,,,,786
271933,"Valencia, Spain","Valencian Community, Spain",Spain,39.466953,-0.32256,land,saltwater,2022-06-25,"Asociation Bioagradables - Ambiente Europeo",10,,10,97.00,0.10,0.00,,91,15,,17,2,,,4,7,,,10,,,10,,1,,9,,,,3,,398,,,,4,,,,,4,,94,2,,,,,,,112,,,,,,,,,,,,,,783
271934,"Valencia, Spain","Valencian Community, Spain",Spain,39.489609,-0.32402,land,saltwater,2022-07-09,"Asociation Bioagradables - Ambiente Europeo",22,,22,81.57,0.10,0.00,,94,,,42,,,,26,33,,,,,,10,,7,1,17,,,95,,,23,,2,2,1,,,,,,,24,36,,46,,,2,5,3,,,,,,,,,,,,,,469
271935,"Valencia, Spain","Valencian Community, Spain",Spain,39.421755,-0.332742,land,saltwater,2022-07-17,"Asociation Bioagradables - Ambiente Europeo",26,,26,72.75,0.10,0.00,,43,23,8,81,148,,11,40,310,,,17,,55,99,,3,2,62,,,,,,115,,33,1,5,,4,,,16,,79,103,1,10,,,1,13,80,,,,,,,,,,,,,,1363
271936,"Castellón, Spain","Valencian Community, Spain",Spain,40.406685,0.42394,land,saltwater,2022-08-22,"Asociation Bioagradables - Ambiente Europeo",12,,12,4.41,0.10,0.00,,1,4,1,,1,,5,19,420,,,1,,4,10,,26,1,5,,,,,,3,,4,,,,,,,3,,25,75,1,21,,,,3,42,,,,,,,,,,,,,,675
271937,"Valencia, Spain","Valencian Community, Spain",Spain,39.321941,-0.299012,land,saltwater,2022-09-18,"Asociation Bioagradables - Ambiente Europeo",33,,33,92.59,0.10,0.00,,10,9,3,34,1,,,88,76,,,16,,2,53,,8,,64,,,6,,,82,1,1,4,6,,,,,,,215,5,,305,,2,2,14,1160,,,,,,,,,,,,,,2167
271938,"Valencia, Spain","Valencian Community, Spain",Spain,39.321837,-0.298954,land,saltwater,2022-10-07,"Asociation Bioagradables - Ambiente Europeo",17,,17,39.68,0.10,0.00,,12,8,2,19,66,,,190,45,,,28,,44,39,,11,,86,,,3,,,99,1,29,5,2,,1,,,9,,165,3,31,100,,,2,4,202,,,,,,,,,,,,,,1206
271939,"Valencia, Spain","Valencian Community, Spain",Spain,39.321535,-0.298734,land,saltwater,2022-10-26,"Asociation Bioagradables - Ambiente Europeo",63,,63,74.96,0.10,0.00,,7,5,1,23,2,,,716,60,,,16,,20,84,,29,3,85,,,5,,,157,1,38,16,1,,,,,,,549,6,,93,,1,6,4,919,,,,,,,,,,,,,,2847
271940,"Valencia, Spain","Valencian Community, Spain",Spain,39.32125,-0.298526,land,saltwater,2022-11-06,"Asociation Bioagradables - Ambiente Europeo",32,,32,15.43,0.10,0.00,,14,27,,3,,,,149,60,,,3,,14,55,,33,,122,,,5,,,44,,13,6,,,,,,,,254,6,2,282,,,6,9,1717,,,,,,,,,,,,,,2824
271941,"Valencia, Spain","Valencian Community, Spain",Spain,39.320742,-0.298368,land,saltwater,2022-11-18,"Asociation Bioagradables - Ambiente Europeo",14,,14,17.64,0.10,0.00,,5,1,,,,,,30,26,,,1,,12,27,,2,,48,,,13,,,9,2,5,4,,,,,,2,,60,1,1,149,,2,1,1,1330,,,,,,,,,,,,,,1732
271942,"Valencia, Spain","Valencian Community, Spain",Spain,39.319729,-0.297844,land,saltwater,2022-11-20,"Asociation Bioagradables - Ambiente Europeo",54,,54,35.27,0.10,0.00,,22,19,,1,1,,,106,105,,,11,,30,63,,7,,53,,,30,,,31,1,19,16,,,,,,2,,309,14,3,158,,,,5,1324,,,,,,,,,,,,,,2330
271943,"Barcelona, Spain","Catalonia, Spain",Spain,41.394511,2.207458,land,saltwater,2022-12-02,"Asociation Bioagradables - Ambiente Europeo",31,,31,30.86,0.10,0.00,,14,8,6,28,47,,2,25,349,,,6,,28,45,,1,1,7,,,1,,,22,,5,5,1,,2,,,6,,212,39,,184,,1,,2,280,,,,,,,,,,,,,,1327
271944,"Valencia, Spain","Valencian Community, Spain",Spain,39.321951,-0.299094,land,saltwater,2022-12-18,"Asociation Bioagradables - Ambiente Europeo",37,,37,37.48,0.10,0.00,,2,9,1,47,,,,374,267,,,5,,16,79,,19,2,52,,,19,,,20,,40,12,3,,,,,2,,498,6,2,370,,3,6,14,1710,,,,,,,,,,,,,,3578
271945,"Ciudad Real, Spain","Castile-La Mancha, Spain",Spain,39.06121,-3.0064,land,saltwater,2022-10-22,"tomos. Energa Libre - Ambiente Europeo",5,,5,19.84,1.50,0.00,,12,2,8,21,120,,160,16,442,,,32,,,190,,25,6,16,,,,,4,,3,140,,8,,,,,12,,80,33,,,,3,,2,40,,,,,,,,,,,,,,1375
271946,"Ciudad Real, Spain","Castile-La Mancha, Spain",Spain,38.972199,-2.889188,land,saltwater,2022-10-22,"tomos. Energa Libre - Ambiente Europeo",7,,7,33.07,0.10,0.00,,2,8,5,18,28,,1,7,210,,,6,,6,21,,5,,6,,,2,,2,2,4,2,,3,,2,,,5,,24,19,,,,2,,1,26,,,,,,,,,,,,,,417
271947,"Ciudad Real, Spain","Castile-La Mancha, Spain",Spain,38.971551,-2.888619,land,saltwater,2022-10-22,"tomos. Energa Libre - Ambiente Europeo",7,,7,8.82,2.50,0.00,,5,3,6,5,6,,9,,100,,,,,2,9,,3,,5,,,,,1,,,,1,,,3,,,1,,4,30,,1,,1,,3,6,,,,,,,,,,,,,,204
271948,"Albacete, Spain","Castile-La Mancha, Spain",Spain,38.95733,-2.87442,land,saltwater,2022-10-22,"tomos. Energa Libre - Ambiente Europeo",21,,21,15.43,0.50,0.00,,5,26,3,7,36,,122,12,312,,,3,,6,20,,6,,3,,,,,8,1,1,5,8,1,,,,,2,,24,18,,,,1,,9,15,,,,,,,,,,,,,,654
271949,"Albacete, Spain","Castile-La Mancha, Spain",Spain,38.9569,-2.8612,land,saltwater,2022-10-22,"tomos. Energa Libre - Ambiente Europeo",6,,6,13.23,0.10,0.00,,4,,1,8,13,,11,10,30,,,3,,6,25,,20,,,,,11,2,,,,,,3,,,,,3,,17,42,,,,,,,12,,,,,,,,,,,,,,221
271950,"Ciudad Real, Spain","Castile-La Mancha, Spain",Spain,38.958524,-2.877467,land,saltwater,2022-10-22,"tomos. Energa Libre - Ambiente Europeo",10,,10,6.61,0.25,0.00,,2,2,,2,5,,,8,7,,,1,,1,31,,,,,,,7,,,,,2,,,,,,,1,,7,27,,,,1,,1,15,,,,,,,,,,,,,,120
271951,"Albacete, Spain","Castile-La Mancha, Spain",Spain,38.95261,-2.86286,land,saltwater,2022-10-22,"tomos. Energa Libre - Ambiente Europeo",5,,5,33.07,0.10,0.00,,1,,2,,9,,355,20,1135,,,1,,1,67,,15,1,2,,,10,,,,,,,,,2,,,1,,32,51,,,,,,,275,,,,,,,,,,,,,,1980
271952,"Albacete, Spain","Castile-La Mancha, Spain",Spain,38.95464,-2.86116,land,saltwater,2022-10-22,"tomos. Energa Libre - Ambiente Europeo",6,,6,66.14,0.10,0.00,,,,22,12,50,,17,17,81,,,,,1,4,,5,1,3,,,1,,,,1,,,3,,,,,1,,10,76,,,,4,,1,,,,,,,,,,,,,,,310
271953,"Albacete, Spain","Castile-La Mancha, Spain",Spain,38.952,-2.86343,land,saltwater,2022-10-22,"tomos. Energa Libre - Ambiente Europeo",17,,17,50.71,0.10,0.00,,,4,3,17,229,,222,178,2750,,,11,,1,85,,31,15,4,,,1,,,,,7,8,2,,2,,,7,,70,57,,,,2,,3,251,,,,,,,,,,,,,,3960
271954,"Albacete, Spain","Castile-La Mancha, Spain",Spain,38.9517,-2.8603,land,saltwater,2022-10-22,"tomos. Energa Libre - Ambiente Europeo",4,,4,13.23,0.10,0.00,,3,1,5,7,25,,35,35,685,,,5,,1,70,,13,1,7,,,1,,1,,,5,3,4,,,,,2,,20,26,,1,,,,1,13,,,,,,,,,,,,,,970
271955,"Albacete, Spain","Castile-La Mancha, Spain",Spain,38.94951,-2.85554,land,saltwater,2022-10-22,"tomos. Energa Libre - Ambiente Europeo",4,,4,6.61,0.10,0.00,,,,,,70,,54,12,1118,,,3,,2,79,,6,3,,,,2,,,2,,2,,3,,,,,15,,9,64,,1,,,,,41,,,,,,,,,,,,,,1486
271956,"Albacete, Spain","Castile-La Mancha, Spain",Spain,38.95171,-2.86027,land,saltwater,2022-10-22,"tomos. Energa Libre - Ambiente Europeo",4,,4,68.34,0.10,0.00,,2,2,21,5,9,,27,10,204,,,2,,,272,,4,3,3,,,6,,,,,1,1,9,,,,,5,,88,87,,,,,,,2,,,,,,,,,,,,,,763
271957,"Albacete, Spain","Castile-La Mancha, Spain",Spain,38.94893,-2.85625,land,saltwater,2022-10-22,"tomos. Energa Libre - Ambiente Europeo",4,,4,22.05,0.10,0.00,,2,,12,31,11,,4,42,722,,,,,2,12,,11,,,,,1,,,,,,1,1,,,,,4,,91,11,1,,,,,2,129,,,,,,,,,,,,,,1090
271958,"Albacete, Spain","Castile-La Mancha, Spain",Spain,38.94809,-2.8555,land,saltwater,2022-10-22,"tomos. Energa Libre - Ambiente Europeo",4,,4,55.12,0.10,0.00,,14,31,30,25,51,,69,905,200,,,,,5,44,,2,,6,,,3,3,,,,,,,,2,,,10,,10,386,,,,1,,3,250,,,,,,,,,,,,,,2050
271959,"Albacete, Spain","Castile-La Mancha, Spain",Spain,38.942948,-2.854507,land,saltwater,2022-10-22,"tomos. Energa Libre - Ambiente Europeo",6,,6,6.61,0.10,0.00,,,1,2,5,10,,,3,73,,,,,,11,,2,,2,,,,1,,,,3,,,,,,,,,3,8,,,,,,1,3,,,,,,,,,,,,,,128
271960,"Albacete, Spain","Castile-La Mancha, Spain",Spain,38.94084,-2.85203,land,saltwater,2022-10-22,"tomos. Energa Libre - Ambiente Europeo",5,,5,22.05,0.10,0.00,,,,5,,,,39,,355,,,,,,63,,,,,,,3,,,,,4,,,,,,,,,28,43,,,,,,,30,,,,,,,,,,,,,,570
271961,"Albacete, Spain","Castile-La Mancha, Spain",Spain,38.939472,-2.850366,land,saltwater,2022-10-22,"tomos. Energa Libre - Ambiente Europeo",7,,7,6.61,1.25,0.00,,2,,3,,10,,1,2,33,,,,,,77,,1,,2,,,,,,,,,4,1,,1,,,1,,1,35,,,,,,2,,,,,,,,,,,,,,,176
271962,"Albacete, Spain","Castile-La Mancha, Spain",Spain,38.939593,-2.847487,land,saltwater,2022-10-22,"tomos. Energa Libre - Ambiente Europeo",5,,5,13.23,0.10,0.00,,1,2,3,1,25,,20,10,100,,,1,,,1,,,,,,,5,,25,,,3,1,4,,,,,10,,20,33,1,,,2,,3,10,,,,,,,,,,,,,,281
271963,"Albacete, Spain","Castile-La Mancha, Spain",Spain,38.93557,-2.84653,land,saltwater,2022-10-22,"tomos. Energa Libre - Ambiente Europeo",5,,5,4.41,0.10,0.00,,1,1,,3,4,,2,9,102,,,,,9,11,,4,,,,,5,,,,,,,,,,,,11,,2,20,,,,4,,1,,,,,,,,,,,,,,,189
271964,"Albacete, Spain","Castile-La Mancha, Spain",Spain,38.93561,-2.84337,land,saltwater,2022-10-22,"tomos. Energa Libre - Ambiente Europeo",4,,4,6.61,0.10,0.00,,5,1,,4,240,,,2,810,,,,,2,20,,,,,,,,,40,,,,,3,,,,,2,,20,5,1,,,,,,140,,,,,,,,,,,,,,1295
271965,"Albacete, Spain","Castile-La Mancha, Spain",Spain,38.9318,-2.84088,land,saltwater,2022-10-22,"tomos. Energa Libre - Ambiente Europeo",3,,3,8.82,0.10,0.00,,2,11,410,3,21,,29,42,660,,,,,1,10,,1,4,4,,,,,,,,12,2,,,,,,1,,56,43,,,,1,,4,14,,,,,,,,,,,,,,1331
271966,"Albacete, Spain","Castile-La Mancha, Spain",Spain,38.92998,-2.83603,land,saltwater,2022-10-22,"tomos. Energa Libre - Ambiente Europeo",5,,5,11.02,0.10,0.00,,5,57,1,11,13,,11,13,235,,,,,1,21,,3,,,,,3,2,1,,,,1,4,,,,,,,3,70,,,,2,1,2,,,,,,,,,,,,,,,460
271967,"Albacete, Spain","Castile-La Mancha, Spain",Spain,38.93092,-2.83974,land,saltwater,2022-10-22,"tomos. Energa Libre - Ambiente Europeo",8,,8,132.28,0.10,0.00,,,,6,4,38,,26,6,85,,,3,,,,,1,,1,,,500,1,,,,,,2,,,,,,,30,29,,,,,,,,,,,,,,,,,,,,,732
271968,"Albacete, Spain","Castile-La Mancha, Spain",Spain,38.926704,-2.833778,land,saltwater,2022-10-22,"tomos. Energa Libre - Ambiente Europeo",3,,3,4.41,0.10,0.00,,,1,,,7,,,4,208,,,,,8,14,,,,,,,,,,,,1,,,,,,,9,,14,6,,1,,1,,,1,,,,,,,,,,,,,,275
271969,"Albacete, Spain","Castile-La Mancha, Spain",Spain,38.92671,-2.82867,land,saltwater,2022-10-22,"tomos. Energa Libre - Ambiente Europeo",6,,6,13.23,0.10,0.00,,3,,5,2,106,,22,11,1000,,,10,,6,34,,6,6,10,,,,,,,,,,3,,,,,,,4,71,,,,,,3,7,,,,,,,,,,,,,,1309
271970,"Ciudad Real, Spain","Castile-La Mancha, Spain",Spain,38.87571,-2.79786,land,saltwater,2022-01-29,"tomos. Energa Libre - Ambiente Europeo",2,,2,6.61,0.10,0.00,,8,,,,4,,5,2,143,,,,,15,,,2,,,,,,,,,,6,,,,,,,1,,1,44,,,,,,1,16,,,,,,,,,,,,,,248
271971,"Albacete, Spain","Castile-La Mancha, Spain",Spain,38.935889,-2.845304,land,saltwater,2022-10-22,"tomos. Energa Libre - Ambiente Europeo",16,,16,617.29,0.20,0.00,,9,1,13,17,22,,10,3,,,,6,,,1,,,,17,,,1,,,,3,,,12,,,,,1,,5,11,,,,,,,,,,,,,,,,,,,,,132
271972,"A Coruña, Spain","Galicia, Spain",Spain,43.164716,-9.183409,land,saltwater,2022-04-26,"Surf and Clean - Ubuntulife - Ambiente Europeo",14,,14,26.46,0.10,0.00,,,,,6,,,,5,2,,,,,,1,,,,7,,,,1,,,,,,3,,,,,1,,10,7,,,,,,,25,,,,,,,,,,,,,,68
271973,"A Coruña, Spain","Galicia, Spain",Spain,43.164504,-9.183418,land,saltwater,2022-04-27,"Surf and Clean - Ubuntulife - Ambiente Europeo",21,,21,13.23,0.10,0.00,,1,,,2,,,,3,,,,,,,1,,1,,3,,,,,,,,,,,,,,,,,6,,,,,,,,10,,,,,,,,,,,,,,27
271974,"A Coruña, Spain","Galicia, Spain",Spain,43.164318,-9.18348,land,saltwater,2022-04-28,"Surf and Clean - Ubuntulife - Ambiente Europeo",26,,26,4.41,0.10,0.00,,2,,,1,,,,3,,,,,,,4,,,,5,,,,,,,,,,,,,,,,,5,,,,,,,,,,,,,,,,,,,,,,20
271975,"A Coruña, Spain","Galicia, Spain",Spain,43.18488,-9.106365,land,saltwater,2022-05-02,"Surf and Clean - Ubuntulife - Ambiente Europeo",15,,15,22.05,0.10,0.00,,20,,10,4,1,,,19,25,,,,,1,3,,6,,50,,,,,,,,,1,,,,,,,,10,,,3,,,,,30,,,,,,,,,,,,,,183
271976,"A Coruña, Spain","Galicia, Spain",Spain,43.184837,-9.106194,land,saltwater,2022-05-03,"Surf and Clean - Ubuntulife - Ambiente Europeo",16,,16,17.64,0.10,0.00,,,,1,,1,,,7,20,,,1,,1,4,,4,,68,,,,,,,,,,,,,,,1,,70,4,,4,,3,,,45,,,,,,,,,,,,,,234
271977,"A Coruña, Spain","Galicia, Spain",Spain,43.184971,-9.105844,land,saltwater,2022-05-04,"Surf and Clean - Ubuntulife - Ambiente Europeo",16,,16,15.43,0.10,0.00,,1,,,,,,,3,20,,,2,,1,8,,,,65,,,,,,,,1,,,,,,,,,21,1,,10,,,,2,30,,,,,,,,,,,,,,165
271978,"A Coruña, Spain","Galicia, Spain",Spain,43.185071,-9.105617,land,saltwater,2022-05-01,"Surf and Clean - Ubuntulife - Ambiente Europeo",21,,21,26.46,0.10,0.00,,20,1,,1,,,,30,,,,,,3,30,,4,2,164,,,,,,10,2,10,,,,,,,,,140,,,,,,,,60,,,,,,,,,,,,,,477
271979,"A Coruña, Spain","Galicia, Spain",Spain,43.184866,-9.106608,land,saltwater,2022-05-12,"Surf and Clean - Ubuntulife - Ambiente Europeo",14,,14,8.82,0.10,0.00,,2,,,2,,,2,12,10,,,,,2,5,,,,14,,,3,,,2,,,,,,,,,1,,19,9,,11,,,,,20,,,,,,,,,,,,,,114
271980,"A Coruña, Spain","Galicia, Spain",Spain,43.185186,-9.105332,land,saltwater,2022-05-13,"Surf and Clean - Ubuntulife - Ambiente Europeo",25,,25,6.61,0.10,0.00,,1,5,,3,,,1,4,40,,,2,,,,,2,,75,,,,,,,2,,,,,,,,,,15,,,5,,,,,50,,,,,,,,,,,,,,205
271981,"A Coruña, Spain","Galicia, Spain",Spain,43.185087,-9.105491,land,saltwater,2022-05-19,"Surf and Clean - Ubuntulife - Ambiente Europeo",14,,14,4.41,0.10,0.00,,,,,3,,,,5,25,,,,,,2,,3,,29,,,,,,,,,,,,,,,,,11,3,,4,,,,,30,,,,,,,,,,,,,,115
271982,"A Coruña, Spain","Galicia, Spain",Spain,43.291018,-8.702426,land,saltwater,2022-03-25,"Surf and Clean - Ambiente Europeo",20,,20,44.09,0.10,0.00,,1,,,3,1,,,2,11,,,,,,2,,2,1,17,,,,,,,,,1,1,,,,,,,27,,,120,,,,1,100,,,,,,,,,,,,,,290
271983,"A Coruña, Spain","Galicia, Spain",Spain,43.291774,-8.69911,land,saltwater,2022-05-02,"Surf and Clean - Boaola - Ambiente Europeo",21,,21,11.02,0.10,0.00,,,1,,1,,,,7,6,,,,,,3,,1,,3,,,,,,,2,,,,,,,,,,10,2,,9,,,,,5,,,,,,,,,,,,,,50
271984,"A Coruña, Spain","Galicia, Spain",Spain,43.290915,-8.703186,land,saltwater,2022-05-03,"Surf and Clean - Boaola - Ambiente Europeo",22,,22,4.41,0.10,0.00,,,,,1,,,,6,,,,,,,,,,,9,,,,,,,,,,,,,,,,,3,2,,,,,,,3,,,,,,,,,,,,,,24
271985,"A Coruña, Spain","Galicia, Spain",Spain,43.291289,-8.700784,land,saltwater,2022-05-04,"Surf and Clean - Boaola - Ambiente Europeo",24,,24,2.20,0.10,0.00,,,,,4,,,,4,5,,,,,,,,,,4,,,,1,,,,,,2,,,,,,,15,3,,,,,,,5,,,,,,,,,,,,,,43
271986,"A Coruña, Spain","Galicia, Spain",Spain,43.29207,-8.698788,land,saltwater,2022-05-05,"Surf and Clean - Boaola - Ambiente Europeo",23,,23,4.41,0.10,0.00,,,,,,3,,,,10,,,,,,1,,,,10,,,2,,,,,,,,,,,,,,20,6,,,,,,,10,,,,,,,,,,,,,,62
271987,"A Coruña, Spain","Galicia, Spain",Spain,43.291591,-8.699432,land,saltwater,2022-05-06,"Surf and Clean - Boaola - Ambiente Europeo",20,,20,24.25,0.10,0.00,,,,,5,,,,,15,,,,,6,,,,,49,,,,,,2,,2,3,,,,,,1,,100,12,,25,,,,,55,,,,,,,,,,,,,,275
271988,"A Coruña, Spain","Galicia, Spain",Spain,43.291806,-8.699512,land,saltwater,2022-05-09,"Surf and Clean - Boaola - Ambiente Europeo",15,,15,4.41,0.10,0.00,,,,,3,,,2,12,18,,,,,,7,,3,,8,,,,,,,,,,2,,,,,,,23,4,,23,,,,3,15,,,,,,,,,,,,,,123
271989,"A Coruña, Spain","Galicia, Spain",Spain,43.291689,-8.698992,land,saltwater,2022-05-10,"Surf and Clean - Boaola - Ambiente Europeo",21,,21,6.61,0.10,0.00,,2,5,,1,7,,3,8,15,,,3,,8,7,,2,,10,,,,,,,,,,,,,,,1,,35,7,,36,,2,,,45,,,,,,,,,,,,,,197
271990,"A Coruña, Spain","Galicia, Spain",Spain,43.291782,-8.698403,land,saltwater,2022-05-19,"Surf and Clean - Boaola - Ambiente Europeo",18,,18,4.41,0.10,0.00,,3,,,,4,,,,,,,5,,,18,,,,10,,,,,,,,,,,,,,,,,25,10,,5,,,1,,35,,,,,,,,,,,,,,116
271991,"A Coruña, Spain","Galicia, Spain",Spain,43.291412,-8.700922,land,saltwater,2022-05-20,"Surf and Clean - Boaola - Ambiente Europeo",17,,17,13.23,0.10,0.00,,,,,,,,,,15,,,3,,,,,,,38,,,,,,,,,,,,,,,24,,25,,,7,,3,,,30,,,,,,,,,,,,,,145
271992,"A Coruña, Spain","Galicia, Spain",Spain,43.291821,-8.699453,land,saltwater,2022-05-23,"Surf and Clean - Boaola - Ambiente Europeo",22,,22,4.41,0.10,0.00,,,,,,,,1,14,19,,,3,,,8,,,,4,,,,,,1,,,,,,,,,,,9,3,,22,,3,,2,34,,,,,,,,,,,,,,123
271993,"A Coruña, Spain","Galicia, Spain",Spain,43.29133,-8.699276,land,saltwater,2022-05-24,"Surf and Clean - Boaola - Ambiente Europeo",19,,19,8.82,0.10,0.00,,7,5,3,19,15,,,2,2,,,1,,,40,,,,1,,,,,,,,2,,,,,,,,,10,8,,7,,4,,,10,,,,,,,,,,,,,,136
271994,"30740 San Pedro del Pinatar, Murcia, Spain","Region of Murcia, Murcia, Spain",Spain,37.824681,-0.757866,land,saltwater,2022-12-16,"Ies Manuel Tarraga Escribano - Ambiente Europeo",18,,18,26.46,0.10,0.00,,4,16,,9,11,,3,34,13,,,,,8,36,,3,,21,,,2,1,,1,,5,1,10,,1,,,3,,71,5,2,,,11,,3,69,,,,,,,,,,,,,,343
272433,"Barcelona, Spain","Catalonia, Spain",Spain,41.382302625922,2.1952716017231,land,saltwater,2023-03-16,"Breitling Spain - Barcelona",28,,28,42.00,0.62,0.00,,,,,,,,,,,,,,,,,,,,,,,,,,,,,,,,,,,,,,,,,,,,,,,,,,,,,,,,,,,
273027,"Santa Cruz de Tenerife, Spain","Canary Islands, Spain",Spain,28.0948963,-16.73513843,land,,2023-03-28,GVI,5,,5,38.42,0.14,0.00,,4,4,11,17,34,,11,15,925,,1,1,,,19,,,,,,,1,,,2,,,8,2,,,,1,,,72,122,,,,,,,,,,,,,,,,,15,,,,1265
273188,"Santa Cruz de Tenerife, Spain","Canary Islands, Spain",Spain,28.0846711,-16.7365138,land,,2023-03-30,GVI,10,,10,75.09,0.55,0.00,,1,4,,7,8,2,12,15,1917,4,,23,8,1,59,4,17,9,2,,,,,,,,2,1,11,1,1,1,2,3,9,,339,,1,1,,,1,186,,,,,,,,,,,,,,2652
273457,"Santa Cruz de Tenerife, Spain","Canary Islands, Spain",Spain,28.09481657674,-16.735153418212,land,,2023-04-04,GVI,8,,8,43.34,0.00,0.00,,3,9,7,13,24,16,3,14,1072,1,8,6,,11,111,5,1,2,,,,,,,,1,,1,,,,2,1,14,,120,120,,1,1,,,,6,,,,,,,,,,,,,,1573
273748,"Santa Cruz de Tenerife, Spain","Canary Islands, Spain",Spain,28.085039458904,-16.735812359196,land,,2023-04-09,B,16,,16,42.26,0.38,0.00,,1,4,2,14,4,4,10,23,2499,14,,10,,2,21,,7,7,,,,2,,,,,,,7,,,,,2,1,65,162,,,,,,,30,,,,,,,,,,,,,,2891
273793,"Santa Cruz de Tenerife, Spain","Canary Islands, Spain",Spain,28.085039458904,-16.735812359196,land,,2023-04-09,B,16,,16,26.64,0.27,0.00,,11,57,17,10,14,85,15,13,5084,18,17,19,10,6,117,7,41,9,,,,,,6,13,4,9,,,3,,,5,20,9,,5,,,,4,,,828,,,,,,,,,,,,,,6456
273794,"Santa Cruz de Tenerife, Spain","Canary Islands, Spain",Spain,28.07968993,-16.73490739,land,,2023-04-10,"Kingsmeade GVI",16,,16,50.78,0.19,0.00,,,3,2,10,2,1,37,21,1945,1,,1,,,26,2,17,1,,,,,,,,7,,1,1,1,,,,1,4,8,306,,,,,,,173,,,,,,,,,,,,,,2571
273864,"Santa Cruz de Tenerife, Spain","Canary Islands, Spain",Spain,28.09499751,-16.73543347,land,,2023-04-11,GVI,9,,9,36.50,0.00,0.00,,5,16,9,26,51,1,10,7,784,,1,4,,1,80,,,1,,,,1,,,,,,,2,2,,,1,,2,54,100,,,,1,,,,,,,,,,,,,25,,,,1184
274448,"Santa Cruz de Tenerife, Spain","Canary Islands, Spain",Spain,28.088864932871,-16.739720869717,land,,2023-04-16,A,24,,24,22.45,0.00,0.00,,6,3,4,12,19,55,17,20,1095,5,2,5,5,4,38,7,25,1,1,,,2,,2,,,3,,1,1,,,3,7,5,4,,,,,1,,,350,,,,,,,,,,,,,,1703
274606,"Santa Cruz de Tenerife, Spain","Canary Islands, Spain",Spain,28.094388716748,-16.733821256297,land,,2023-04-18,gvi,9,,9,15.94,0.19,0.00,,5,66,10,16,30,,3,5,912,,63,2,4,2,7,1,,,,,,1,,,,,,,,,,,,10,5,,,,,,,,,20,,,,,,,,,,,,,,1162
274689,"Biscay, Spain","Basque Country, Spain",Spain,43.341821328359,-2.657301987675,land,,2023-04-19,,1,,1,0.36,0.00,0.00,,2,,,,,,,,,,,,,,,,,,,,,,,,1,1,,,,,,,,,,,,,,,,,,1,,,,,,,,,,,,,,5
274758,"Santa Cruz de Tenerife, Spain","Canary Islands, Spain",Spain,28.07991100695,-16.734952631134,land,,2023-04-20,A,28,,28,1.50,0.00,0.00,,,,1,4,1,,,,2204,1,2,8,1,,5,,13,,,,,,,4,,,3,,,1,,,,2,,,,,,,,,,325,,,,,,,,,,,,,,2575
274776,"Santa Cruz de Tenerife, Spain","Canary Islands, Spain",Spain,28.088546181098,-16.739040082321,land,,2023-04-06,A,18,,18,130.91,0.77,0.00,,8,,5,12,21,5,18,39,3497,29,,72,2,5,165,2,58,3,3,,,5,,,,1,13,3,8,2,,7,4,11,12,160,367,2,,1,6,,,566,,,,,,,,,,,,,,5112
274787,"Santa Cruz de Tenerife, Spain","Canary Islands, Spain",Spain,28.088312158361,-16.738992640749,land,,2023-04-20,A,15,,15,102.20,0.00,0.00,,,,4,5,2,,19,24,1736,2,,23,,,69,6,20,3,2,1,,9,,,,,1,3,3,,,1,1,5,7,47,333,,,,,,1,168,,,,,,,,,,,,,,2495
274853,"Barcelona, Spain","Catalonia, Spain",Spain,41.42085643489,2.1825653594008,land,,2023-04-21,Planet-A,2,,2,1.08,0.72,0.00,,,,,1,,1,,,5,,1,,,,,,,,,,,,,,,,,,,,,,1,,,4,3,,,,1,,,1,,,,,,,,,,,,,,18
278255,"Valladolid, Spain","Castile and León, Spain",Spain,41.645678384123,-4.755421521528,land,,2023-04-22,Oracle,1,,1,6.92,0.09,0.00,,2,2,10,1,7,6,8,4,,8,,6,,,2,,,,,,,,,,,,,,,,,,,5,,,6,,,,1,,,,,,,,,,,,,,,,,68
278984,"Málaga, Spain","Andalusia, Spain",Spain,36.72665172472,-4.3821316075397,land,,2023-04-24,Oracle,1,,1,2.10,0.03,0.00,,,,2,3,15,5,,1,60,,,3,,,2,1,1,3,,,,,,,2,,,,,,,,,,,,,,1,,,,,2,,,,,,,,,,,,,,101
279048,"Santa Cruz de Tenerife, Spain","Canary Islands, Spain",Spain,28.09486812203,-16.735068515667,land,,2023-04-25,gvi,1,,1,15.50,0.00,0.00,,3,87,11,18,37,,2,11,468,,41,18,,1,,,,1,,,,1,,,,,,,1,,,,1,20,1,,,,,,,,,20,,,,,,,,,,,,,,742
279060,"Valladolid, Spain","Castile and León, Spain",Spain,41.652251,-4.7245321,land,,2023-04-25,Oracle,1,,1,3.70,0.00,0.00,,,,6,,,,,2,,,1,2,,,,,,,,,,,,,,,,,,,,,,,,,4,,,,,,,,,,,,,,,,,,,,,15
279064,"Barcelona, Spain","Catalonia, Spain",Spain,41.392859160007,2.1819176897427,land,,2023-04-25,Planet-A,1,,1,0.12,0.00,0.00,,1,1,,1,1,,,,5,,,,,,,,,,,,,,,,,,,,,,,,,,,,,,,,,,,,,,,,,,,,,,,,,9
279293,"Barcelona, Spain","Catalonia, Spain",Spain,41.416485942939,2.1814050525447,land,,2023-04-26,Planet-A,1,,1,0.33,0.00,0.00,,2,4,,,,,,,4,,,,,,4,,,,,,,,,,,,,,,,,,1,,,,,,,,,,,,,,,,,,,,,,,,,15
279525,"Gipuzkoa, Spain","Basque Country, Spain",Spain,43.32450962,-1.97859997,land,,2023-04-28,,1,,1,14.24,0.00,0.00,,3,3,1,3,2,,2,,10,10,10,10,1,1,10,,1,10,1,1,,,,,,,,,,,,,1,,,,,,,,,,,9,,,,,,,,,,,,,,89
279550,"Santa Cruz de Tenerife, Spain","Canary Islands, Spain",Spain,28.095371726363,-16.733847885862,land,,2023-05-02,gvi,1,,1,5.25,0.16,0.00,,1,64,1,12,11,,,11,1123,,32,6,,,,,2,2,,,,,,,,,,,1,,,,,8,1,,2,,,,,,,,,,,,,,,,,,,,,1277
280226,"Santa Cruz de Tenerife, Spain","Canary Islands, Spain",Spain,28.095264701646,-16.733493472378,land,,2023-05-09,gvi,1,,1,25.74,0.26,0.00,,6,76,3,5,14,,1,2,641,,44,14,,,,,5,,,,,,1,,,,,,,,,,,11,,,,,,,,,,,,,,,,,,,,,,,,823
280411,"Santa Cruz de Tenerife, Spain","Canary Islands, Spain",Spain,28.08571931,-16.7369262,land,,2023-05-10,,1,,1,62.39,0.19,0.00,,,,6,2,9,,14,16,3685,7,,6,,1,34,,12,2,2,,,1,,,,,1,,5,2,,1,,7,,150,144,,,,3,,,51,,,,,,,,,,,,,,4161
280852,"Santa Cruz de Tenerife, Spain","Canary Islands, Spain",Spain,28.081817699283,-16.736500169534,land,,2023-05-16,Gvi,6,,6,5.86,1.13,0.00,,,,2,1,2,18,17,15,1215,5,11,4,,,15,,51,,,,,,,,,4,,,1,,,,2,,,,13,,,,1,,,5,,,,,,,,,,,,,,1382
280857,"Santa Cruz de Tenerife, Spain","Canary Islands, Spain",Spain,28.094972163144,-16.735317399442,land,,2023-05-16,"GVI core",5,,5,5.62,0.21,0.00,,4,49,2,8,11,2,3,6,427,,39,,,2,36,,3,,,,,,,,,,,,1,,,,,,,1,1,,,,4,,,,,,,,,,,,,,,,,599
280872,"Santa Cruz de Tenerife, Spain","Canary Islands, Spain",Spain,28.081817699283,-16.736500169534,land,,2023-05-16,Gvi,13,,13,30.95,0.00,0.00,,,,3,2,2,20,18,15,2586,5,11,4,,3,15,,51,7,,2,,6,,,,4,12,,1,,,,2,,1,35,20,,,,1,,,5,,,,,,,,,,,,,,2831
280998,"Santa Cruz de Tenerife, Spain","Canary Islands, Spain",Spain,28.1075926,-16.7297297,land,,2023-05-18,GVI,11,,11,37.09,0.00,0.00,,6,11,4,17,10,,5,2,2660,,3,18,,3,,4,13,,1,,,,,,,,,1,5,1,,,3,14,1,8,155,,1,,,,,3,,,,,,,,,,,,,,2949
281295,"Barcelona, Spain","Catalonia, Spain",Spain,41.438825,2.2183633333333,land,,2023-05-21,yessir,1,,1,0.10,0.00,0.00,,1,1,,1,,,1,1,,,,,,,,,,,,,,,,,,,,,,,,,,,,,,,,,,,,,,,,,,,,,,,,,,5
281356,"Santa Cruz de Tenerife, Spain","Canary Islands, Spain",Spain,28.088332840017,-16.738971837319,land,,2023-05-22,gvi,12,,12,62.61,0.24,0.00,,1,2,2,10,6,,4,20,2917,3,,24,1,3,27,1,29,2,3,,,,,,,,2,,1,,1,,1,10,4,11,240,,,,,,,,,,,,,,,,,,,,,3325
281997,"Santa Cruz de Tenerife, Spain","Canary Islands, Spain",Spain,28.095223471343,-16.733805490649,land,,2023-05-30,"GVI core",7,,7,14.95,0.01,0.00,,2,6,8,13,24,,10,16,1180,1,70,40,1,5,55,1,8,,,,,1,,,2,,,,2,,1,,2,1,1,1,1,,,,2,,,,,,,,,,,,,,,,,1454
282809,,,Spain,28.086708570615,-16.738047318657,land,,2023-06-08,GVI,13,,13,14.06,0.13,0.00,,2,2,2,6,11,1,,2,1530,5,3,15,1,,4,,5,,,1,,,,2,,,,,1,,,1,,,2,15,47,,,,1,,,147,,,,,,,,,,,,,,1806
283137,"Segovia, Spain","Castile and León, Spain",Spain,40.9550325,-4.2331793,land,,2023-06-09,,1,,1,0.01,0.00,0.00,,,,,,,,,,,,,,,,,,,,,,,,,,,,,,,,,,,,,,,,,,,,,,,,,,,,,,,,,,,
283448,"Santa Cruz de Tenerife, Spain","Canary Islands, Spain",Spain,28.095025350353,-16.735253306121,land,,2023-06-13,GVI,14,,14,74.25,0.03,0.00,,9,34,14,23,39,2,10,11,1474,,8,13,1,4,33,1,6,1,,,,14,,1,,,,,12,5,2,1,2,36,,78,63,,,,,,,,,,,,,,,,,,,,,1897
283552,"Santa Cruz de Tenerife, Spain","Canary Islands, Spain",Spain,28.08830206,-16.73902173,land,,2023-06-15,GVI,15,,15,128.93,0.22,0.00,,8,39,5,11,4,1,1,14,2716,13,1,14,,1,,2,7,3,14,,,,,,,22,,,1,,,1,,4,2,115,32,1,,,,,,43,,,,,,,,,,,,,,3075
283749,"Santa Cruz de Tenerife, Spain","Canary Islands, Spain",Spain,28.095025350353,-16.735253306121,land,,2023-06-13,GVI,14,,14,74.22,0.03,0.00,,9,34,14,23,39,2,10,11,1474,,8,13,1,4,33,1,6,1,,,,10,,1,,,,,12,4,2,1,2,36,,78,63,,,,,,,,,,,,,,,,,,,,,1892
283860,"Santa Cruz de Tenerife, Spain","Canary Islands, Spain",Spain,28.088277541115,-16.738941678793,land,,2023-06-19,"GVI core",13,,13,39.27,0.30,0.00,,,3,4,12,29,,,6,2145,1,8,6,,,141,17,4,,2,,,2,,,,,,,4,,1,2,,5,4,40,15,1,,,,,,450,,,,,,,,,,,,,,2902
284223,"Melilla, Spain","Melilla, Spain",Spain,35.27059336,-2.93837411,land,,2023-06-24,,1,,1,0.01,0.00,0.00,,,,,,,,,,,,,,,,,,,,,,,,,,,,,,,,,,,,,,,,,,,,,,,,,,,,,,,,,,,
284420,"Santa Cruz de Tenerife, Spain","Canary Islands, Spain",Spain,28.2915637,-16.6291304,land,,2023-06-27,A,12,,12,19.51,0.00,0.00,,6,12,6,25,33,23,10,7,1900,,7,8,,2,69,,3,3,,,,1,,5,2,,,2,5,,,,2,14,4,4,2,,3,5,1,,,114,,,,,,,,,,,,,,2278
284483,"Melilla, Spain","Melilla, Spain",Spain,35.27059336,-2.93837411,land,,2023-06-24,,1,,1,0.01,0.00,0.00,,,,,,,,,,,,,,,,,,,,,,,,,,,,,,,,,,,,,,,,,,,,,,,,,,,,,,,,,,,
284532,"Santa Cruz de Tenerife, Spain","Canary Islands, Spain",Spain,28.086335621788,-16.737213162721,land,,2023-06-29,gvi,1,,1,"1,488.90",0.02,0.00,,3,35,9,27,7,9,25,51,5396,10,11,11,1,5,58,4,33,6,206,1,,5,,,20,1,6,,13,3,,,55,40,18,1,1,1,,,,,2,342,,,,,,,,,,,,,,6416
284965,"Santa Cruz de Tenerife, Spain","Canary Islands, Spain",Spain,28.085752408978,-16.736929016203,land,,2023-07-06,gvi,15,,15,806.40,0.00,0.00,,7,27,16,19,18,12,29,51,3251,,6,17,2,1,85,15,45,13,105,,,4,1,1,1,1,11,,15,,,1,3,12,12,51,54,,,,,,,214,,,,,,,,,,,,,,4100
285360,"Santa Cruz de Tenerife, Spain","Canary Islands, Spain",Spain,28.08674706,-16.7368276,land,,2023-06-15,GVI,1,,1,0.01,0.00,0.00,,,,,,,,,,,,,,,,,,,,,,,,,,,,,,,,,,,,,,,,,,,,,,,,,,,,,,,,,,,
285363,"Santa Cruz de Tenerife, Spain","Canary Islands, Spain",Spain,28.094943710629,-16.735293120161,land,,2023-07-11,gvi,1,,1,30.99,0.11,0.00,,6,13,14,10,37,6,2,7,944,1,1,7,3,1,70,1,,,,,,4,,,2,,,,3,,,,38,13,1,2,19,,,,3,,,57,,,,,,,,,,,,,,1265
285893,"Santa Cruz de Tenerife, Spain","Canary Islands, Spain",Spain,28.093646892916,-16.73428582023,land,,2023-07-18,A,11,,11,40.09,0.00,0.00,,13,26,43,48,28,3,14,22,1292,38,23,93,8,24,63,8,56,4,,,,,,7,13,2,5,,1,11,,,4,17,4,,5,4,,,4,,6,172,,,,,,,,,,,,,,2061
285917,"Madrid, Spain","Community of Madrid, Madrid, Spain",Spain,40.463667,-3.74922,land,,2023-07-18,,1,,1,2.00,0.00,0.00,1,,,,,,,,,,,,,,,,,,,,,,,,,,,,,,,,,,,,,,,,,,,,,,,,,,,,,,,,,,
285918,"Madrid, Spain","Community of Madrid, Madrid, Spain",Spain,40.463667,-3.74922,land,,2023-07-18,,1,,1,7.43,0.00,0.00,,1,,,2,,,1,,,,,,1,,,,,,1,,,,,,,1,,,,,,,,,,,,,,,,,,,,,,,,,,,,,,,,7
286320,"Santa Cruz de Tenerife, Spain","Canary Islands, Spain",Spain,28.095063236568,-16.735181389392,land,,2023-07-25,gvi,1,,1,26.33,0.00,0.00,,8,3,20,22,42,,,,1180,2,5,48,,4,59,,3,,,,,,,,1,1,,1,5,4,1,1,75,18,,,1,,,,,,,206,,,,,,,,,,,,,,1710
286702,"Santa Cruz de Tenerife, Spain","Canary Islands, Spain",Spain,28.090378461079,-16.730877806987,land,,2023-08-01,"GVI Tenerife",8,,8,51.93,0.23,0.00,,7,3,16,37,23,2,2,,962,,7,58,,6,,,7,,,,,,,,,,,,,3,,,11,2,,64,214,,,,,,,125,,,,,,,,,,,,,,1549
286793,"Santa Cruz de Tenerife, Spain","Canary Islands, Spain",Spain,28.08828726347,-16.73895737124,land,,2023-08-03,"GVI Tenerife",14,,14,136.38,0.27,0.00,,8,9,10,61,52,12,8,21,4320,,12,38,1,6,63,10,60,3,3,,,,,,,,1,2,2,2,1,2,1,14,13,302,399,,,,,,,85,,,,,,,,,,,,,,5521
287054,"Santa Cruz de Tenerife, Spain","Canary Islands, Spain",Spain,28.094827566242,-16.735301125937,land,,2023-08-08,"GVI Tenerife",15,,15,93.12,0.12,0.00,,18,5,36,24,61,6,4,10,1627,2,9,38,1,17,110,9,4,1,,,,,,,,,3,1,4,5,,2,1,30,2,234,233,1,,,1,,1,172,,,,,,,,,,,,,,2672
287146,"Santa Cruz de Tenerife, Spain","Canary Islands, Spain",Spain,28.087869761525,-16.738440105707,land,,2023-08-10,"GVI tenerife",15,,15,98.66,0.00,0.00,,2,4,10,27,30,2,9,13,4997,1,15,28,,,96,7,64,2,1,,,2,,1,,,,,4,3,,1,,8,5,310,228,,,1,,,,,,,,,,,,,,,,,,5871
287395,"Santa Cruz de Tenerife, Spain","Canary Islands, Spain",Spain,28.094781487393,-16.735237982848,land,,2023-08-15,"GVI Tenerife",6,,6,25.61,0.00,0.00,,6,16,12,26,16,5,4,5,625,,2,39,2,1,21,,9,,,,,1,,,,1,,,1,3,,,,15,,22,62,,,,,,2,25,,,,,,,,,,,,,,921
287849,"Guadalajara, Spain","Castile-La Mancha, Spain",Spain,41.136212780107,-2.7884759665202,land,,2023-08-21,SC,1,,1,0.16,0.00,0.00,,1,1,,,,,,,,,,,,,,,,,,,,,,,,,,,,,,,,,,1,,,,,,,,,,,,,,,,,,,,,,3
287867,"Santa Cruz de Tenerife, Spain","Canary Islands, Spain",Spain,28.1220604,-16.7338211,land,,2023-08-21,A,13,,13,51.62,0.00,0.00,,30,12,33,51,38,,4,17,1469,1,25,29,,,177,,5,,,,,2,,,,59,,,2,,,1,3,31,1,4,,2,,,1,,2,3,,,,,,,,,,,,,,2002
289323,"Guadalajara, Spain","Castile-La Mancha, Spain",Spain,41.137193765667,-2.784658713718,land,,2023-08-25,SC,1,,1,0.59,0.49,0.00,,,1,,1,,,1,,,,,,,,,,,,,,,,,,,1,,,,,,,,,,1,1,,,,,,,,,,,,,,,,,,,,,6
289588,"Santa Cruz de Tenerife, Spain","Canary Islands, Spain",Spain,28.08829792893,-16.738990734292,land,,2023-08-22,"GVI Tenerife",12,,12,105.16,0.01,0.00,,2,11,8,43,37,,14,26,3807,4,20,41,4,11,110,3,52,3,3,,,,,3,6,,3,1,14,,,3,6,39,3,265,202,3,2,,1,,1,103,,,,,,,,,,,,,,4854
289596,"Santa Cruz de Tenerife, Spain","Canary Islands, Spain",Spain,28.094938286479,-16.735362374648,land,,2023-08-29,"GVI Tenerife",10,,10,81.57,0.13,0.00,,8,35,34,47,56,7,3,3,950,,4,69,,16,24,,5,,,,,1,,,,,,,1,1,,,2,22,2,223,168,,,,,,,25,,,,,,,,,,,,,,1706
289985,"Alicante, Spain","Valencian Community, Spain",Spain,38.284924,-0.5622132,land,,2023-09-05,Euipo,1,,1,0.01,0.00,0.00,,,,,,,,,,,,,,,,,,,,,,,,,,,,,,,,,,,,,,,,,,,,,,,,,,,,,,,,,,,
289990,"Huesca, Spain","Aragon, Spain",Spain,42.131845,-0.4078058,land,,2023-09-05,HIPE,10,,10,229.15,0.00,0.00,,250,43,60,146,57,,38,32,65,,,,68,,72,,125,,23,,,,,32,,,,,16,,,23,,,,,,,,,58,,,,,,,,,,,,,,,,,1108
290023,"Santa Cruz de Tenerife, Spain","Canary Islands, Spain",Spain,28.089461001299,-16.731262309862,land,,2023-09-05,"GVI Tenerife",11,,11,117.47,0.00,0.00,,12,16,65,43,41,4,6,8,1671,,25,151,2,35,27,2,38,1,,,,,,,,3,1,,4,4,2,,4,69,4,102,379,,,,3,,9,,,,,,,,,,,,,,,2731
290024,"Santa Cruz de Tenerife, Spain","Canary Islands, Spain",Spain,28.08696608509,-16.737424334932,land,,2023-08-31,"GVI Tenerife",9,,9,131.72,0.13,0.00,,,1,22,40,48,5,19,52,5626,,25,17,,4,60,5,58,2,1,,,4,,1,,2,9,,8,7,,6,1,42,5,504,174,5,,,1,,,3,,,,,,,,,,,,,,6757
290640,"Almería, Spain","Andalusia, Spain",Spain,36.827445256194,-2.4518281459339,land,,2023-09-08,"Buceo Crised",50,,50,0.01,0.00,0.00,,,,,,,,,,,,,,,,,,,,,,,,,,,,,,,,,,,,,,,,,,,,,,,,,,,,,,,,,,,
292344,"Murcia, Spain","Region of Murcia, Murcia, Spain",Spain,37.9752423,-1.2369962,underwater,,2023-09-16,"Club Crised",42,,42,290.03,0.00,0.00,,6,3,104,67,45,2,2,3,,5,,6,,1,5,,,3,26,2,,5,1,,,3,,,7,,,6,,5,9,3,15,,3,1,3,,,31,,,,,,,,,,,,,,372
293412,"Girona, Spain","Catalonia, Spain",Spain,41.8492728,2.6586401,land,,2023-09-16,"Ariandeliz, Zahira, Yaimirel, Ariana y Yadrielys",5,,5,18.65,0.00,0.00,,19,5,21,44,31,1,2,13,2,1,11,11,,3,15,,,,,,,,,,,6,1,,1,2,,,,1,1,,,,,1,6,,,5,,,,,,,,,,,,,,203
294135,"Santa Cruz de Tenerife, Spain","Canary Islands, Spain",Spain,28.094536098652,-16.734431628138,land,,2023-09-19,gvi,13,,13,21.76,0.23,0.00,,1,6,11,27,73,6,,3,403,1,176,156,,25,4,,1,1,,1,,,,1,1,,,,2,1,,1,,1,,1,,,,,,,,,,,,,,,,,,,,,,903
295292,"Barcelona, Spain","Catalonia, Spain",Spain,41.3783713,2.1924685,land,,2023-09-16,"anaconda y phonex",5,,5,80.49,0.00,0.00,,8,9,51,56,7,21,9,145,3,4,1,11,,1,22,9,6,25,2,,,7,,1,,,,,3,,1,6,,3,2,2,1,1,,16,16,1,,30,,,,,,,,,,,,,,480
295922,"Girona, Spain","Catalonia, Spain",Spain,41.8492728,2.6586401,land,,2023-09-16,"Ariandeliz, Zahira, Yaimirel, Ariana y Yadrielys",5,,5,0.01,0.00,0.00,,,,,,,,,,,,,,,,,,,,,,,,,,,,,,,,,,,,,,,,,,,,,,,,,,,,,,,,,,,
296498,"Alicante, Spain","Valencian Community, Spain",Spain,38.191678,-0.5766622,land,,2023-09-21,,1,,1,0.06,0.00,0.00,,2,1,,,,,,,,,,,,,,,,,,,,,,,,,,,,,,,,,,,,,,,,,,,,,,,,,,,,,,,,3
296501,"Santa Cruz de Tenerife, Spain","Canary Islands, Spain",Spain,28.088946039788,-16.739763524383,land,,2023-09-21,gvi,1,,1,17.82,0.18,0.00,,6,90,8,2,19,,7,10,5267,,6,6,,,62,,1,,,,,,,,,1,,,3,2,,,61,13,2,3,,,,,,,,,,,,,,,,,,,,,,5569
298778,"Alicante, Spain","Valencian Community, Spain",Spain,38.636062899604,-0.86799326352775,land,,2023-09-22,,1,,1,0.01,0.00,0.00,,,,,,,,,,,,,,,,,,,,,,,,,,,,,,,,,,,,,,,,,,,,,,,,,,,,,,,,,,,
298823,"Santa Cruz de Tenerife, Spain","Canary Islands, Spain",Spain,28.090867088176,-16.731487568468,land,,2023-09-26,gvi,10,,10,35.42,0.39,0.00,,22,33,24,46,9,40,26,51,1346,,31,97,1,2,95,,308,4,,,,,,,,,,,,2,,,65,22,3,14,16,2,,,,,10,,,,,,,,,,,,,,,2269
299444,"Santa Cruz de Tenerife, Spain","Canary Islands, Spain",Spain,28.087177294311,-16.735327104657,land,,2023-09-07,"GVI Tenerife",12,,12,118.26,0.52,0.00,,12,12,22,50,43,8,7,27,6000,,18,34,1,1,49,4,30,3,3,,,,,,,,2,2,5,5,2,1,,43,3,324,242,,,,,,,22,,,,,,,,,,,,,,6975
299445,"Santa Cruz de Tenerife, Spain","Canary Islands, Spain",Spain,28.089522605622,-16.73126661985,land,,2023-09-12,"GVI Tenerife",13,,13,101.52,1.31,0.00,,21,12,51,38,67,2,5,16,1028,,6,89,,6,36,5,23,2,,,,,,,,1,2,,7,7,1,1,,54,,177,287,,,,1,,3,,,,,,,,,,,,,,,1948
299446,"Santa Cruz de Tenerife, Spain","Canary Islands, Spain",Spain,28.088346703496,-16.739005646723,land,,2023-09-14,"GVI Tenerife",13,,13,133.31,0.00,0.00,,1,2,23,39,42,2,19,17,5425,,15,32,,4,83,4,45,2,2,,,,,,,,2,,2,5,,1,4,27,4,263,455,,,,,1,,,,,,,,,,,,,,,,6521
299524,"Santa Cruz de Tenerife, Spain","Canary Islands, Spain",Spain,28.085796246305,-16.736899847165,land,,2023-09-28,gvi,11,,11,418.16,0.17,0.00,,2,109,3,17,19,4,10,25,5265,3,15,10,,,51,14,10,14,37,4,1,2,,,,1,1,,10,4,,1,45,11,6,3,5,,,,,,,,,,,,,,,,,,,,,5702
300750,"Santa Cruz de Tenerife, Spain","Canary Islands, Spain",Spain,28.0907932017,-16.742198299617,land,,2023-10-05,gvi,1,,1,37.31,0.99,0.00,,7,15,2,14,14,,11,16,3019,,1,9,2,2,34,,21,,3,,,1,,35,,,17,7,8,,,6,20,7,2,,,4,,,,,,36,,,,,,,,,,,,,,3313
301434,"Valencia, Spain","Valencian Community, Spain",Spain,38.9665543,-0.2432307,land,,2023-10-10,miremansodepaz,5,,5,22.50,0.00,0.00,3,,,,,,,,,,,,,,,,,,,,,,,,,,,,,,,,,,,,,,,,,,,,,,,,,,,,,,,,,,
301631,"Guadalajara, Spain","Castile-La Mancha, Spain",Spain,40.7619928,-2.8695567,land,,2023-10-12,MPC,1,,1,23.16,0.00,0.00,3,,,,,,,,,,,,,,,,,,,,,,,,,,,,,,,,,,,,,,,,,,,,,,,,,,,,,,,,,,
301633,"Guadalajara, Spain","Castile-La Mancha, Spain",Spain,40.7619928,-2.8695567,land,,2023-10-12,MPC,1,,1,15.44,0.00,0.00,2,,,,,,,,,,,,,,,,,,,,,,,,,,,,,,,,,,,,,,,,,,,,,,,,,,,,,,,,,,
301642,"Alicante, Spain","Valencian Community, Spain",Spain,38.537369069944,-0.12724905305046,land,,2023-10-12,MPC,1,,1,7.72,0.00,0.00,1,,,,,,,,,,,,,,,,,,,,,,,,,,,,,,,,,,,,,,,,,,,,,,,,,,,,,,,,,,
301790,"Madrid, Spain","Community of Madrid, Madrid, Spain",Spain,40.463667,-3.74922,land,,2023-10-13,mary,1,,1,0.65,0.00,0.00,,,,,6,5,,14,,,,,,,,,,,,,,,,,,,,,,,,,,,,,1,,,,,,,,,,,,,,,,,,,,,,26
301933,"Gipuzkoa, Spain","Basque Country, Spain",Spain,43.22313,-2.016,land,,2023-10-10,MPCRosapeaker,1,,1,0.01,0.00,0.00,,,,,,,,,,,,,,,,,,,,,,,,,,,,,,,,,,,,,,,,,,,,,,,,,,,,,,,,,,,
301937,"Barcelona, Spain","Catalonia, Spain",Spain,41.39957887557,2.1452362033518,land,,2023-10-10,MPC,1,,1,0.01,0.00,0.00,,,,,,,,,,,,,,,,,,,,,,,,,,,,,,,,,,,,,,,,,,,,,,,,,,,,,,,,,,,
302273,"Madrid, Spain","Community of Madrid, Madrid, Spain",Spain,40.377472622065,-3.6552077753256,land,,2023-10-11,MPC,1,,1,0.01,0.00,0.00,,,,,,,,,,,,,,,,,,,,,,,,,,,,,,,,,,,,,,,,,,,,,,,,,,,,,,,,,,,
302292,"Asturias, Spain","Asturias, Spain",Spain,43.544652,-6.3882152,land,,2023-10-15,"Gadea y Mireia",2,,2,578.60,0.00,0.00,,1,2,1,1,3,,3,3,,,,1,,,15,2,,,81,5,,,,,4,1,,,3,1,,2,,1,,5,7,,,,,,,362,,,,,,,,,,,,,,504
302314,"Guadalajara, Spain","Castile-La Mancha, Spain",Spain,40.763427508535,-2.8718982464685,land,inland,2023-10-15,MPC,1,,1,7.72,0.00,0.00,1,,,,,,,,,,,,,,,,,,,,,,,,,,,,,,,,,,,,,,,,,,,,,,,,,,,,,,,,,,
302489,"Madrid, Spain","Community of Madrid, Madrid, Spain",Spain,40.39565515,-3.69668627,land,,2023-10-16,MPC,1,,1,0.65,0.00,0.00,,4,,1,,2,,,,5,,,,,,,,3,,,,,,,,,,,,,,,,,,,,,,,,,,,,,,,,,,,,,,,,,15
302534,"Santa Cruz de Tenerife, Spain","Canary Islands, Spain",Spain,28.090819353238,-16.73147784546,land,,2023-10-17,gvi,9,,9,54.51,0.43,0.00,,49,,61,100,7,5,1,35,1641,,4,113,,2,50,3,92,2,,,,,,,,,,,2,4,,1,111,1,2,2,,,,,,,,,,,,,,,,,,,,,,2288
302770,"Santa Cruz de Tenerife, Spain","Canary Islands, Spain",Spain,28.095455761068,-16.733378693461,land,inland,2023-10-19,gvi,9,,9,35.67,0.00,0.00,,4,1,12,35,30,,10,32,2018,14,,29,,,96,3,29,,1,,,,,,,,4,1,3,4,,,,18,,19,83,,,,,,,13,,,,,,,,,,,,,,2459
303225,"Santa Cruz de Tenerife, Spain","Canary Islands, Spain",Spain,28.095124717802,-16.733710784465,land,inland,2023-10-24,gvi,9,,9,32.89,0.00,0.00,,8,14,34,36,26,,15,34,800,3,9,119,,1,31,,6,,,,,,,,,1,,,,3,,,2,47,,2,39,,,,,,,,,,,,,,,,,,,,,1230
303344,"Guadalajara, Spain","Castile-La Mancha, Spain",Spain,40.763427508535,-2.8718982464685,land,inland,2023-10-15,MPC,1,,1,7.72,0.00,0.00,1,,,,,,,,,,,,,,,,,,,,,,,,,,,,,,,,,,,,,,,,,,,,,,,,,,,,,,,,,,
303345,"Guadalajara, Spain","Castile-La Mancha, Spain",Spain,40.761269428805,-2.8697328921434,land,inland,2023-10-25,MPC,1,,1,6.61,0.00,0.00,,,,,,,,,,,,,,,,,,,,,,,,,,,,,,,,,,,,,,,,,,,,,,,,,,,,,,,,,,,
303757,"Santa Cruz de Tenerife, Spain","Canary Islands, Spain",Spain,28.090585596722,-16.731237674227,land,inland,2023-10-24,"GVI Tenerife",7,,7,32.85,0.26,0.00,,8,14,34,36,27,,15,24,800,,9,119,,1,31,,6,,,,,,,,,1,,,,3,,,2,47,,2,39,,,,,,,,,,,,,,,,,,,,,1218
304292,"Santa Cruz de Tenerife, Spain","Canary Islands, Spain",Spain,28.095021443698,-16.735268719605,land,inland,2023-10-31,"GVI Tenerife",5,,5,16.74,0.35,0.00,,7,5,12,22,39,,6,5,981,,6,25,,2,23,,,1,,,,,,,1,,,,,1,,,,8,,1,41,,,,,,,3,,,,,,,,,,,,,,1189
304478,"Santa Cruz de Tenerife, Spain","Canary Islands, Spain",Spain,28.090784199956,-16.74222335785,land,inland,2023-11-02,"GVI Tenerife",5,,5,25.52,0.53,0.00,,1,1,2,4,8,,2,2,1756,,3,3,,,34,,4,,1,,,1,,,4,,,,1,,,1,,6,1,5,76,,,,,,,59,,,,,,,,,,,,,,1975
304789,"Santa Cruz de Tenerife, Spain","Canary Islands, Spain",Spain,28.0766856,-16.7319493,land,inland,2023-11-07,GVI,4,,4,27.27,0.00,0.00,,,,18,13,25,,6,,876,,19,25,,6,2,30,140,1,,,,1,,,,1,,,3,5,,1,1,1,,6,66,1,,,,1,2,,,,,,,,,,,,,,,1250
304905,"Guadalajara, Spain","Castile-La Mancha, Spain",Spain,40.763343102741,-2.8720631127098,land,inland,2023-11-08,MPC,1,,1,15.43,0.00,0.00,1,,,,,,,,,,,,,,,,,,,,,,,,,,,,,,,,,,,,,,,,,,,,,,,,,,,,,,,,,,
304906,"Guadalajara, Spain","Castile-La Mancha, Spain",Spain,40.763343102741,-2.8720631127098,land,inland,2023-11-08,MPC,1,,1,2.20,0.00,0.00,1,,,,,,,,,,,,,,,,,,,,,,,,,,,,,,,,,,,,,,,,,,,,,,,,,,,,,,,,,,
305314,"Santa Cruz de Tenerife, Spain","Canary Islands, Spain",Spain,28.0766856,-16.7319493,land,inland,2023-11-14,GVI,5,,5,17.83,0.00,0.00,,2,3,9,21,30,,8,6,1124,,5,8,,3,23,6,1,2,,,,,,2,,1,,,,3,,,2,29,,32,31,1,,,,,,2,,,,,,,,,,,,,,1354
305569,"Barcelona, Spain","Catalonia, Spain",Spain,41.381119102812,2.1918728866694,land,saltwater,2023-09-16,"AKTI Barcelona",2,,2,1.10,0.06,0.00,1,,,,,,,,,,,,,,,,,,,,,,,,,,,,,,,,,,,,,,,,,,,,,,,,,,,,,,,,,,
305570,"Madrid, Spain","Community of Madrid, Madrid, Spain",Spain,40.425689591011,-3.6600684462573,land,inland,2023-09-16,"AKTI Madrid",4,,4,4.41,0.06,0.00,1,,,,,,,,,,,,,,,,,,,,,,,,,,,,,,,,,,,,,,,,,,,,,,,,,,,,,,,,,,
306497,"Santa Cruz de Tenerife, Spain","Canary Islands, Spain",Spain,28.0766856,-16.7319493,land,inland,2023-11-21,GVI,5,,5,27.92,0.00,0.00,,3,7,28,25,17,2,2,10,1623,,18,71,,8,10,18,72,,,,,1,,,,,,,,6,2,,2,36,,5,23,,,,,,,,,,,,,,,,,,,,,1989
307071,"Santa Cruz de Tenerife, Spain","Canary Islands, Spain",Spain,28.09381677,-16.73446165,land,inland,2023-11-28,"GVI Tenerife",6,,6,20.08,0.00,0.00,,31,7,5,14,14,4,1,1,716,,8,13,,10,19,,1,,,,,,,,1,15,,,1,3,,,13,16,4,11,34,,,,1,,,3,,,,,,,,,,,,,,946
307194,"Santa Cruz de Tenerife, Spain","Canary Islands, Spain",Spain,28.0883193,-16.73901242,land,inland,2023-11-30,"GVI Tenerife",6,,6,17.63,0.00,0.00,,4,16,5,5,4,2,6,16,2451,,2,5,,,7,,9,2,,,,,,,,,,1,,,,4,,3,6,38,29,,,,3,,,,,,,,,,,,,,,,,2618
307580,"Santa Cruz de Tenerife, Spain","Canary Islands, Spain",Spain,28.09064217,-16.73125643,land,inland,2023-12-05,"GVI Tenerife",6,,6,38.78,0.00,0.00,,14,10,45,25,18,3,72,22,2688,,23,61,,4,17,1,92,2,,,,,,,,,,4,,8,1,1,4,29,1,15,40,,,,,,,,,,,,,,,,,,,,,3200
307593,"Guadalajara, Spain","Castile-La Mancha, Spain",Spain,40.7619928,-2.8695567,land,inland,2023-12-05,MPC,1,,1,7.72,0.00,0.00,1,,,,,,,,,,,,,,,,,,,,,,,,,,,,,,,,,,,,,,,,,,,,,,,,,,,,,,,,,,
307883,"Guadalajara, Spain","Castile-La Mancha, Spain",Spain,40.7619928,-2.8695567,land,inland,2023-12-09,MPC,1,,1,30.88,0.00,0.00,4,,,,,,,,,,,,,,,,,,,,,,,,,,,,,,,,,,,,,,,,,,,,,,,,,,,,,,,,,,
308067,"Santa Cruz de Tenerife, Spain","Canary Islands, Spain",Spain,28.0904449,-16.73119739,land,inland,2023-12-13,"GVI Tenerife",9,,9,40.68,0.00,0.00,,15,8,41,43,31,3,33,12,1758,1,15,69,3,8,35,10,21,2,,,,,,1,,1,,2,1,1,,1,2,33,5,,50,,,,,,1,,,,,,,,,,,,,,,2206
308094,"Santa Cruz de Tenerife, Spain","Canary Islands, Spain",Spain,28.08822836,-16.73897984,land,inland,2023-12-14,"GVI Tenerife",9,,9,62.33,0.13,0.00,,13,22,11,25,38,15,12,48,4509,,23,28,1,2,24,14,37,6,5,,,,,,4,,5,1,3,6,1,4,2,60,10,3,31,2,,,8,,,,,,,,,,,,,,,,,4973
308239,"Santa Cruz de Tenerife, Spain","Canary Islands, Spain",Spain,28.09487426,-16.73530746,land,inland,2023-12-19,"GVI Tenerife",5,,5,8.69,0.00,0.00,,28,2,1,11,30,2,1,7,1057,,7,20,1,2,39,1,,,,,,,,,,,1,,,1,,,6,29,,1,17,,,,1,,,,,,,,,,,,,,,,,1265
308418,"Santa Cruz de Tenerife, Spain","Canary Islands, Spain",Spain,28.08840424,-16.73883726,land,inland,2023-12-21,"GVI Tenerife",4,,4,14.99,0.80,0.00,,14,7,3,14,11,12,10,34,2123,,10,18,2,,28,7,15,4,,,,,,,1,8,12,,7,3,2,1,,13,2,1,18,,,1,5,,,,,,,,,,,,,,,,,2386
308850,"Santa Cruz de Tenerife, Spain","Canary Islands, Spain",Spain,28.08833796,-16.73903119,land,inland,2024-01-04,"GVI Tenerife",3,,3,46.74,0.24,0.00,,10,10,25,31,23,8,9,33,1345,,8,65,,1,42,11,32,4,2,,,,,,,,,4,2,4,,1,2,24,11,23,18,,,1,1,,1,,,,,,,,,,,,,,,1751
308896,"Barcelona, Spain","Catalonia, Spain",Spain,41.37276662,2.1633006,land,inland,2024-01-01,"RCGA NYD24",3,,3,0.01,0.00,0.00,,,,,,,,,,,,,,,,,,,,,,,,,,,,,,,,,,,,,,,,,,,,,,,,,,,,,,,,,,,
308897,"Barcelona, Spain","Catalonia, Spain",Spain,41.3911086,2.20227689,land,inland,2024-01-05,"RCGA NYD24",3,,3,210.00,0.00,0.00,14,,,,,,,,,,,,,,,,,,,,,,,,,,,,,,,,,,,,,,,,,,,,,,,,,,,,,,,,,,
309080,"Santa Cruz de Tenerife, Spain","Canary Islands, Spain",Spain,28.09077453,-16.7311853,land,inland,2024-01-09,"GVI Tenerife",7,,7,38.57,0.00,0.00,,34,2,47,26,11,5,6,21,1347,,10,105,2,8,34,3,19,1,,,,,,3,3,,,,2,4,,,6,55,1,3,22,1,,,2,,,,,,,,,,,,,,,,,1783
309218,"Santa Cruz de Tenerife, Spain","Canary Islands, Spain",Spain,28.08821052,-16.73898466,land,inland,2024-01-11,"GVI Tenerife",6,,6,84.50,0.70,0.00,,13,12,7,10,12,12,9,59,2375,,4,19,,3,52,8,76,29,8,,,,,,,2,2,3,12,6,1,3,3,16,16,8,22,,1,1,3,,2,,,,,,,,,,,,,,,2809
309699,"Santa Cruz de Tenerife, Spain","Canary Islands, Spain",Spain,28.09060365,-16.73190678,land,inland,2024-01-16,"GVI Tenerife",7,,7,24.87,0.24,0.00,,22,3,19,34,44,5,2,12,810,,4,96,1,1,33,,2,,,,,,,,1,,,1,4,2,,,11,20,4,3,15,,,,1,,5,,,,,,,,,,,,,,,1155
309898,"Murcia, Spain","Region of Murcia, Murcia, Spain",Spain,37.470848922633,-1.4990398079429,land,freshwater,2023-10-07,"Associacion Ambiente Europeo (AAE) #TeamSeas",12,,12,873.03,0.12,0.00,,,,,,,,,,,,,,,,,,,,,,,,,,,,,,,,,,,,,,,,,,,,,,,,,,,,,,,,,,,
310676,"Santa Cruz de Tenerife, Spain","Canary Islands, Spain",Spain,28.09066663,-16.73127043,land,inland,2024-01-23,"GVI Tenerife",6,,6,22.65,0.00,0.00,,12,2,27,22,17,7,12,14,1150,,1,38,,3,13,4,13,2,,,,,,1,,,,1,,1,1,,1,11,3,8,14,,,,,,1,,,,,,,,,,,,,,,1379
311515,"Santa Cruz de Tenerife, Spain","Canary Islands, Spain",Spain,28.08687878,-16.73778715,land,inland,2024-01-25,"GVI Tenerife",6,,6,0.04,0.00,0.00,,,,,,,,,,724,,,,,,,,,,,,,,,,,,,,,,,,,,,,,,,,,,,,,,,,,,,,,,,,,724
311529,"Santa Cruz de Tenerife, Spain","Canary Islands, Spain",Spain,28.09527313,-16.73377013,land,inland,2024-01-25,"GVI Tenerife",6,,6,0.00,0.00,0.00,,,,,,,,,,12,,,,,,,,,,,,,,,,,,,,,,,,,,,,,,,,,,,104,,,,,,,,,,,,,,116
311634,"Cantabria, Spain","Cantabria, Spain",Spain,43.3522342,-4.04419591,land,inland,2024-01-26,"Colegio Dr. Fernando Arce 🍁",13,,13,0.15,5.97,0.00,,,,,3,,,,,,,,,,,,,,,,,,,,,,,,,,,,,,,,,,,,,,,,,,,,,,,,,,,,,,3
311991,"Cantabria, Spain","Cantabria, Spain",Spain,43.34546323,-4.04483239,land,inland,2024-01-26,"Colegio Dr. Fernando Arce ?",1,,1,0.01,0.00,0.00,,,,,,,,,,,,,,,,,,,,,,,,,,,,,,,,,,,,,,,,,,,,,,,,,,,,,,,,,,,
312630,"Almería, Spain","Andalusia, Spain",Spain,36.741335670339,-3.0196995826521,land,saltwater,2022-09-23,"Associacion Ambiente Europeo (AAE) #TeamSeas",8,,8,"40,035.90",0.25,0.00,,,,,,,,,,,,,,,,,,,,,,,,,,,,,,,,,,,,,,,,,,,,,,,,,,,,,,,,,,,
314794,"Santa Cruz de Tenerife, Spain","Canary Islands, Spain",Spain,28.08866539,-16.73968683,land,inland,2024-02-08,"GVI Tenerife",5,,5,14.43,0.01,0.00,,14,5,3,1,4,6,6,14,641,,1,6,,,38,1,9,1,,,,,,,4,,5,2,5,,,3,4,1,2,6,38,,,,4,,1,,,,,,,,,,,,,,,825
314997,"Santa Cruz de Tenerife, Spain","Canary Islands, Spain",Spain,28.09074662,-16.73121461,land,inland,2024-02-12,"GVI Tenerife",5,,5,20.97,0.00,0.00,,5,1,24,9,9,2,15,25,627,,3,52,,2,15,1,42,1,,,,,,1,4,,1,,,8,4,,,14,6,,8,,,,,,1,,,,,,,,,,,,,,,880
315262,"Santa Cruz de Tenerife, Spain","Canary Islands, Spain",Spain,28.08570047,-16.73709295,land,inland,2024-02-15,"GVI Tenerife",5,,5,22.10,0.36,0.00,,,1,7,2,2,3,11,11,650,,6,9,,3,13,6,19,8,1,,,,,,,,,2,2,1,,1,2,1,11,7,13,,,1,3,,,,,,,,,,,,,,,,,796
315263,"Girona, Spain","Catalonia, Spain",Spain,42.1181833,2.7651488,land,inland,2024-02-15,Repro,1,,1,20.36,0.00,0.00,,,1,,,,,,,4,,,,,,,,,1,,,,,1,,,,,,1,,,,,,,,,,,,,,,,,,,,,,,,,,,,,8
315599,"Girona, Spain","Catalonia, Spain",Spain,42.1181833,2.7651488,land,inland,2024-02-15,Repro,1,,1,0.01,0.00,0.00,,,,,,,,,,,,,,,,,,,,,,,,,,,,,,,,,,,,,,,,,,,,,,,,,,,,,,,,,,,
316790,"Santa Cruz de Tenerife, Spain","Canary Islands, Spain",Spain,28.095162813552,-16.733744731173,land,inland,2024-02-22,gvi,1,,1,0.01,0.00,0.00,,,,,,,,,,,,,,,,,,,,,,,,,,,,,,,,,,,,,,,,,,,,,,,,,,,,,,,,,,,
316807,"Ciudad Real, Spain","Castile-La Mancha, Spain",Spain,38.87508,-2.80044,land,freshwater,2023-10-28,"Laguna Blanca - Asociacin Ambiente Europeo",16,,16,15.43,0.31,0.00,,4,,,13,20,,,,6,,,,,,,,,,,,,,4,,,,,1,10,,,,,,,,105,,,,,,,37,,,,,,,,,,,,,,200
316808,"Albacete, Spain","Castile-La Mancha, Spain",Spain,38.92742,-2.82864,land,freshwater,2023-10-28,"Laguna Tomilla - Bao de las Mulas - Asociacin Ambiente Europeo",8,,8,19.84,0.20,0.00,,,,,,158,,25,,1829,,,,,,,,6,,,,,3,,,,,,,9,,,,,,,,16,,,,,,1,379,,,,,,,,,,,,,,2426
316809,"Albacete, Spain","Castile-La Mancha, Spain",Spain,38.92657,-2.834083,land,freshwater,2023-10-28,"Camino Natural del Guadiana - Asociacin Ambiente Europeo",9,,9,11.02,0.31,0.00,,,,,11,4,,15,90,608,,,,,,,,,,,,,93,,11,,,,,9,,,,,,,,29,1,,,,,1,85,,,,,,,,,,,,,,957
316810,"Albacete, Spain","Castile-La Mancha, Spain",Spain,38.930435,-2.838073,land,freshwater,2023-10-28,"Laguna Tinaja - Playa Notarios - Asociacin Ambiente Europeo",7,,7,13.23,0.12,0.00,,4,,,2,38,,,,393,,,1,,,,,,1,,,,25,,,,1,,,,,,,,,,1,35,,,,,,15,65,,,,,,,,,,,,,,581
316811,"Albacete, Spain","Castile-La Mancha, Spain",Spain,38.93557,-2.846505,land,freshwater,2023-10-28,"Laguna San Pedra - margen Izquierdo - Asociacin Ambiente Europeo",8,,8,17.64,0.31,0.00,,,1,,1,10,,270,22,2417,,,3,,,60,,4,,2,,,,,,,,10,2,2,,1,,,,,,19,,1,,,,,1,,,,,,,,,,,,,,2826
316812,"Albacete, Spain","Castile-La Mancha, Spain",Spain,38.938029,-2.847699,land,freshwater,2023-10-28,"Cauce entre San Pedra y Redonilla - Asociacin Ambiente Europeo",4,,4,6.61,0.33,0.00,,,,,5,,,25,60,620,,,15,,,,,10,15,5,,,4,,,,,,5,4,,,,,,,1,50,,,,1,,12,,,,,,,,,,,,,,,832
316813,"Albacete, Spain","Castile-La Mancha, Spain",Spain,38.94081,-2.84971,land,freshwater,2023-10-28,"Laguna Redondilla - Asociacin Ambiente Europeo",7,,7,6.61,0.47,0.00,,10,,,,,,,50,180,,,20,,,30,,10,10,,,,,,,,,,,,,,,,,,,22,,,,,,,,,,,,,,,,,,,,,332
316814,"Albacete, Spain","Castile-La Mancha, Spain",Spain,38.948972,-2.856266,land,freshwater,2023-10-28,"Miradores Laguna Lengua - Asociacin Ambiente Europeo",7,,7,24.25,0.21,0.00,,,14,,2,45,,45,135,500,,,1,,1,120,,3,1,,,,1,,1,,,2,2,5,,1,,,2,,,60,,,,,,,127,,,,,,,,,,,,,,1068
316815,"Albacete, Spain","Castile-La Mancha, Spain",Spain,38.952,-2.86343,land,freshwater,2023-10-28,"Margen Dcho Laguna Santos Morcillo - Asociacin Ambiente Europeo",7,,7,4.41,0.09,0.00,,,,,,1,,44,30,640,,,,,,,,,,,,,,,,,,,,,,,,,,,,9,,,,,,,94,,,,,,,,,,,,,,818
316816,"Albacete, Spain","Castile-La Mancha, Spain",Spain,38.959801,-2.872226,land,freshwater,2023-10-28,"La Isla - Asociacin Ambiente Europeo",3,,3,13.23,0.53,0.00,,,7,,3,28,,12,6,149,,,,,29,45,,,,1,,,,,,,,,,2,,,,,1,,1,10,,,,1,,1,6,,,,,,,,,,,,,,302
316817,"Ciudad Real, Spain","Castile-La Mancha, Spain",Spain,38.97132644883,-2.8861989765238,land,freshwater,2023-10-28,"Laguna del Rey - Playa Perca Rosa - Asociacin Ambiente Europeo",7,,7,6.61,0.16,0.00,,4,3,,6,4,,15,15,252,,,6,,,15,,6,,3,,,1,,,,,8,,7,,,,,4,,,69,,,,,,,41,,,,,,,,,,,,,,459
316819,"Ciudad Real, Spain","Castile-La Mancha, Spain",Spain,38.971844,-2.889981,land,freshwater,2023-10-28,"Laguna Hundimiento - Asociacin Ambiente Europeo",6,,6,8.82,0.06,0.00,,1,8,,10,8,,4,5,415,,,2,,,76,,4,,,,,,,,,1,,,4,,,,,,,,15,,,,1,,2,68,,,,,,,,,,,,,,624
316820,"Ciudad Real, Spain","Castile-La Mancha, Spain",Spain,39.061396,-3.006053,land,freshwater,2023-10-28,"Embalse Pearroya  - Asociacin Ambiente Europeo",7,,7,37.48,1.86,0.00,,1,29,,15,69,,18,34,520,,,21,,,12,,,10,33,,,,,,,28,23,,,,,,,10,,,21,1,,,,,1,7,,,,,,,,,,,,,,853
316821,"Albacete, Spain","Castile-La Mancha, Spain",Spain,38.936207,-2.845569,land,freshwater,2023-10-28,"Laguna San Pedra - Asociacin Ambiente Europeo",5,,5,127.87,0.31,0.00,,,,,,,,4,,27,,,,,,,,,,11,,,6,,,,,,,6,,,,,,,,24,,,,,,,12,,,,,,,,,,,,,,90
316822,"Albacete, Spain","Castile-La Mancha, Spain",Spain,38.951642,-2.863022,land,freshwater,2023-08-23,"Laguna Santos Morcillo. Parque Natural Lagunas de Ruidera - Asociacin Ambiente Europeo",34,,34,11.02,0.10,0.00,,15,16,,9,122,,321,62,8624,,,28,,28,113,,81,19,29,,,9,30,,,1,37,22,101,,1,,,7,,14,514,,5,,19,,,721,,,,,,,,,,,,,,10948
316823,"Alicante, Spain","Valencian Community, Spain",Spain,38.434694,-0.382636,land,saltwater,2023-10-18,"Playa de la Almadraba - Asociacin Ambiente Europeo",38,,38,33.07,0.19,0.00,,,,,3,,,,,11,,,,,,,,,,11,,,,,,,,,1,,,,,,,,,5,,,,,,,8,,,,,,,,,,,,,,39
316824,"Alicante, Spain","Valencian Community, Spain",Spain,38.347469,-0.474791,land,saltwater,2023-06-14,"Playa El Postiguet - Asociacin Ambiente Europeo",26,,26,11.02,0.37,0.00,,,,,13,,,4,,61,,,,,,,,,5,27,,,,,,,1,,,,,,,,,,3,27,,,,27,,19,89,,,,,,,,,,,,,,276
316825,"Cantabria, Spain","Cantabria, Spain",Spain,43.42384,-3.444225,land,saltwater,2023-10-31,"Playa La Salv - Asociacin Ambiente Europeo",1,,1,2.20,0.19,0.00,,,,,,,,,19,16,,,,,3,3,,,2,4,,,1,,,,,,3,1,,,,,,,,9,,20,,,,3,214,,,,,,,,,,,,,,298
316826,"Cantabria, Spain","Cantabria, Spain",Spain,43.420662,-3.453329,land,freshwater,2023-11-02,"Playa del Regatn - Asociacin Ambiente Europeo",1,,1,8.82,0.31,0.00,,1,2,,6,2,,,1,,,,2,,1,3,,,,1,,,,,,,3,,1,2,,,,,,,,4,,,,,,3,15,,,,,,,,,,,,,,47
316827,"Murcia, Spain","Region of Murcia, Murcia, Spain",Spain,37.406433,-1.56585,land,saltwater,2023-10-13,"Playa de las Delicias - Asociacin Ambiente Europeo",8,,8,11.02,0.12,0.00,,3,3,,1,1,,5,9,90,,,2,,1,8,,9,3,22,,,5,,,,,6,2,17,,,,,5,,2,11,,,,,,,106,,,,,,,,,,,,,,311
316828,,,Spain,43.567137,-6.151155,underwater,saltwater,2023-10-22,"Puerto de Cudillero - Asociacin Ambiente Europeo",44,,44,771.62,0.16,0.00,,,,,17,33,,,,,,,4,,8,,,,,130,,,9,8,,,9,,,9,,10,,,3,,2,104,,,,,,,4,,,,,,,,,,,,,,350
316829,,,Spain,37.663485,-0.740541,underwater,saltwater,2023-11-29,"Isla del Ciervo  - Asociacin Ambiente Europeo",6,,6,11.02,0.12,0.00,,4,,,,1,,,,,,,1,,,,,,,3,,,,2,,,,,,1,,,,,,,,2,,,,,,,,,,,,,,,,,,,,,14
316830,,,Spain,37.66123,-0.733837,land,saltwater,2023-11-29,"Isla del Ciervo - Asociacin Ambiente Europeo",18,,18,33.07,0.25,0.00,,21,1,,8,12,,,7,1,,,2,,4,15,,,5,4,,,,1,,,,,,1,,,,,,,8,19,,,,4,,,13,,,,,,,,,,,,,,126
316831,"Málaga, Spain","Andalusia, Spain",Spain,36.683181,-4.44427,land,saltwater,2023-12-18,"Playa de la Misericordia - Mlaga - Asociacin Ambiente Europeo",1,,1,52.91,0.03,0.00,,1,2,,6,7,,2,10,20,,,2,,4,6,,3,2,5,,,13,,1,,1,1,,6,,,,,7,,6,34,,,,,,3,212,,,,,,,,,,,,,,354
316832,"Santa Cruz de Tenerife, Spain","Canary Islands, Spain",Spain,28.060056,-16.735841,land,saltwater,2023-12-24,"Playa de Las Amricas - Arona  - Asociacin Ambiente Europeo",1,,1,19.84,0.06,0.00,,,3,,7,4,,7,10,92,,,,,,,,,,,,,,,,,,,,2,,,,,,,,58,1,,,,1,30,5,,,,,,,,,,,,,,220
316833,"Tarragona, Spain","Catalonia, Spain",Spain,41.066152,1.072387,land,saltwater,2023-11-21,"Playa de Cambrils (Tarragona) - Asociacin Ambiente Europeo",1,,1,4.41,0.06,0.00,,,,,3,1,,,1,5,,,1,,1,,,,,3,,,,,,,,,,,,,,,,,,,,,,,,1,13,,,,,,,,,,,,,,29
316834,"Gipuzkoa, Spain","Basque Country, Spain",Spain,43.326115,-1.980507,land,saltwater,2023-10-18,"Playa de la Zurriola - Asociacin Ambiente Europeo",1,,1,2.20,0.03,0.00,,,,,,,,,3,8,,,,,,2,,,,,,,,,,,,,,,,,,,,,,2,,1,,,,,3,,,,,,,,,,,,,,19
316835,"Barcelona, Spain","Catalonia, Spain",Spain,41.377802,2.192451,land,saltwater,2023-11-18,"Playa de la Barceloneta - Asociacin Ambiente Europeo",1,,1,6.61,0.07,0.00,,1,,,2,2,,3,3,22,,,2,,1,3,,5,,4,,,1,,,,,1,1,2,,,,,1,,,8,,3,,,,1,5,,,,,,,,,,,,,,71
316836,"Barcelona, Spain","Catalonia, Spain",Spain,41.253768,1.903166,land,saltwater,2023-10-22,"Playa El Garraf - Sitges - Asociacin Ambiente Europeo",2,,2,4.41,0.02,0.00,,,3,,5,4,,,1,15,,,,,,5,,,,4,,,,,,,,,,,,,,,,,,1,,1,,2,,2,,,,,,,,,,,,,,,43
316837,"Gipuzkoa, Spain","Basque Country, Spain",Spain,43.327532,-1.972153,land,saltwater,2023-11-05,"Playa de la Zurriola - Asociacin Ambiente Europeo",1,,1,15.43,0.06,0.00,,2,,,4,,,,6,,,,,,2,1,,,1,9,,,2,,,,1,,,1,,,,,,,6,3,,2,,1,,,4,,,,,,,,,,,,,,45
316838,"Tarragona, Spain","Catalonia, Spain",Spain,41.066152,1.072387,land,saltwater,2023-11-21,"Platja den Fors - Asociacin Ambiente Europeo",1,,1,4.41,0.06,0.00,,,,,3,1,,,,5,,,,,1,,,1,1,1,,,,,,,,,,,,,,,,,,,,,,,,1,13,,,,,,,,,,,,,,27
316839,"Cantabria, Spain","Cantabria, Spain",Spain,43.424781,-3.444789,land,saltwater,2023-11-10,"Playa de la Salv - Asociacin Ambiente Europeo",1,,1,8.82,0.06,0.00,,1,1,,,,,,3,1,,,,,,,,,,3,,,1,,,,,,,,,,,,,,,2,,,,,,3,17,,,,,,,,,,,,,,32
316840,"Las Palmas, Spain","Canary Islands, Spain",Spain,28.742212,-13.87287,land,saltwater,2023-10-06,"El Charco de Bristol - Asociacin Ambiente Europeo",4,,4,6.61,0.06,0.00,,,,,,5,,,12,22,,,,,3,6,,15,,7,,,2,,,,,,,,,,,,,,,3,,3,,,,,497,,,,,,,,,,,,,,575
316841,"Gipuzkoa, Spain","Basque Country, Spain",Spain,43.287939,-2.168187,land,saltwater,2023-10-07,"Playa de Zarautz - Asociacin Ambiente Europeo",1,,1,2.20,0.06,0.00,,,,,,,,,,,,,,,,,,,,,,,,,,,1,,,,,,,,,,,1,,,,,,,1,,,,,,,,,,,,,,3
316842,"Gipuzkoa, Spain","Basque Country, Spain",Spain,43.325722,-1.97643,land,saltwater,2023-10-02,"La Zurriola (Donostia - Gipuzkoa) - Asociacin Ambiente Europeo",1,,1,8.82,0.06,0.00,,,1,,,1,,1,8,4,,,1,,,11,,,2,,,,,,,,,,2,,,,,,,,4,8,,4,,,,,54,,,,,,,,,,,,,,101
316843,"Murcia, Spain","Region of Murcia, Murcia, Spain",Spain,37.605663,-0.724364,land,saltwater,2023-05-19,"Cala Magre - Calblanque  - Asociacin Ambiente Europeo",1,,1,6.61,0.06,0.00,,,2,,,,,,4,5,,,,,,2,,,,3,,,,,,,,,,,,,,,1,,2,,,,,,,,21,,,,,,,,,,,,,,40
316844,"Las Palmas, Spain","Canary Islands, Spain",Spain,28.746717,-13.918213,land,saltwater,2023-05-26,"Playa de Caleta del Barco - La Oliva - Asociacin Ambiente Europeo",1,,1,30.86,0.06,0.00,,1,3,,3,,,1,36,11,,,,,,1,,1,,22,,,,,,,,,,,,,,,,,7,7,,9,,,,2,459,,,,,,,,,,,,,,563
316845,"Las Palmas, Spain","Canary Islands, Spain",Spain,28.740029,-13.950258,land,saltwater,2023-09-19,"Playa del Hierro - Asociacin Ambiente Europeo",1,,1,6.61,0.06,0.00,,,,,,10,,,1,1,,,,,,1,,,,1,,,,,,,,1,,1,,,,,,,,,,,,,,,1,,,,,,,,,,,,,,17
316846,"Las Palmas, Spain","Canary Islands, Spain",Spain,28.21477,-14.22322,land,saltwater,2023-05-24,"Playa del Viejo Reyes - Asociacin Ambiente Europeo",1,,1,4.41,0.06,0.00,,3,2,,2,1,,,,12,,,,,,6,,2,,5,,,,,,,,,,,,,,,,,,4,,,,,,,9,,,,,,,,,,,,,,46
316847,"Gipuzkoa, Spain","Basque Country, Spain",Spain,43.379053,-1.794201,land,saltwater,2023-06-28,"Playa de Hondarribia  - Asociacin Ambiente Europeo",2,,2,4.41,0.06,0.00,,,,,2,,,,4,35,,,2,,,15,,2,2,,,,,,,,,,,,,,,,,,1,2,,,,,,,15,,,,,,,,,,,,,,80
316848,"Las Palmas, Spain","Canary Islands, Spain",Spain,29.127492,-13.464679,land,saltwater,2023-07-02,"Playa de La Garita-Arrieta - Asociacin Ambiente Europeo",18,,18,4.41,0.12,0.00,,1,,,4,5,,5,6,320,,,8,,25,20,,6,3,,,,,,,,,,,6,,,,,3,,,2,,,,,,,,,,,,,,,,,,,,,414
316849,"Gipuzkoa, Spain","Basque Country, Spain",Spain,43.32558,-1.977409,land,saltwater,2023-07-04,"Playa de la Zurriola (Donostia - Gipuzkoa - Euskadi) - Asociacin Ambiente Europeo",1,,1,6.61,0.06,0.00,,5,7,,7,4,,,,15,,,,,,5,,,,,,,,,,,,,,,,,,,,,,8,,,,,,,20,,,,,,,,,,,,,,71
316850,"Gipuzkoa, Spain","Basque Country, Spain",Spain,43.288767,-2.127797,land,saltwater,2023-07-03,"Playa de Orio (Orio - Gipuzkoa) - Asociacin Ambiente Europeo",1,,1,2.20,0.06,0.00,,,,,,,,,,19,,,,,,11,,5,,,,,,,,,,,,,,,,,,,,2,,,,,,,17,,,,,,,,,,,,,,54
316851,"Biscay, Spain","Basque Country, Spain",Spain,43.430315,-2.810269,land,saltwater,2023-07-05,"Playa de Bakio (Vizcaya - Euskadi) - Asociacin Ambiente Europeo",3,,3,2.20,0.09,0.00,,,1,,1,,,,1,2,,,,,,,,,,,,,,,,,,,,,,,,,,,,1,,,,,,1,,,,,,,,,,,,,,,7
316852,"Gipuzkoa, Spain","Basque Country, Spain",Spain,43.28746,-2.172668,land,saltwater,2023-07-18,"Playa de Zarautz (Gipuzkoa - Euskadi) - Asociacin Ambiente Europeo",1,,1,8.82,0.06,0.00,,,,,1,3,,,1,5,,,1,,1,1,,,,,,,,,,,,,5,,,,,,,,,27,,,,2,,,16,,,,,,,,,,,,,,63
316853,"A Coruña, Spain","Galicia, Spain",Spain,43.638653,-8.11723,land,saltwater,2023-07-01,"Playa de Pantn - Asociacin Ambiente Europeo",1,,1,6.61,0.06,0.00,,,2,,1,1,,,4,10,,,,,3,1,,,,2,,,,,,,,,,1,,,,,,,1,5,,,,,,,2,,,,,,,,,,,,,,33
316854,"Girona, Spain","Catalonia, Spain",Spain,42.405762,3.155362,land,saltwater,2023-12-02,"Playa de  los Muertos - Asociacin Ambiente Europeo",30,,30,229.28,0.09,0.00,,22,10,,10,14,,8,15,58,,,,,,,,25,,11,,,3,1,,,1,,,5,,,,,5,,20,54,1,40,,,,,,,,,,,,,,,,,,,303
316855,"Girona, Spain","Catalonia, Spain",Spain,42.381303,3.155666,land,saltwater,2023-10-15,"Playa de Grifeu - Asociacin Ambiente Europeo",24,,24,26.46,0.09,0.00,,,5,,6,10,,12,10,70,,,,,15,10,,6,,9,,,1,,,,1,2,,2,,,,,3,,,42,,30,,3,,3,78,,,,,,,,,,,,,,318
316856,"Girona, Spain","Catalonia, Spain",Spain,42.366179,3.151428,land,freshwater,2023-10-08,"Riera de Llan - Asociacin Ambiente Europeo",15,,15,370.38,0.62,0.00,,33,8,,81,63,,20,39,34,,,10,,19,31,,22,5,9,,,3,2,4,,15,2,,,,7,,,23,,27,158,,20,,21,,10,120,,,,,,,,,,,,,,786
316857,"Girona, Spain","Catalonia, Spain",Spain,42.360715,3.162705,land,saltwater,2023-09-16,"Playa del Cau del Llop - Asociacin Ambiente Europeo",65,,65,216.05,0.09,0.00,,10,,,10,13,,22,25,400,,,,,2,15,,15,,8,,,2,3,,,1,,,2,,,,,7,,4,62,,50,,,,10,237,,,,,,,,,,,,,,898
316858,"Girona, Spain","Catalonia, Spain",Spain,42.392917,3.152524,land,saltwater,2023-06-03,"PLAYA DE GARBET - COLERA - Asociacin Ambiente Europeo",40,,40,"1,025.15",0.26,0.00,,10,,,52,40,,30,84,312,,,11,,,22,,121,,16,,,2,2,,,2,,,,,,,,10,,6,146,,43,,15,,10,312,,,,,,,,,,,,,,1246
316859,"Girona, Spain","Catalonia, Spain",Spain,42.371165,3.160783,land,saltwater,2023-05-14,"Playa del Port - Asociacin Ambiente Europeo",16,,16,41.89,0.27,0.00,,2,,,6,8,,7,30,110,,,6,,,5,,35,,12,,,,1,,,1,,2,,,,,,8,,6,17,,40,,10,1,2,114,,,,,,,,,,,,,,423
316860,"Girona, Spain","Catalonia, Spain",Spain,42.381227,3.155643,land,saltwater,2023-05-06,"Playa de Grifeu - Asociacin Ambiente Europeo",14,,14,48.50,0.09,0.00,,6,2,,18,10,,6,25,250,,,,,,5,,40,,4,,,2,1,4,,1,,,2,,,,,23,,1,27,1,68,,12,1,2,125,,,,,,,,,,,,,,636
316861,"Girona, Spain","Catalonia, Spain",Spain,42.364926,3.163225,land,saltwater,2023-04-16,"Playas de la Farella y Tonyines - Asociacin Ambiente Europeo",20,,20,28.66,0.18,0.00,,3,,,7,6,,,6,70,,,,,5,6,,,,2,,,1,,,,1,,,,,,,,2,,3,10,,30,,3,,4,79,,,,,,,,,,,,,,238
316862,"Girona, Spain","Catalonia, Spain",Spain,42.385187,3.159548,land,saltwater,2023-03-19,"Playas de Canyelles i Cros - Asociacin Ambiente Europeo",15,,15,24.25,0.27,0.00,,3,,,2,10,,7,15,130,,,,,,5,,10,,3,,,,1,2,,,,2,2,,,,,4,,2,9,,30,,2,1,6,94,,,,,,,,,,,,,,340
316863,"Girona, Spain","Catalonia, Spain",Spain,42.369128,3.165679,land,saltwater,2023-02-19,"Playa de Carboneres - Asociacin Ambiente Europeo",18,,18,44.09,0.24,0.00,,,2,,10,8,,2,13,46,,,3,,2,17,,17,,8,,,2,1,2,,1,8,,2,,,,,2,,5,18,,23,,1,,6,70,,,,,,,,,,,,,,269
316864,,,Spain,41.256187,1.919989,land,saltwater,2023-06-25,"Port Ginesta  - Asociacin Ambiente Europeo",20,,20,4.41,0.31,0.00,,11,,,2,,,,2,2,,,,,3,,,,,1,,,,,,,,,1,8,,,,,1,,7,2,,,,,,,,,,,,,,,,,,,,,40
316865,"Barcelona, Spain","Catalonia, Spain",Spain,41.391313,2.204277,land,saltwater,2023-06-10,"Playa Nova Icaria II - Bercelona - Asociacin Ambiente Europeo",8,,8,4.41,0.05,0.00,,,,,,2,,6,9,,,,25,,,,,,,1,,,,,,,,,,,,,,,1,,1,56,,,,,,1,120,,,,,,,,,,,,,,222
316866,"Barcelona, Spain","Catalonia, Spain",Spain,41.389294,2.201055,land,saltwater,2023-06-20,"Playa Nova Icaria I - Barcelona - Asociacin Ambiente Europeo",9,,9,8.82,0.19,0.00,,,,,2,3,,11,30,279,,,3,,11,6,,13,,2,,,4,,,,,,,17,,,,,,,13,113,,47,,,,,523,,,,,,,,,,,,,,1077
316867,"Barcelona, Spain","Catalonia, Spain",Spain,41.377038,2.191598,land,saltwater,2023-06-15,"Playa Sant Miquel - Barcelona - Asociacin Ambiente Europeo",12,,12,6.61,0.21,0.00,,,,,1,4,,85,28,1786,,,29,,67,,,,,16,,,7,,,,,2,,3,,,,,,,7,283,,,,,,,224,,,,,,,,,,,,,,2542
316868,"Barcelona, Spain","Catalonia, Spain",Spain,41.371199,2.189261,land,saltwater,2023-06-10,"Playa San Sebastin - Barcelona - Asociacin Ambiente Europeo",20,,20,13.23,0.12,0.00,,,,,2,2,,12,6,340,,,,,,60,,1,,,,,7,,,,,2,,3,,,,,,,22,105,1,19,,,,,109,,,,,,,,,,,,,,691
316869,"Alicante, Spain","Valencian Community, Spain",Spain,38.298497,-0.519386,land,saltwater,2023-05-10,"Playa de Urbanova - Alicante - Asociacin Ambiente Europeo",60,,60,22.05,0.31,0.00,,124,,,8,3,,,124,1659,,,,,357,,,24,,162,,,79,,,,,,,,,,,,,,54,21,,414,,,,,1519,,,,,,,,,,,,,,4548
316870,"Valencia, Spain","Valencian Community, Spain",Spain,39.321501,-0.298862,land,saltwater,2023-04-15,"Playa del Parador - El Saler - Asociacin Ambiente Europeo",16,,16,13.23,0.25,0.00,,,71,,1,2,,,82,35,,,16,,66,4,,1,,,,,19,,,,,1,,11,,,,,,,95,14,,61,,,,9,868,,,,,,,,,,,,,,1356
316871,"Murcia, Spain","Region of Murcia, Murcia, Spain",Spain,37.436471,-1.484497,land,saltwater,2023-03-21,"Playa de la Torre de Cope - Asociacin Ambiente Europeo",12,,12,6.61,0.00,0.00,,11,3,,,7,,1,385,142,,,1,,2,12,,9,,85,,,,,,,,10,1,,,,,,2,,159,43,1,,,,2,2,1403,,,,,,,,,,,,,,2281
316872,"Murcia, Spain","Region of Murcia, Murcia, Spain",Spain,37.436961,-1.484173,land,saltwater,2023-03-21,"Duna Fsil Torre de Cope - Murcia - Asociacin Ambiente Europeo",12,,12,24.25,0.12,0.00,,12,12,,7,7,,,31,157,,,2,,2,8,,5,,56,,,,,,,1,,,1,,1,,,2,,103,119,6,,,1,,2,416,,,,,,,,,,,,,,951
316873,"Murcia, Spain","Region of Murcia, Murcia, Spain",Spain,37.433868,-1.483707,land,saltwater,2023-03-21,"Ensenada de la Fuente - Murcia - Asociacin Ambiente Europeo",7,,7,8.82,0.04,0.00,,,16,,1,,,,75,,,,2,,1,7,,4,,46,,,,,,,,4,1,,,,,,,,1166,10,,,,,,,92,,,,,,,,,,,,,,1425
316874,"Málaga, Spain","Andalusia, Spain",Spain,36.721294,-4.382714,land,saltwater,2023-03-06,"Playa Baos del Carmen - Mlaga - Asociacin Ambiente Europeo",50,,50,11.02,0.06,0.00,,90,,,12,81,,,,203,,,7,,24,,,,,6,,,,,,,,,,31,,,,,18,,50,160,,,,5,,,,,,,,,,,,,,,,,687
316875,"Cádiz, Spain","Andalusia, Spain",Spain,36.550086,-6.217092,land,saltwater,2023-02-16,"Marismas Los Toruos-Cdiz - Asociacin Ambiente Europeo",25,,25,24.25,0.16,0.00,,9,,,119,43,,3,95,43,,,,,277,2,,,,159,,,11,,,,15,9,,33,,,,,,,435,205,,,,9,,,181,,,,,,,,,,,,,,1648
316876,"Seville, Spain","Andalusia, Spain",Spain,37.396213,-6.00375,land,freshwater,2023-02-11,"Ro Guadalquivir-Sevilla - Asociacin Ambiente Europeo",50,,50,110.23,0.01,0.00,,142,,,433,228,,,694,,,,141,,180,453,,,,64,,,,,,,,,,20,,,,,,,,361,,,,30,,,47,,,,,,,,,,,,,,2793
316877,"Cádiz, Spain","Andalusia, Spain",Spain,36.550762,-6.224959,land,saltwater,2023-02-16,"Playa de Levante-Cdiz - Asociacin Ambiente Europeo",260,,260,601.86,0.32,0.00,,30,,,26,6,,,3,,,,,,21,61,,3,,22,,,250,,,,,,,5,,,,,,,,40,,7,,27,,5,82,,,,,,,,,,,,,,588
316878,"Huelva, Spain","Andalusia, Spain",Spain,37.162869,-6.930163,land,saltwater,2023-02-01,"Playa del Espign-Huelva - Asociacin Ambiente Europeo",8,,8,"1,329.39",0.01,0.00,,2,1,,261,,,,15,,,,3,,36,,,,,34,,,,,,,5,,,,,,,,,,2,,,,,,,,18,,,,,,,,,,,,,,377
316879,,,Spain,28.127219,-16.782514,land,saltwater,2023-01-14,"Playa de Ajabo - Asociacin Ambiente Europeo",23,,23,205.03,0.16,0.00,,,,,6,15,,34,15,1546,,,,,96,10,,,,1,,,5,,,,,,,19,,,,,8,,,104,2,1,,1,,,31,,,,,,,,,,,,,,1894
316880,"Valencia, Spain","Valencian Community, Spain",Spain,39.347955,-0.311121,land,saltwater,2023-12-17,"Devesa - El Saler - Asociacin Ambiente Europeo",70,,70,50.71,0.06,0.00,,10,14,,2,,,,80,54,,,5,,8,40,,16,,55,,,14,,,,,7,10,5,,,,,2,,23,216,4,107,,,2,,1897,,,,,,,,,,,,,,2571
316881,"Valencia, Spain","Valencian Community, Spain",Spain,39.419676,-0.333755,land,saltwater,2023-12-14,"Pinedo - Asociacin Ambiente Europeo",28,,28,50.71,0.06,0.00,,6,10,,25,116,,6,38,202,,,6,,34,15,,9,2,77,,,8,,1,,1,3,5,30,,,,,15,,12,96,,140,,,,3,84,,,,,,,,,,,,,,944
316882,"Valencia, Spain","Valencian Community, Spain",Spain,39.465264,-0.321921,land,saltwater,2023-11-25,"La Marina Sur - Asociacin Ambiente Europeo",33,,33,55.12,0.06,0.00,,15,20,,38,27,,30,185,268,,,32,,25,37,,9,5,15,,,46,,,,,16,2,5,,,,,27,,11,,2,29,,1,,3,249,,,,,,,,,,,,,,1097
316883,"Valencia, Spain","Valencian Community, Spain",Spain,39.520901,-0.317015,land,saltwater,2023-11-19,"Meliana - Asociacin Ambiente Europeo",42,,42,28.66,0.06,0.00,,40,37,,50,54,,8,109,190,,,9,,118,47,,16,4,315,,,11,,,,10,49,7,24,,,,,10,,23,132,1,129,,2,,5,700,,,,,,,,,,,,,,2100
316884,"Valencia, Spain","Valencian Community, Spain",Spain,39.49408,-0.324039,land,saltwater,2023-11-13,"Patacona - Asociacin Ambiente Europeo",11,,11,15.43,0.06,0.00,,4,,,2,1,,9,43,33,,,,,10,15,,1,,10,,,28,,,,,3,,7,,,,,,,3,28,,52,,,1,2,115,,,,,,,,,,,,,,367
316885,"Valencia, Spain","Valencian Community, Spain",Spain,39.41822,-0.333942,land,saltwater,2023-11-10,"Pinedo - Asociacin Ambiente Europeo",41,,41,90.39,0.06,0.00,,28,6,,76,419,,5,37,100,,,21,,53,54,,3,3,101,,,6,,1,,5,8,,25,,1,,,14,,13,158,,1,,4,,5,17,,,,,,,,,,,,,,1164
316886,"Valencia, Spain","Valencian Community, Spain",Spain,39.326013,-0.301132,land,saltwater,2023-10-28,"Devesa - El Saler - Asociacin Ambiente Europeo",38,,38,4.41,0.06,0.00,,7,3,,,30,,,,14,,,4,,9,20,,1,1,51,,,5,,,,,1,2,11,,,,,1,,17,70,,23,,,,,318,,,,,,,,,,,,,,588
316887,"Valencia, Spain","Valencian Community, Spain",Spain,39.318841,-0.297602,land,saltwater,2023-09-29,"Devesa - El Saler - Asociacin Ambiente Europeo",30,,30,11.02,0.06,0.00,,1,11,,,1,,,34,48,,,3,,16,33,,3,,55,,,3,,,,,8,1,8,,,,,,,53,73,,31,,,3,1,436,,,,,,,,,,,,,,822
316888,"Valencia, Spain","Valencian Community, Spain",Spain,39.323621,-0.299913,land,saltwater,2023-09-27,"Devesa - El Saler - Asociacin Ambiente Europeo",40,,40,4.41,0.06,0.00,,1,12,,,35,,,,33,,,,,2,81,,6,,78,,,7,,,,,13,9,5,,,,,2,,17,1367,,48,,,,1,530,,,,,,,,,,,,,,2247
316889,"Valencia, Spain","Valencian Community, Spain",Spain,39.466945,-0.32269,land,saltwater,2023-09-25,"Playa de las Arenas - Asociacin Ambiente Europeo",26,,26,101.41,0.06,0.00,,9,24,,86,133,,26,166,1204,,,40,,27,362,,50,12,43,,,9,,,,,24,2,34,,,,,37,,17,163,,36,,2,3,71,204,,,,,,,,,,,,,,2784
316890,"Valencia, Spain","Valencian Community, Spain",Spain,39.319895,-0.29807,land,saltwater,2023-09-22,"Devesa - El Saler - Asociacin Ambiente Europeo",15,,15,11.02,0.06,0.00,,3,10,,5,,,1,48,15,,,8,,22,27,,9,,67,,,4,,,,1,6,3,2,,,,,3,,21,500,1,68,,,1,1,896,,,,,,,,,,,,,,1722
316891,"Valencia, Spain","Valencian Community, Spain",Spain,39.320714,-0.298457,land,saltwater,2023-09-17,"Devesa - El Saler - Asociacin Ambiente Europeo",63,,63,123.46,0.06,0.00,,15,67,,56,3,,,397,201,,,28,,143,537,,40,2,204,,,3,,,,4,27,28,7,,,,,2,,191,424,1,406,,1,9,13,2245,,,,,,,,,,,,,,5054
316892,"Valencia, Spain","Valencian Community, Spain",Spain,39.321912,-0.299053,land,saltwater,2023-08-21,"Devesa - El Saler - Asociacin Ambiente Europeo",71,,71,105.82,0.06,0.00,,9,20,,9,23,,,157,177,,,13,,34,88,,21,2,374,,,9,,,,,14,3,11,,,,,1,,25,771,1,181,,,1,10,2274,,,,,,,,,,,,,,4228
316893,"Valencia, Spain","Valencian Community, Spain",Spain,39.348967,-0.312028,land,saltwater,2023-07-22,"Devesa - El Saler - Asociacin Ambiente Europeo",60,,60,134.48,0.06,0.00,,18,14,,23,,,3,169,41,,,21,,2,66,,24,,159,,,10,,,,2,3,6,10,,,,,15,,50,321,1,59,,2,3,25,807,,,,,,,,,,,,,,1854
316894,"Valencia, Spain","Valencian Community, Spain",Spain,39.465022,-0.322357,land,saltwater,2023-07-10,"La Marina Sur - Asociacin Ambiente Europeo",100,,100,198.42,0.06,0.00,,54,6,,489,393,,93,51,535,,,140,,70,141,,15,5,37,,,8,,,,8,4,15,17,,,,,43,,1,295,2,1,,1,,3,71,,,,,,,,,,,,,,2498
316895,"Valencia, Spain","Valencian Community, Spain",Spain,39.46873,-0.322308,land,saltwater,2023-06-05,"Playa Cabanyal - Asociacin Ambiente Europeo",36,,36,6.61,0.06,0.00,,,,,3,4,,7,33,1033,,,12,,7,216,,11,4,4,,,9,,,,,1,3,,,,,,1,,1,290,,7,,,,1,387,,,,,,,,,,,,,,2034
316896,"Valencia, Spain","Valencian Community, Spain",Spain,39.423479,-0.334295,land,saltwater,2023-05-21,"Pinedo - Asociacin Ambiente Europeo",53,,53,119.05,0.06,0.00,,187,71,,26,50,,8,67,642,,,14,,23,334,,9,,239,,,43,,,,,60,5,22,,,,,7,,38,192,31,129,,4,1,8,565,,,,,,,,,,,,,,2775
316897,"Valencia, Spain","Valencian Community, Spain",Spain,39.480989,-0.324081,land,saltwater,2023-05-28,"Malvarrosa - Asociacin Ambiente Europeo",36,,36,2.20,0.06,0.00,,,2,,,,,8,28,1390,,,,,3,31,,12,5,5,,,12,,,,,5,,9,,,,,,,1,,,3,,,,1,123,,,,,,,,,,,,,,1638
316898,"Valencia, Spain","Valencian Community, Spain",Spain,39.47949,-0.324029,land,saltwater,2023-04-23,"Malvarrosa - Asociacin Ambiente Europeo",100,,100,379.20,0.06,0.00,,95,131,,282,1018,,413,148,1349,,,154,,210,361,,41,58,263,,,124,6,4,,13,10,18,123,,,,,68,,43,978,2,105,,11,2,7,2557,,,,,,,,,,,,,,8594
316899,"Cuenca, Spain","Castile-La Mancha, Spain",Spain,40.075726,-2.204193,land,freshwater,2023-04-14,"Ro Albaladejito - Asociacin Ambiente Europeo",35,,35,149.91,0.06,0.00,,55,68,,38,49,,2,15,1,,,12,,40,58,,5,1,12,,,4,1,,,2,3,,28,,,,,8,,36,103,5,1,,15,,116,43,,,,,,,,,,,,,,721
316900,"Valencia, Spain","Valencian Community, Spain",Spain,39.478837,-0.324076,land,saltwater,2023-04-12,"Malvarrosa - Asociacin Ambiente Europeo",20,,20,2.20,0.06,0.00,,20,3,,,2,,1,11,411,,,,,5,25,,,4,3,,,7,,,,,4,1,5,,,,,1,,4,119,,2,,,,,43,,,,,,,,,,,,,,671
316901,"Valencia, Spain","Valencian Community, Spain",Spain,38.943991,-0.109089,land,saltwater,2023-04-05,"Playa de Piles - Asociacin Ambiente Europeo",58,,58,35.27,0.06,0.00,,11,6,,4,6,,1,36,170,,,2,,5,24,,3,,17,,,33,,,,1,9,1,15,,,,,1,,50,66,,39,,2,,3,169,,,,,,,,,,,,,,674
316902,"Valencia, Spain","Valencian Community, Spain",Spain,39.423007,-0.33301,land,saltwater,2023-03-26,"Pinedo - Asociacin Ambiente Europeo",95,,95,213.85,0.06,0.00,,93,86,,47,69,,6,50,423,,,17,,55,185,,7,1,333,,,49,,,,2,76,5,77,,2,,,12,,118,265,1,102,,10,,27,424,,,,,,,,,,,,,,2542
316903,"Valencia, Spain","Valencian Community, Spain",Spain,39.49374,-0.323772,land,saltwater,2023-03-23,"Patacona - Asociacin Ambiente Europeo",40,,40,46.30,0.06,0.00,,10,22,,5,7,,11,114,255,,,5,,14,21,,11,,33,,,225,,,,1,2,3,28,,,,,1,,13,126,1,280,,2,2,6,475,,,,,,,,,,,,,,1673
316904,"Valencia, Spain","Valencian Community, Spain",Spain,39.469652,-0.32344,land,saltwater,2023-03-10,"Malvarrosa - Asociacin Ambiente Europeo",54,,54,330.69,0.06,0.00,,24,46,,54,26,,6,16,79,,,7,,46,30,,6,,9,,,89,1,,,,,7,31,,,,,4,,17,93,,79,,3,,,147,,,,,,,,,,,,,,820
316905,"Valencia, Spain","Valencian Community, Spain",Spain,39.463305,-0.321478,land,saltwater,2023-02-26,"La Marina Sur - Asociacin Ambiente Europeo",42,,42,377.00,0.06,0.00,,200,84,,399,938,,85,99,1390,,,180,,220,312,,33,12,217,,,61,,,,1,3,3,77,,,,,94,,50,742,,60,,50,,4,655,,,,,,,,,,,,,,5969
316906,"Valencia, Spain","Valencian Community, Spain",Spain,39.422153,-0.33345,land,saltwater,2023-02-03,"Pinedo - Asociacin Ambiente Europeo",10,,10,2.00,0.06,0.00,,,2,,1,1,,4,7,137,,,1,,,7,,1,,2,,,5,,,,,,,1,,,,,,,,,,,,2,1,,39,,,,,,,,,,,,,,211
316907,"A Coruña, Spain","Galicia, Spain",Spain,43.185868,-9.105022,land,saltwater,2023-04-26,"Playa de Arou  - Asociacin Ambiente Europeo",8,,8,4.00,0.06,0.00,,,,,1,1,,,1,3,,,,,,3,,,,10,,,,,,,,,2,,,,,,,,,,,2,,,,,31,,,,,,,,,,,,,,54
316908,"A Coruña, Spain","Galicia, Spain",Spain,43.185341,-9.105222,land,saltwater,2023-04-20,"Playa de Arou  - Asociacin Ambiente Europeo",15,,15,2.00,0.06,0.00,,,,,,1,,,,,,,,,,,,,,3,,,,,,,,,,,,,,,,,,,,,,,,,35,,,,,,,,,,,,,,39
316909,"A Coruña, Spain","Galicia, Spain",Spain,43.1849,-9.105537,land,saltwater,2023-04-19,"Playa de Arou  - Asociacin Ambiente Europeo",14,,14,11.00,0.06,0.00,,,1,,3,,,,2,,,,,,3,3,,1,,31,,,,,,,,,,,,,,,,,1,,,,,,,,157,,,,,,,,,,,,,,202
316910,"A Coruña, Spain","Galicia, Spain",Spain,43.184892,-9.106596,land,saltwater,2023-04-18,"Playa de Arou - Asociacin Ambiente Europeo",17,,17,121.00,0.06,0.00,,,4,,1,1,,,5,5,,,,,2,4,,,,151,,,,,,,,2,,,,,,,1,,2,11,,7,,,1,1,202,,,,,,,,,,,,,,400
316911,"A Coruña, Spain","Galicia, Spain",Spain,43.185247,-9.107595,land,saltwater,2023-04-13,"Playa de Arou - Asociacin Ambiente Europeo",16,,16,7.00,0.06,0.00,,,1,,,,,,1,4,,,,,,1,,,,7,,,,,,,,,2,,,,,,,,1,6,,1,,1,,,10,,,,,,,,,,,,,,35
316912,"A Coruña, Spain","Galicia, Spain",Spain,43.18553,-9.109396,land,saltwater,2023-04-12,"Playa de Arou - Asociacin Ambiente Europeo",18,,18,40.00,0.06,0.00,,2,,,1,1,,2,6,10,,,3,,1,6,,2,,160,,,9,,,,,,,14,,,,,,,3,59,,12,,,,1,340,,,,,,,,,,,,,,632
316913,"A Coruña, Spain","Galicia, Spain",Spain,43.185375,-9.111027,land,saltwater,2023-04-11,"Playa de Arou - Asociacin Ambiente Europeo",17,,17,128.00,0.06,0.00,,5,,,3,2,,,8,50,,,2,,1,12,,1,,125,,,1,,,,1,4,,8,,,,,,,2,9,,5,,,,,290,,,,,,,,,,,,,,529
316914,"Balearic Islands, Spain","Balearic Islands, Spain",Spain,39.925785,3.842137,land,saltwater,2023-05-24,"Son Xoriguer  - Asociacin Ambiente Europeo",24,,24,24.00,0.06,0.00,,,1,,3,,,,6,5,,,,,,4,,1,,4,,,2,,,,,4,,,,,,,,,,5,,5,,,,,262,,,,,,,,,,,,,,302
316915,"Balearic Islands, Spain","Balearic Islands, Spain",Spain,39.925712,3.845051,land,saltwater,2023-06-08,"Son Xoriguer  - Asociacin Ambiente Europeo",42,,42,15.00,0.06,0.00,,,,,,,,3,18,35,,,,,,10,,1,,2,,,1,,,,,6,1,,,,,,,,3,,,17,,,,,1500,,,,,,,,,,,,,,1597
316916,,,Spain,40.047041,3.923656,land,saltwater,2023-06-05,"Playa de Es tancats - Asociacin Ambiente Europeo",24,,24,9.00,0.06,0.00,,1,3,,,,,,2,3,,,,,,2,,2,,2,,,,,,,1,1,,,,,,,,,,2,,7,,,,,1032,,,,,,,,,,,,,,1058
316917,"Balearic Islands, Spain","Balearic Islands, Spain",Spain,40.045334,3.920889,land,saltwater,2023-06-01,"Playa de Es tancats - Asociacin Ambiente Europeo",22,,22,4.00,0.06,0.00,,,1,,,,,,4,17,,,,,,2,,,,1,,,,,,,,,,,,,,,1,,,1,,9,,,,,1042,,,,,,,,,,,,,,1078
316918,"Balearic Islands, Spain","Balearic Islands, Spain",Spain,40.046577,3.923543,land,saltwater,2023-05-31,"Playa de Es tancats - Asociacin Ambiente Europeo",43,,43,4.00,0.06,0.00,,,3,,,,,,7,2,,,,,,,,,,5,,,,,,,,1,,,,,,,,,,,,16,,,,,550,,,,,,,,,,,,,,584
316919,,,Spain,40.046326,3.9229,land,saltwater,2023-05-30,"Playa de Es tancats - Asociacin Ambiente Europeo",20,,20,11.00,0.06,0.00,,,,,,,,,3,3,,,2,,,3,,1,,5,,,,,,,,1,,,,,,,,,1,,,6,,,,,1133,,,,,,,,,,,,,,1158
316920,,,Spain,40.046069,3.922273,land,saltwater,2023-05-29,"Playa de Es tancats - Asociacin Ambiente Europeo",24,,24,9.00,0.06,0.00,,,4,,,,,,4,5,,,,,,,,,,1,,,,,,,,,,,,,,,,,,1,,5,,,,,1083,,,,,,,,,,,,,,1103
316921,,,Spain,40.045635,3.921867,land,saltwater,2023-05-25,"Playa de Es tancats - Asociacin Ambiente Europeo",26,,26,4.00,0.06,0.00,,,4,,,,,,3,4,,,,,,3,,1,,2,,,,,,,,2,,,,,,,,,,,,4,,,,,357,,,,,,,,,,,,,,380
316922,"Balearic Islands, Spain","Balearic Islands, Spain",Spain,40.045232,3.920954,land,saltwater,2023-05-23,"Playa de Es tancats - Asociacin Ambiente Europeo",25,,25,7.00,0.06,0.00,,2,3,,,1,,,3,12,,,,,,2,,2,,1,,,,,,,,,,1,,,,,,,,2,,15,,,,,443,,,,,,,,,,,,,,487
316923,"A Coruña, Spain","Galicia, Spain",Spain,43.329315,-8.505073,land,saltwater,2023-06-21,"Playa de Sabn (A Corua) - Asociacin Ambiente Europeo",15,,15,53.00,0.06,0.00,,,,,28,25,,13,34,200,,,,,152,76,,,,10,,,,,,,16,,,,,,,,74,,,43,10,12,,7,,,32,,,,,,,,,,,,,,732
316924,"Ca'n Pastilla, Balearic Islands, Spain",,Spain,39.534335,2.713084,land,saltwater,2023-12-12,"Cala Estancia - Asociacin Ambiente Europeo",25,,25,25.00,0.19,0.00,,27,28,,18,17,,2,24,67,,,11,,2,18,,1,5,45,,,1,,,,1,,,5,,,,,2,,34,43,,,,1,,,13,,,,,,,,,,,,,,365
316925,"Balearic Islands, Spain","Balearic Islands, Spain",Spain,39.529253,2.729686,land,saltwater,2023-10-27,"Can Pastilla - Asociacin Ambiente Europeo",41,,41,217.00,0.31,0.00,,,4,,94,,,64,56,400,,,25,,45,100,,,10,7,,,20,,,,7,45,,22,,,,,35,,43,311,,,,,,,1450,,,,,,,,,,,,,,2738
316926,"Balearic Islands, Spain","Balearic Islands, Spain",Spain,39.53322,2.589101,land,saltwater,2023-10-07,"Illetas (Cala Xinxell) - Asociacin Ambiente Europeo",46,,46,11.00,0.19,0.00,,3,15,,3,1,,12,126,426,,,13,,27,48,,14,3,37,,,51,,,,12,12,1,14,,,,,6,,19,,,9,,1,,1,248,,,,,,,,,,,,,,1102
316927,"Balearic Islands, Spain","Balearic Islands, Spain",Spain,39.539944,2.705774,land,saltwater,2023-09-08,"Es Carnatge - Asociacin Ambiente Europeo",27,,27,69.00,0.19,0.00,,12,38,,43,119,,25,47,407,,,5,,19,10,,11,1,28,,,12,1,,,,3,,21,,1,,,15,,18,157,22,,,,,2,179,,,,,,,,,,,,,,1196
316928,"Balearic Islands, Spain","Balearic Islands, Spain",Spain,39.506056,2.751275,land,saltwater,2023-05-26,"SArenal (B1-B2) - Asociacin Ambiente Europeo",20,,20,30.00,0.18,0.00,,8,12,,5,5,,93,153,1731,,,8,,16,45,,9,16,11,,,,,,,,,3,8,,,,,1,,5,117,,3,,,,2,474,,,,,,,,,,,,,,2725
316929,"Balearic Islands, Spain","Balearic Islands, Spain",Spain,39.527089,2.732093,land,saltwater,2023-05-18,"Can Pastilla (B11-B13) - Asociacin Ambiente Europeo",30,,30,13.00,0.32,0.00,,1,6,,2,3,,25,58,1784,,,4,,1,115,,22,1,27,,,10,,,,,3,2,5,,,,,10,,3,57,,1,,1,1,,530,,,,,,,,,,,,,,2672
316930,"Balearic Islands, Spain","Balearic Islands, Spain",Spain,39.54002,2.705744,land,saltwater,2023-05-14,"Es Carnatge - Asociacin Ambiente Europeo",30,,30,43.00,0.24,0.00,,2,34,,4,15,,14,26,612,,,6,,11,32,,,1,53,,,70,,,,1,4,,16,,3,,,9,,9,139,1,,,3,2,3,74,,,,,,,,,,,,,,1144
316931,"Balearic Islands, Spain","Balearic Islands, Spain",Spain,39.53038,2.728482,land,saltwater,2023-05-02,"Can Pastilla (Balneario 12 al 14) - Asociacin Ambiente Europeo",16,,16,22.00,0.25,0.00,,17,16,,4,3,,2,113,395,,,16,,36,172,,15,,81,,,12,,,,2,6,4,14,,,,,42,,58,164,,1,,,,8,375,,,,,,,,,,,,,,1556
316932,"Balearic Islands, Spain","Balearic Islands, Spain",Spain,39.833246,4.299658,land,saltwater,2023-04-27,"S'Algar (Menorca) - Asociacin Ambiente Europeo",8,,8,4.00,0.08,0.00,,4,21,,6,3,,,23,15,,,8,,1,45,,1,,6,,,,,,,,,,,,,,,8,,2,8,,,,1,1,,141,,,,,,,,,,,,,,294
316933,"Balearic Islands, Spain","Balearic Islands, Spain",Spain,39.813333,3.116667,land,saltwater,2023-04-26,"Platja d'Alcdia - Asociacin Ambiente Europeo",12,,12,37.00,0.35,0.00,,1,17,,26,12,,1,17,400,,,8,,9,16,,26,,3,,,38,,,,5,5,2,14,,,,,3,,45,160,,3,,2,,7,19,,,,,,,,,,,,,,839
316934,"Balearic Islands, Spain","Balearic Islands, Spain",Spain,39.559828,2.672562,land,saltwater,2023-04-21,"Es Portitxol - Asociacin Ambiente Europeo",24,,24,37.00,0.13,0.00,,3,,,11,7,,13,17,20,,,1,,8,,,70,,12,,,,,,,,,1,3,,,,,1,,,10,,63,,1,,,,,,,,,,,,,,,,,241
316935,"Balearic Islands, Spain","Balearic Islands, Spain",Spain,39.538357,2.707907,land,saltwater,2023-04-17,"Es Carnatge - Asociacin Ambiente Europeo",6,,6,20.00,0.08,0.00,,17,21,,9,1,,,42,12,,,9,,10,54,,14,,17,,,,1,,,2,7,1,9,,,,,3,,4,50,,1,,2,1,5,97,,,,,,,,,,,,,,389
316936,"Balearic Islands, Spain","Balearic Islands, Spain",Spain,39.5611915,2.6655092,land,saltwater,2023-03-24,"Playa Can Pere Antoni - Asociacin Ambiente Europeo",15,,15,18.00,0.11,0.00,,5,2,,1,5,,2,16,65,,,3,,6,30,,14,1,2,,,17,,,,,,,5,,,,,,,2,34,,5,,,,,249,,,,,,,,,,,,,,464
316937,"Balearic Islands, Spain","Balearic Islands, Spain",Spain,39.560223,2.671753,land,saltwater,2023-06-02,"Portixol - Asociacin Ambiente Europeo",29,,29,39.00,0.11,0.00,,4,26,,10,7,,,31,490,,,4,,10,86,,2,3,30,,,5,,,,1,,2,133,,,,,,,17,71,1,,,,2,12,312,,,,,,,,,,,,,,1259
316938,"Murcia, Spain","Region of Murcia, Murcia, Spain",Spain,37.597885,-0.754833,land,saltwater,2023-09-17,"Playa Larga (Parque Regional Calblanque)  - Asociacin Ambiente Europeo",14,,14,1.00,0.00,0.00,,1,,,1,1,,1,14,33,,,,,,,,2,,2,,,,,,,,,,,,,,,,,1,16,,5,,,,,156,,,,,,,,,,,,,,233
316939,"Murcia, Spain","Region of Murcia, Murcia, Spain",Spain,37.598216,-0.760549,land,saltwater,2023-09-17,"Playa Negrete (Parque Regional Calblanque) - Asociacin Ambiente Europeo",2,,2,2.00,0.19,0.00,,,,,,,,,1,12,,,,,,,,,,,,,,,,,,,,1,,,,,,,,2,,,,,,,24,,,,,,,,,,,,,,40
316940,"Murcia, Spain","Region of Murcia, Murcia, Spain",Spain,37.597885,-0.754833,land,saltwater,2023-09-17,"Playa Larga (Parque Regional Calblanque)  - Asociacin Ambiente Europeo",16,,16,18.00,0.31,0.00,,1,4,,3,,,4,44,160,,,1,,5,12,,2,2,22,,,,1,,,,,1,5,,,,,,,10,38,1,110,,1,,3,874,,,,,,,,,,,,,,1304
316941,"Barcelona, Spain","Catalonia, Spain",Spain,41.40548,2.219955,land,saltwater,2023-09-20,"Platja de Llevant - Asociacin Ambiente Europeo",20,,20,154.00,0.16,0.00,,89,,,104,287,,,47,425,,,,,223,,,,,,,,,,,,,,,,,,,,,,,58,,,,,,,550,,,,,,,,,,,,,,1783
316942,"Barcelona, Spain","Catalonia, Spain",Spain,41.400763,2.214222,land,saltwater,2023-09-15,"Platja Nova Mar Bella - Asociacin Ambiente Europeo",14,,14,18.00,0.19,0.00,,20,,,5,4,,15,40,1211,,,,,1,96,,,4,3,,,7,,,,,,,3,,,,,,,,52,,,,,,6,1024,,,,,,,,,,,,,,2491
316943,"Barcelona, Spain","Catalonia, Spain",Spain,41.399819,2.214353,land,saltwater,2023-09-14,"Platja de la Mar Bella - Asociacin Ambiente Europeo",11,,11,117.00,0.09,0.00,,47,,,355,340,,,62,,,,,,93,,,,,6,,,,,,,18,,,8,,,,,,,,40,,,,,,,,,,,,,,,,,,,,,969
316944,,,Spain,43.41662,-4.743947,land,saltwater,2023-10-21,"Playa de Tor - Asociacin Ambiente Europeo",52,,52,108.00,0.12,0.00,,9,5,,27,32,,,54,411,,,,,,405,,,,,,,,,,,,,,,,,,,21,,,292,1,,,1,,8,534,,,,,,,,,,,,,,1800
316945,,,Spain,38.692856,1.388685,land,saltwater,2023-10-14,"Cala Saona - Formentera - Asociacin Ambiente Europeo",12,,12,24.00,0.04,0.00,,5,,,5,,,3,37,103,,,5,,,15,,7,1,8,,,,,,,,,,5,,,,,,,,20,,24,,20,1,,19,,,,,,,,,,,,,,278
316946,"Pontevedra, Spain","Galicia, Spain",Spain,42.053889,-8.567222,land,freshwater,2023-09-19,"Ro Mio-Ribeira Caldelas de Tui - Asociacin Ambiente Europeo",8,,8,11.00,0.27,0.00,,2,5,,8,22,,7,26,65,,,17,,14,50,,1,,,,,10,,1,,,6,2,5,,1,,,6,,8,64,1,,,,,1,4,,,,,,,,,,,,,,326
316947,"Almería, Spain","Andalusia, Spain",Spain,36.78687,-2.59131,land,saltwater,2023-09-24,"Ribera de la Algaida - Asociacin Ambiente Europeo",20,,20,339.00,1.55,0.00,,7,14,,7,12,,8,14,150,,,12,,8,69,,6,5,3,,,9,,,,1,1,2,10,,,,,5,,10,105,6,,,8,,3,4,,,,,,,,,,,,,,479
316948,"Albacete, Spain","Castile-La Mancha, Spain",Spain,38.95202,-2.863599,land,freshwater,2023-06-02,"Laguna Santos Morcillo - P.N. Lagunas de Ruidera - Asociacin Ambiente Europeo",16,,16,44.00,0.04,0.00,,,,,,23,,59,29,679,,,,,2,49,,7,1,3,,,6,,,,,13,,7,,1,,,1,,5,97,,,,,,,103,,,,,,,,,,,,,,1085
316949,,,Spain,37.453342,-1.480907,land,saltwater,2023-09-16,"Playa de El Rafal - Asociacin Ambiente Europeo",48,,48,524.00,0.12,0.00,,61,24,,153,16,,,5,5,,,,,1107,8,,13,11,56,,,153,12,,,,1,19,24,,,,,3,,18413,97,2,,,15,2,5,1041,,,,,,,,,,,,,,21246
316950,"Murcia, Spain","Region of Murcia, Murcia, Spain",Spain,37.823677142302,-0.75770521683062,land,saltwater,2023-12-15,"Playa de la Torre Derribada - Asociacin Ambiente Europeo",11,,11,44.00,0.19,0.00,,19,21,,8,2,,,41,23,,,5,,10,19,,11,16,67,,,4,,,,,1,2,3,,,,,1,,29,,,,,7,,4,152,,,,,,,,,,,,,,445
316951,"Murcia, Spain","Region of Murcia, Murcia, Spain",Spain,37.842073,-0.762993,land,saltwater,2023-06-08,"Playa de la Torre Derribada (junto al Mojn) - Asociacin Ambiente Europeo",40,,40,62.00,0.06,0.00,,18,17,,8,1,,,63,653,,,15,,2,21,,12,,93,,,10,,2,,11,3,2,5,,,,,1,,75,28,,6,,4,1,2,383,,,,,,,,,,,,,,1436
316952,"Murcia, Spain","Region of Murcia, Murcia, Spain",Spain,37.824516,-0.759217,land,saltwater,2023-06-03,"Playa de La Torre Derribada - Asociacin Ambiente Europeo",10,,10,33.00,0.12,0.00,,5,3,,3,,,1,25,62,,,10,,22,18,,7,,89,,,6,,3,,,2,2,1,,,,,,,66,4,,6,,2,,2,33,,,,,,,,,,,,,,372
316953,"Almería, Spain","Andalusia, Spain",Spain,37.365203,-1.648531,land,saltwater,2023-01-28,"Playa de Terreros - Asociacin Ambiente Europeo",32,,32,0.00,0.06,0.00,,,1,,385,20,,1,560,,,,17,,1,22,,14,6,217,,,,,,,8,2,,13,,4,,,,,7605,44,,,,,,,2005,,,,,,,,,,,,,,10925
316954,"Murcia, Spain","Region of Murcia, Murcia, Spain",Spain,37.617002,-1.004758,land,freshwater,2023-04-13,"Rambla Benipila - Asociacin Ambiente Europeo",130,,130,261.00,0.06,0.00,,110,25,,118,99,,15,59,59,,,27,,57,33,,20,2,4,,,,3,,,2,7,,43,,1,,,74,,55,383,5,,,24,1,3,68,,,,,,,,,,,,,,1297
316955,"Murcia, Spain","Region of Murcia, Murcia, Spain",Spain,37.79186,-0.749854,land,saltwater,2023-09-16,"Playa de Punta de Algas - Asociacin Ambiente Europeo",10,,10,66.00,0.06,0.00,,8,,,18,3,,1,97,6,,,6,,,2,,8,,26,,,,,,,,1,1,10,,,,,5,,7,11,,1,,1,,1,419,,,,,,,,,,,,,,632
316956,"Barcelona, Spain","Catalonia, Spain",Spain,41.542778,2.3475,land,freshwater,2023-02-03,"Parque de la Cordillera Litoral Premi de Dalt (Barcelona) - Asociacin Ambiente Europeo",32,,32,132.00,1.24,0.00,,,,,6,4,,1,4,106,,,,,8,25,,,,2,,,12,,,,6,6,,9,,,,,,,2,218,1,,,,,,52,,,,,,,,,,,,,,462
316957,,,Spain,41.381684,2.196185,underwater,saltwater,2023-10-15,"Playa de Somostro (submarina espign) - Asociacin Ambiente Europeo",25,,25,4.00,0.05,0.00,,,2,,1,26,,,,1285,,,,,,,,,,,,,,,,,,,1,,,,,,,,,,1,,,,,,3,,,,,,,,,,,,,,1319
316958,"Barcelona, Spain","Catalonia, Spain",Spain,41.381704,2.195395,land,saltwater,2023-09-15,"Playa de Somorrostro - Asociacin Ambiente Europeo",24,,24,4.00,0.12,0.00,,,5,,3,4,,22,27,1259,,,2,,4,65,,13,,1,,,,,,,,,1,,,,,,,,,15,1,,,,1,1,67,,,,,,,,,,,,,,1491
316959,"Valencia, Spain","Valencian Community, Spain",Spain,39.363439,-0.317533,land,saltwater,2023-09-22,"Playa de la Garrofera - Asociacin Ambiente Europeo",15,,15,18.00,0.25,0.00,,,99,,1,,,2,111,261,,,1,,1,18,,15,,25,,,,,,,,,8,1,,,,,,,2,14,,156,,,2,12,314,,,,,,,,,,,,,,1043
316960,"Biscay, Spain","Basque Country, Spain",Spain,43.354441,-3.019168,land,saltwater,2023-09-29,"Playa Arrigunaga - Asociacin Ambiente Europeo",15,,15,20.00,0.19,0.00,,,2,,1,7,,,8,68,,,,,3,35,,1,,3,,,25,,,,,,1,2,,,,,1,,3,12,,4,,,,,258,,,,,,,,,,,,,,434
316961,"Barcelona, Spain","Catalonia, Spain",Spain,41.381945,2.195095,land,saltwater,2023-09-29,"Playa de Somorrostro - Asociacin Ambiente Europeo",17,,17,4.00,0.11,0.00,,,,,8,8,,,12,102,,,3,,,27,,3,,,,,,,,,,,,10,,,,,2,,,20,,3,,,,,181,,,,,,,,,,,,,,379
316962,"Barcelona, Spain","Catalonia, Spain",Spain,41.381704,2.195395,land,saltwater,2023-10-28,"Playa de Somorrostro - Asociacin Ambiente Europeo",29,,29,18.00,0.12,0.00,,26,,,22,29,,10,20,1075,,,7,,,74,,,3,5,,,,,,,,,,5,,,,,,,,12,1,1,,2,,1,1,,,,,,,,,,,,,,1294
316963,"Santa Cruz de Tenerife, Spain","Canary Islands, Spain",Spain,28.647831,-17.945135,land,saltwater,2023-01-07,"Playa de Tazacorte - Asociacin Ambiente Europeo",2,,2,26.00,0.00,0.00,,,,,,,,,,,,,,,,,,,,2,,,,,,,,,,,,,,,,,,,,,,,,,,,,,,,,,,,,,,,2
316964,"Murcia, Spain","Region of Murcia, Murcia, Spain",Spain,37.458253,-1.478136,land,saltwater,2023-10-07,"Playa de la Rambla Elena - Asociacin Ambiente Europeo",10,,10,867.00,0.09,0.00,,9,10,,4,2,,,18,,,,2,,4,12,,,,358,,,8,,,,1,2,,5,,,,,,,2728,29,,,,,,,47,,,,,,,,,,,,,,3239
316965,"Murcia, Spain","Region of Murcia, Murcia, Spain",Spain,37.458342,-1.478932,land,saltwater,2023-04-02,"Playa de la Rambla Elena - Asociacin Ambiente Europeo",18,,18,719.00,0.19,0.00,,,8,,2,11,,,6,,,,,,,,,,,90,,,6,,,,1,,,,,,,,,,1930,11,,,,,,,3,,,,,,,,,,,,,,2068
316966,"Santa Cruz de Tenerife, Spain","Canary Islands, Spain",Spain,28.649698,-17.945678,land,saltwater,2023-08-10,"Playa de Tazacorte - Asociacin Ambiente Europeo",16,,16,112.00,0.31,0.00,,,,,8,20,,,7,142,,,14,,1,4,,,2,5,,,7,2,,,,2,1,1,,,,,8,,1,50,,,,,,,19,,,,,,,,,,,,,,294
316967,"Santa Cruz de Tenerife, Spain","Canary Islands, Spain",Spain,28.640976,-17.93886,land,saltwater,2023-03-17,"Playa Nueva -Mangn - Asociacin Ambiente Europeo",3,,3,22.05,0.19,0.00,,2,1,,4,2,,,2,5,,,,,2,,,,,22,,,2,,,,,2,1,2,,2,,,,,17,11,,,,,,,15,,,,,,,,,,,,,,92
316968,"Almería, Spain","Andalusia, Spain",Spain,37.373675,-1.641165,land,saltwater,2023-09-17,"Playa las Palmeras - Asociacin Ambiente Europeo",12,,12,238.10,0.12,0.00,,19,12,,39,27,,9,42,37,,,,,3,27,,4,2,412,,,8,,,,8,,,4,,9,,,4,,237,59,3,,,3,,6,429,,,,,,,,,,,,,,1403
316969,"Cádiz, Spain","Andalusia, Spain",Spain,36.700545,-6.427703,land,saltwater,2023-04-23,"Playa de las 3 Piedras (Chipiona) - Asociacin Ambiente Europeo",30,,30,4.41,0.25,0.00,,,2,,1,1,,3,2,88,,,3,,,2,,2,1,10,,,,,,,1,,,9,,,,,,,3,7,,,,,,,100,,,,,,,,,,,,,,235
316970,"Santa Cruz de Tenerife, Spain","Canary Islands, Spain",Spain,28.65303,-17.760691,land,saltwater,2023-04-15,"Playa de los Cancajos - Asociacin Ambiente Europeo",41,,41,8.82,0.30,0.00,,2,3,,4,,,2,2,495,,,2,,2,3,,2,3,,,,,,,,,,,1,,,,,,,1,8,4,,,2,,5,24,,,,,,,,,,,,,,565
316971,"Las Palmas, Spain","Canary Islands, Spain",Spain,28.131245,-15.444991,land,saltwater,2023-11-19,"Playa Canteras - Asociacin Ambiente Europeo",4,,4,6.61,0.31,0.00,,,2,,7,6,,2,2,86,,,1,,2,8,,,,,,,11,,,,,2,,6,,,,,,,1,31,,,,,,,32,,,,,,,,,,,,,,199
316972,"Barcelona, Spain","Catalonia, Spain",Spain,41.382729,2.194655,land,saltwater,2023-03-16,"Playa Somorrostro - Asociacin Ambiente Europeo",6,,6,2.20,0.00,0.00,,,,,,,,,,6,,,,,,1,,,,,,,,,,,,,,,,,,,,,,2,,,,,,,124,,,,,,,,,,,,,,133
316973,"Barcelona, Spain","Catalonia, Spain",Spain,41.381883,2.194966,land,saltwater,2023-03-16,"Playa Somorrostro - Asociacin Ambiente Europeo",33,,33,41.89,0.09,0.00,,4,,,19,44,,22,16,162,,,23,,23,78,,4,7,7,,,,,2,,,2,2,13,,,,,6,,10,137,2,,,12,,3,2490,,,,,,,,,,,,,,3088
316974,,,Spain,38.506859,-0.226009,underwater,saltwater,2023-10-17,"PLAYA CENTRO VILLAJOYOSA - Asociacin Ambiente Europeo",10,,10,17.64,0.25,0.00,,25,,,3,12,,,7,8,,,,,6,,,2,1,18,,,,,,,,4,2,1,,,,,,,2,6,,2,,1,,3,34,,,,,,,,,,,,,,137
317311,"Santa Cruz de Tenerife, Spain","Canary Islands, Spain",Spain,28.08833227,-16.73903708,land,inland,2024-02-29,"GVI Tenerife",4,,4,17.69,0.27,0.00,,7,7,5,14,13,1,14,29,2377,,1,10,1,4,37,8,16,6,,,,,,,7,,1,5,4,6,4,7,2,16,2,9,17,1,,1,3,,3,,,,,,,,,,,,,,,2638
318292,"Province of Ourense, Spain","Galicia, Spain",Spain,42.359515377142,-8.2049327790735,land,freshwater,2023-09-18,"Masa Theodoro da Silva School / ITM - Instituto Terra e Mar",22,,22,66.00,0.12,0.00,4,65,11,10,12,,,,32,,,12,28,,,18,,5,,,,,,,,,,,,,,,,16,9,,,,,,,,,,75,,,,,,,,,,,,,,293
318333,"Santa Cruz de Tenerife, Spain","Canary Islands, Spain",Spain,28.08826402,-16.73901082,land,inland,2024-03-07,"GVI Tenerife",6,,6,10.60,0.35,0.00,,3,3,,6,4,2,8,25,1676,,4,15,,,46,3,22,14,,,,,,,1,,1,,5,2,1,1,1,9,3,6,20,,,,4,,1,,,,,,,,,,,,,,,1886
318376,"Santa Cruz de Tenerife, Spain","Canary Islands, Spain",Spain,28.080883654766,-16.735434941947,land,inland,2024-03-07,gvi,12,,12,54.01,0.00,0.00,,,,7,202,16,,,,3499,,,202,,,,,,,,,,,,,,,,,,,,,150,,,174,,,,,,,,,,,,,,,,,,,,,,4250
318603,"Santa Cruz de Tenerife, Spain","Canary Islands, Spain",Spain,28.077371069451,-16.728802534317,land,inland,2024-03-10,"GVI Groups",13,,13,87.80,0.00,0.00,,,,14,,41,,,,2276,,,,,,,,,,,,,,,,,12,,,,,,,,,,191,380,,,,,,,,,,,,,,,,,,,,,2914
318651,"Santa Cruz de Tenerife, Spain","Canary Islands, Spain",Spain,28.077335469451,-16.72882078217,land,inland,2024-03-11,"GVI Groups",12,,12,48.48,0.00,0.00,,,,10,,30,,,,1543,,,,,,,,,,,,,,,1,,117,,,,,,,73,,,,49,,,,,,,,,,,,,,,,,,,,,1823
318810,"Santa Cruz de Tenerife, Spain","Canary Islands, Spain",Spain,28.08827122,-16.73903458,land,inland,2024-03-14,"GVI Tenerife",7,,7,14.66,0.00,0.00,,9,2,4,11,16,,1,23,3518,,5,9,,2,20,10,19,4,,,,,,1,11,4,2,2,,1,1,4,5,13,7,5,7,,,,1,,,,,,,,,,,,,,,,,3717
319032,"Santa Cruz de Tenerife, Spain","Canary Islands, Spain",Spain,28.077316735897,-16.728711482153,land,inland,2024-03-18,"GVI Groups",11,,11,9.38,0.01,0.00,,,,,,6,,,5,638,,,,,,,,1,,,,,,,,,29,,,,,,,22,,,,,,,,,,,10,,,,,,,,,,,,,,711
319153,"Santa Cruz de Tenerife, Spain","Canary Islands, Spain",Spain,28.08813433,-16.73899796,land,inland,2024-03-21,"GVI Tenerife",5,,5,11.59,0.07,0.00,,1,3,,10,7,8,6,18,2345,,4,17,,2,45,5,29,3,,,,,,,3,,2,,1,1,,4,2,8,6,9,10,,,,2,,,,,,,,,,,,,,,,,2551
322370,"46500 el Grau Vell, Valencia, Spain","Valencian Community, Spain",Spain,39.629301210801,-0.21600217750375,land,freshwater,2023-09-19,"Rydde Flamingo Natural Reservation Calpe - KNB",3,,3,154.35,0.25,0.00,,,,,,,,,,,,,,,,,,,,,,,,,,,,,,,,,,,,,,,,,,,,,,,,,,,,,,,,,,,
323688,"Tarragona, Spain","Catalonia, Spain",Spain,41.136449014428,1.3775435389383,land,inland,2024-03-25,,1,,1,0.01,0.00,0.00,,,,,,,,,,,,,,,,,,,,,,,,,,,,,,,,,,,,,,,,,,,,,,,,,,,,,,,,,,,
323973,"Santa Cruz de Tenerife, Spain","Canary Islands, Spain",Spain,28.091477751732,-16.732086706907,land,inland,2024-04-03,gvi,1,,1,1.08,0.00,0.00,,,,,,,,,,999,,,,,,,,,,,,,,,,,,,,,,,,,,,,,,,,,,,,,,,,,,,,,,,,,999
324169,"Las Palmas, Spain","Canary Islands, Spain",Spain,28.9984449,-13.4884819,land,inland,2024-04-07,"UPR Ponce",2,,2,0.01,0.00,0.00,,,,,,,,,,,,,,,,,,,,,,,,,,,,,,,,,,,,,,,,,,,,,,,,,,,,,,,,,,,
324173,"Santa Cruz de Tenerife, Spain","Canary Islands, Spain",Spain,28.094723659589,-16.735557070875,land,inland,2024-04-11,GVI,6,,6,14.26,0.24,0.00,,3,4,4,11,22,7,38,11,1009,,6,9,,3,56,1,1,1,1,,,,,,,,,2,1,1,,,,15,,2,1,,,,2,,,19,,,,,,,,,,,,,,1230
324708,"Gipuzkoa, Spain","Basque Country, Spain",Spain,43.3194302,-1.936516,land,inland,2024-04-14,,4,,4,65.86,0.00,0.00,,,23,8,3,,2,,6,,1,,1,7,1,1,2,1,2,,,,,3,,,,,,1,1,,,,,,1,,,,,,,,3,,,,,,,,,,,,,,67
326183,"Santa Cruz de Tenerife, Spain","Canary Islands, Spain",Spain,28.090464337755,-16.731146927939,land,inland,2024-04-26,GVI,9,,9,62.03,0.15,0.00,,18,10,91,68,12,17,15,20,1387,,1,146,,7,37,,33,2,,,,,,3,,,,15,3,3,,,3,66,2,1,4,,,,,,1,4,,,,,,,,,,,,,,1969
326406,"Málaga, Spain","Andalusia, Spain",Spain,36.458398785733,-5.0692570009941,land,saltwater,2024-04-28,"Atlas ASM 5th and 6th Grade",60,,60,134.16,0.00,0.00,,12,3,36,20,36,13,24,54,57,15,4,,,,27,,,,6,5,,18,,,,23,,,3,,,,,3,9,,17,,,3,3,,,48,,,,,,,,,,,,,,439
326467,"Santa Cruz de Tenerife, Spain","Canary Islands, Spain",Spain,28.090876193647,-16.731982716228,land,inland,2024-04-29,GVI,9,,9,62.16,0.06,0.00,,9,38,72,108,30,3,9,6,1286,,14,161,,2,59,4,9,1,,,,1,,,,3,1,,,7,1,,6,58,4,25,1,,,,,,5,15,,,,,,,,,,,,,,1938
326842,"Balearic Islands, Spain","Balearic Islands, Spain",Spain,39.54224186,2.70801422,land,inland,2024-05-04,Perlesparedes,4,,4,173.20,0.00,0.00,,1,4,2,5,100,1,,,,46,,,3,,1,2,,,1,3,1,9,,,,4,2,,5,1,,,1,1,,9,6,,,,,,,3,,,,,,,,,,,,,,211
326843,"Balearic Islands, Spain","Balearic Islands, Spain",Spain,39.54227638,2.70804972,land,inland,2024-05-04,"voluntariado caixabank",29,,29,835.70,0.00,0.00,83,,,,,,,,,,,,,,,,,,,,,,,,,,,,,,,,,,,,,,,,,,,,,,,,,,,,,,,,,,
327031,"Balearic Islands, Spain","Balearic Islands, Spain",Spain,38.9551252,1.2564177,land,inland,2024-05-06,"caixa bank voluntarios",23,,23,84.88,0.00,0.00,7,,,,,,,,,,,,,,,,,,,,,,,,,,,,,,,,,,,,,,,,,,,,,,,,,,,,,,,,,,
327033,"Balearic Islands, Spain","Balearic Islands, Spain",Spain,38.967757,1.241227,land,inland,2024-05-06,"voluntariat Caixabank Eivissa",25,,25,12.10,2.00,0.00,,,6,8,8,6,5,24,20,91,,,,4,3,7,14,6,9,,3,,,,,,4,,,,1,,,,,,10,2,,,,,,,7,,,,,,,,,,,,,,238
327034,"Balearic Islands, Spain","Balearic Islands, Spain",Spain,38.904572913513,1.4196844230104,land,inland,2024-05-06,"voluntaris Caixa Bank",20,,20,19.84,0.00,0.00,,1,1,1,1,1,1,1,1,1,,,,,,1,1,1,1,1,,,1,,,1,1,,,1,,,,1,,,1,1,,,,,,1,,,,,,,,,,,,,,,22
327137,"Balearic Islands, Spain","Balearic Islands, Spain",Spain,39.54172435,2.7078269,land,inland,2024-05-04,"CaixaBank empresas",4,,4,12.27,0.04,0.00,,,3,13,21,99,41,5,1,,,,,,,,,,,,,,,,,,,,,,,,,13,,,,,,,,,,,,,,,,,,,,,,,,,196
327138,"Balearic Islands, Spain","Balearic Islands, Spain",Spain,39.54169864,2.70772728,land,inland,2024-05-04,ossifar,6,,6,"1,895.71",0.13,0.00,,25,19,115,168,431,56,42,22,17,54,8,2,20,30,43,24,4,6,,1,13,37,,6,,14,1,31,,,12,11,13,11,24,24,94,,,6,,,,,,,,,,,,,,,,,,1384
327227,"Santa Cruz de Tenerife, Spain","Canary Islands, Spain",Spain,28.08834951534,-16.739005043911,land,inland,2024-05-09,GVI,7,,7,15.04,0.46,0.00,,6,8,6,6,12,2,11,13,3065,,4,2,,1,38,3,12,3,1,,,,,,1,,,1,2,3,,,,14,1,,4,,,,1,,,101,,,,,,,,,,,,,,3321
327618,"Santa Cruz de Tenerife, Spain","Canary Islands, Spain",Spain,28.094993038103,-16.73535506241,land,inland,2024-05-15,GVI,5,,5,36.04,0.52,0.00,,4,19,12,30,41,6,28,11,3078,,23,9,,4,87,,,1,,,,,,,,,,,3,,,,,30,,1,147,,,,,,,1,,,,,,,,,,,,,,3535
327680,"Santa Cruz de Tenerife, Spain","Canary Islands, Spain",Spain,28.091544429772,-16.7326499708,land,inland,2024-05-16,GVI,8,,8,38.80,0.12,0.00,,7,110,23,28,27,3,3,1,861,,19,50,,5,182,3,,,,,,1,,,1,,,,3,4,1,,14,22,1,16,42,,,1,1,,,2,,,,,,,,,,,,,,1431
327689,"Santa Cruz de Tenerife, Spain","Canary Islands, Spain",Spain,28.095199065283,-16.73372419551,land,inland,2024-05-16,GVI,8,,8,22.90,0.00,0.00,,,64,11,14,16,,2,23,,,3,21,,,97,,,,,,,,,,,,,,1,,,,5,25,,3,65,,,,,1,,,,,,,,,,,,,,,,351
327884,"Santa Cruz de Tenerife, Spain","Canary Islands, Spain",Spain,28.087706356309,-16.736990623176,land,inland,2024-05-20,gvi,18,,18,29.91,0.00,0.00,,,3,,,,4,4,3,120,2,4,,,,,1,1,,1,1,,8,,,,,,,,,,,,,,,,,,,,,,6,,,,,,,,,,,,,,158
327988,"Santa Cruz de Tenerife, Spain","Canary Islands, Spain",Spain,28.085457198322,-16.73687512055,land,inland,2024-05-21,gvi,16,,16,5.34,0.00,0.00,,,7,1,,,4,5,16,859,2,7,2,2,,91,,10,,,,,,,,,6,,,,1,,,,,,,,,,,,,,,,,,,,,,,,,,,,1013
327995,"Santa Cruz de Tenerife, Spain","Canary Islands, Spain",Spain,28.088349457856,-16.739004459248,land,inland,2024-05-21,GVI,10,,10,6.87,0.34,0.00,,,14,1,3,5,1,14,19,2244,,4,1,1,1,47,2,8,4,,,,,,,,,2,,2,,,,,7,1,13,6,,,,,,1,114,,,,,,,,,,,,,,2515
328101,"Santa Cruz de Tenerife, Spain","Canary Islands, Spain",Spain,28.084155698307,-16.736322753131,land,inland,2024-05-23,gvi,19,,19,31.48,0.15,0.00,,,,5,7,3,2,8,10,2790,,3,13,,,78,,32,,3,,,,,,,,,2,6,,,,,,5,,,,,,,,,7,,,,,,,,,,,,,,2974
328492,"Santa Cruz de Tenerife, Spain","Canary Islands, Spain",Spain,28.095244347871,-16.73372995944,land,inland,2024-05-29,GVI,6,,6,29.29,0.00,0.00,,1,,3,12,36,,8,17,853,,1,,,9,34,3,,,,,,3,,,,,,,,1,1,,,16,,,110,1,1,,,,1,116,,,,,,,,,,,,,,1227
328532,"Santa Cruz de Tenerife, Spain","Canary Islands, Spain",Spain,28.087792438481,-16.738356035218,land,inland,2024-05-30,GVI,11,,11,70.78,1.52,0.00,,,54,,6,7,,16,35,2817,,1,8,,,2,6,10,,6,,,,,1,30,,,,3,4,,,6,11,4,53,96,,,,,1,1,,,,,,,,,,,,,,,3178
328885,"Balearic Islands, Spain","Balearic Islands, Spain",Spain,38.868561114565,1.3319965686121,land,,2024-06-05,"informadora ambiental Herbusa",1,,1,0.01,0.01,0.00,,,,,,,,,,177,,,,,,,,,,,,,,,,,,,,,,,,,,,,,,,,,,,,,,,,,,,,,,,,,177
329004,"Balearic Islands, Spain","Balearic Islands, Spain",Spain,38.904532024469,1.4197169800648,land,,2024-06-06,"informadora ambiental Herbusa",1,,1,0.01,0.00,0.00,,,,,,,,,,209,,,,,,,,,,,,,,,,,,,,,,,,,,,,,,,,,,,,,,,,,,,,,,,,,209
329030,"Balearic Islands, Spain","Balearic Islands, Spain",Spain,38.841701093774,1.3905658203971,land,,2024-06-07,"informadora ambiental Herbusa",1,,1,0.01,1.24,0.00,,,,,,,,,,165,,,,,,,,,,,,,,,,,,,,,,,,,,,,,,,,,,,,,,,,,,,,,,,,,165
329031,"Balearic Islands, Spain","Balearic Islands, Spain",Spain,39.3384533,3.05303,land,,2024-06-07,"informadora ambiental",1,,1,6.80,0.00,0.00,,1,2,,,2,,,4,32,2,1,2,,,2,2,2,3,,,,2,,,2,,,,,,,,,,,1,1,1,,1,,,1,25,,,,,,,,,,,,,,89
329095,"Balearic Islands, Spain","Balearic Islands, Spain",Spain,38.966251202596,1.2680973869447,land,,2024-06-08,"informadora ambiental Herbusa",1,,1,0.01,0.00,0.00,,,,,,,,,,249,,,,,,,,,,,,,,,,,,,,,,,,,,,,,,,,,,,,,,,,,,,,,,,,,249
329105,"Balearic Islands, Spain","Balearic Islands, Spain",Spain,38.966257785149,1.268148913893,land,,2024-06-08,"ute es vedra",1,,1,0.02,0.00,0.00,,,,,,,,,,262,,,,,,,,,,,,,,,,,,,,,,,,,,,,,,,,,,,,,,,,,,,,,,,,,262
329425,"Balearic Islands, Spain","Balearic Islands, Spain",Spain,38.938875,1.2363733333333,land,saltwater,2024-06-12,"informadora ambiental",1,,1,10.60,0.08,0.00,,,,,,,2,1,,84,1,,,,2,6,1,4,1,1,,,,,,4,1,1,,1,,,,,,,8,9,1,1,,,,,54,,,,,,,,,,,,,,183
329454,"Balearic Islands, Spain","Balearic Islands, Spain",Spain,38.918251666667,1.2730166666667,land,,2024-06-12,"informadores sant josep",1,,1,0.83,0.00,0.00,,,1,,,,2,2,1,374,,,,,,5,5,6,,,,,,,,1,,,1,,,,,,2,,,3,,1,,,,,3,,,,,,,,,,,,,,407
329464,"Santa Cruz de Tenerife, Spain","Canary Islands, Spain",Spain,28.088302644901,-16.73907905817,land,inland,2024-06-12,GVI,9,,9,27.05,0.90,0.00,,3,2,3,9,10,2,7,72,1598,,7,2,,1,41,,15,,2,,,,,,,,2,,7,2,2,7,8,10,,8,7,,,,,,,438,,,,,,,,,,,,,,2265
329508,"Madrid, Spain","Community of Madrid, Madrid, Spain",Spain,40.229990249537,-3.5435648169402,land,freshwater,2024-06-13,"AMEX - Rio Jarama - group 2 - Ambiente Europeo",5,,5,190.89,0.31,0.00,,,7,1,5,1,2,,4,3,,,3,,,17,1,5,1,,,,,1,,5,2,1,,,,,,,,1,36,3,,,2,1,,1,9,,,,,,,,,,,,,,112
329509,"Madrid, Spain","Community of Madrid, Madrid, Spain",Spain,40.22989158,-3.54360309,land,freshwater,2024-06-13,"AMEX - Rio Jarama group 1 - Ambiente Europeo",4,,4,130.00,0.31,0.00,6,9,56,,16,50,2,1,,13,,7,,,1,31,,,,,,,,1,,,17,,,22,,,1,,,,8,1,,2,,2,,7,1,,,,,,,,,,,,,,248
329510,"Balearic Islands, Spain","Balearic Islands, Spain",Spain,38.96691,1.24057,land,,2024-06-13,"informadores sant josep",3,,3,2.99,0.00,0.00,,2,,,,,,9,6,390,,,,2,,4,7,5,,,,,,,2,1,,8,,,1,,,,,2,12,,,,,,,,,,,,,,,,,,,,,,451
329626,"Balearic Islands, Spain","Balearic Islands, Spain",Spain,38.913644140651,1.2243121828809,land,,2024-06-15,"ute es vedra",1,,1,0.01,0.03,0.00,,,,,,,,,,151,,,,,,,,,,,,,,,,,,,,,,,,,,,,,,,,,,,,,,,,,,,,,,,,,151
329639,"Madrid, Spain","Community of Madrid, Madrid, Spain",Spain,40.229952363335,-3.5434466321054,land,freshwater,2024-06-15,"AMEX  - Rio Jamara Day 2 - Ambiente Europeo",13,,13,266.00,0.31,0.00,9,52,77,,13,10,1,,,16,,,3,,,257,2,7,1,7,,,9,2,,1,1,10,1,2,,,1,,,,75,5,1,17,1,2,,43,34,,,,,,,,,,,,,,651
329706,"Madrid, Spain","Community of Madrid, Madrid, Spain",Spain,40.22996305,-3.543583,land,,2024-06-13,Amex,1,,1,0.01,0.00,0.00,,,,,,,,,,,,,,,,,,,,,,,,,,,,,,,,,,,,,,,,,,,,,,,,,,,,,,,,,,,
329760,"Balearic Islands, Spain","Balearic Islands, Spain",Spain,38.879407143311,1.403573517307,land,,2024-06-18,"informadora ambiental Herbusa",1,,1,0.01,0.62,0.00,,,,,,,,,,113,,,,,,,,,,,,,,,,,,,,,,,,,,,,,,,,,,,,,,,,,,,,,,,,,113
329761,"Balearic Islands, Spain","Balearic Islands, Spain",Spain,38.879170473058,1.4037476130658,land,,2024-06-18,"ute es vedra",1,,1,0.01,1.00,0.00,,,,,,,,,,120,,,,,,,,,,,,,,,,,,,,,,,,,,,,,,,,,,,,,,,,,,,,,,,,,120
329824,"Balearic Islands, Spain","Balearic Islands, Spain",Spain,38.841997658792,1.3893121021138,land,,2024-06-19,"ute es vedra",1,,1,0.02,0.43,0.00,,,,,,,,,,245,,,,,,,,,,,,,,,,,,,,,,,,,,,,,,,,,,,,,,,,,,,,,,,,,245
329831,"Balearic Islands, Spain","Balearic Islands, Spain",Spain,38.851297182735,1.3893143866994,land,,2024-06-19,"informadora ambiental Herbusa",1,,1,0.01,0.62,0.00,,,,,,,,,,102,,,,,,,,,,,,,,,,,,,,,,,,,,,,,,,,,,,,,,,,,,,,,,,,,102
329865,"Balearic Islands, Spain","Balearic Islands, Spain",Spain,38.848175110634,1.401819808217,land,,2024-06-20,"ute es vedra",1,,1,0.01,0.00,0.00,,,,,,,,,,219,,,,,,,,,,,,,,,,,,,,,,,,,,,,,,,,,,,,,,,,,,,,,,,,,219
329866,"Santa Cruz de Tenerife, Spain","Canary Islands, Spain",Spain,28.085824409526,-16.73717427069,land,inland,2024-06-20,GVI,14,,14,585.07,1.20,0.00,,1,73,10,16,3,,38,42,2260,,13,19,,,22,1,5,,65,,,40,,,,1,,,5,1,,3,,14,9,11,28,,1,,2,,,199,,,,,,,,,,,,,,2882
329914,"Balearic Islands, Spain","Balearic Islands, Spain",Spain,38.868586712208,1.3317632177002,land,,2024-06-21,"informadora ambiental Herbusa",1,,1,0.22,0.00,0.00,,,,,,,,2,,80,,,,,,,,,1,,,,,,,,,,,,,,,,,,1,,,,,,,,,,,,,,,,,,,,,,84
329992,"Balearic Islands, Spain","Balearic Islands, Spain",Spain,38.890043333333,1.2245883333333,land,,2024-06-22,"informadora ambiental",1,,1,13.59,0.00,0.00,,,,1,,,,,8,60,1,,1,1,1,17,,12,6,5,1,,,,,3,,1,,2,,,1,,,1,28,2,,,1,,,,25,,,,,,,,,,,,,,178
330136,"Balearic Islands, Spain","Balearic Islands, Spain",Spain,38.9511686,1.2802009,land,,2024-06-25,"informadora ambiental",2,,2,10.34,0.00,0.00,,1,1,,3,,2,5,4,504,1,1,2,,1,10,,4,3,7,,,,,,,1,,4,,,,,,1,,11,3,,,1,,,,12,,,,,,,,,,,,,,582
330143,"Santa Cruz de Tenerife, Spain","Canary Islands, Spain",Spain,28.094119769547,-16.734665399433,land,,2024-06-25,GVI,15,,15,54.63,0.29,0.00,,22,90,18,61,56,16,17,4,2760,,6,11,6,7,81,9,5,3,,,,,,,,,,,8,5,,2,,79,1,13,183,1,,,4,,,22,,,,,,,,,,,,,,3490
330230,"Santa Cruz de Tenerife, Spain","Canary Islands, Spain",Spain,28.090478712719,-16.731122117505,land,,2024-06-27,GVI,13,,13,217.70,0.00,0.00,,30,96,119,66,98,15,89,60,1212,2,,181,1,1,236,8,78,,,,,14,,,,,1,,9,16,,1,2,98,,15,630,1,,,1,,4,19,,,,,,,,,,,,,,3103
330231,"Santa Cruz de Tenerife, Spain","Canary Islands, Spain",Spain,28.090094653916,-16.730868564934,land,,2024-06-27,GVI,1,,1,0.27,0.00,0.00,,,,,,,,,,4444,,,,,,,,,,,,,,,,,,,,,,,,,,,,,,,,,,,,,,,,,,,,,,,,,4444
330232,"Balearic Islands, Spain","Balearic Islands, Spain",Spain,38.9717722,1.285829,land,,2024-06-26,"informadora ambiental",2,,2,9.71,0.00,0.00,,2,,,,2,,,7,295,1,,,,,14,2,4,,,,,2,,,1,2,4,1,,,,,,1,3,8,5,,1,,,,,,,,,,,,,,,,,,,355
330233,"Balearic Islands, Spain","Balearic Islands, Spain",Spain,38.9657011,1.2679276,land,,2024-06-27,"informadora ambiental",2,,2,16.41,0.00,0.00,,,,,,1,2,3,1,222,,,2,1,,8,4,9,8,8,1,,,,,,6,,1,,,,,,,1,24,8,,1,1,6,,2,16,,,,,,,,,,,,,,336
330236,"Balearic Islands, Spain","Balearic Islands, Spain",Spain,38.966505,1.2677516666667,land,,2024-06-27,"informadores sant josep",1,,1,1.94,0.04,0.00,,,1,,,,,3,1,98,2,,,,,5,2,1,3,,,,,,1,1,,2,3,,,,,4,1,2,,,,,,,,,26,,,,,,,,,,,,,,156
330291,"Balearic Islands, Spain","Balearic Islands, Spain",Spain,38.913851666667,1.224015,land,,2024-06-28,"informadora ambiental",10,,10,20.48,0.00,0.00,,,10,,,1,,7,8,475,,2,2,5,1,15,,9,4,5,2,,2,,,,,,2,2,,,,,,1,18,9,,2,3,5,,,34,,,,,,,,,,,,,,624
330351,"Balearic Islands, Spain","Balearic Islands, Spain",Spain,38.939530886588,1.2372412914505,land,,2024-06-29,"ute es vedra",1,,1,0.02,0.00,0.00,,,,,,,,,,251,,,,,,,,,,,,,,,,,,,,,,,,,,,,,,,,,,,,,,,,,,,,,,,,,251
330463,"Balearic Islands, Spain","Balearic Islands, Spain",Spain,38.9625038,1.2201411,land,,2024-07-02,"informadora ambiental",1,,1,6.53,0.00,0.00,,2,,,,,,8,,480,1,1,8,,,15,4,13,3,1,,,,,,,,,,,,,,,,,4,26,,2,1,,,,5,,,,,,,,,,,,,,574
330589,"Balearic Islands, Spain","Balearic Islands, Spain",Spain,38.847998547993,1.4017172798,land,,2024-07-05,"informadora ambiental Herbusa",1,,1,0.01,0.00,0.00,,,,,,,,,,141,,,,,,,,,,,,,,,,,,,,,,,,,,,,,,,,,,,,,,,,,,,,,,,,,141
330590,"Balearic Islands, Spain","Balearic Islands, Spain",Spain,38.868336666667,1.3317216666667,land,,2024-07-04,"informadora ambiental",1,,1,8.10,0.06,0.00,,,1,,2,,3,4,4,125,,,,,,2,1,,,6,,,,,,,,2,,1,,,,,2,,5,6,,,,,,,12,,,,,,,,,,,,,,176
330591,"Balearic Islands, Spain","Balearic Islands, Spain",Spain,38.848138333333,1.401685,land,,2024-07-05,"informadora ambiental",1,,1,35.05,0.00,0.00,,3,4,,4,,1,,8,47,,1,2,2,2,9,2,2,4,10,7,,4,,,10,7,3,,,,,,,,,2,8,,,1,,,,36,,,,,,,,,,,,,,179
330672,"Balearic Islands, Spain","Balearic Islands, Spain",Spain,38.841848333333,1.3905066666667,land,,2024-07-06,"informadora ambiental",2,,2,8.44,0.00,0.00,,,1,,5,,5,2,4,68,1,,4,,,,3,3,2,1,,,2,,,,,,1,,,,1,,,,,7,1,1,,1,,,52,,,,,,,,,,,,,,165
330673,"Balearic Islands, Spain","Balearic Islands, Spain",Spain,38.841708601094,1.390582238595,land,,2024-07-06,"informadora ambiental",1,,1,7.67,0.02,0.00,,4,3,,2,,,2,8,397,1,,,,,13,,4,1,3,,,,,,,1,,,,,,,,,,17,12,,,,,,,36,,,,,,,,,,,,,,504
330674,"Balearic Islands, Spain","Balearic Islands, Spain",Spain,38.841735367743,1.3905821695098,land,,2024-07-06,"informador ambiental",2,,2,1.63,0.01,0.00,,,3,,3,3,1,2,3,87,,,,,,4,,1,1,,,,,,,,,,,,,,,,,,,8,,,,2,,,5,,,,,,,,,,,,,,123
330806,"Balearic Islands, Spain","Balearic Islands, Spain",Spain,38.966848381879,1.240989050493,land,,2024-07-09,"informadora ambiental",1,,1,1.52,0.00,0.00,,4,,,8,8,,2,,69,,1,,,,,,1,,,,,,,,,,,,,,,,,,,5,1,,,,,,,,,,,,,,,,,,,,,99
330810,"Balearic Islands, Spain","Balearic Islands, Spain",Spain,38.968478898729,1.2396050926855,land,,2024-07-09,"informador ambiental",1,,1,5.60,0.10,0.00,,,,3,8,,,2,,259,4,,1,,,8,,1,1,,,,,,,,,,1,1,,,,,2,,2,19,,,,,,,,,,,,,,,,,,,,,312
330855,"Balearic Islands, Spain","Balearic Islands, Spain",Spain,38.970669490774,1.2917764884393,land,,2024-07-10,"informadora ambiental",1,,1,0.78,0.04,0.00,,,3,,,,4,,,143,,,,,,5,,3,1,,,,,,,,,1,,,,,,,,,3,1,,,,,,,,,,,,,,,,,,,,,164
330859,"Balearic Islands, Spain","Balearic Islands, Spain",Spain,38.970706374743,1.2918933204208,land,,2024-07-10,"informador ambiental",1,,1,1.81,0.00,0.00,,,2,,,2,1,2,,134,,,,,,4,,3,,,,,,,,,,1,,,,,,,1,,,10,1,,,,,,13,,,,,,,,,,,,,,174
330924,"Santa Cruz de Tenerife, Spain","Canary Islands, Spain",Spain,28.077474273741,-16.728926394135,land,,2024-07-10,"GVI groups",22,,22,15.55,0.00,0.00,,,,1,,140,,,,3016,,,,,,190,,,,1,,,,,,,,,,,4,,,,,,,24,,,,,,,,,,,,,,,,,,,,,3376
330926,"Santa Cruz de Tenerife, Spain","Canary Islands, Spain",Spain,28.077387772501,-16.728816423565,land,,2024-07-10,"GVI groups",22,,22,17.36,0.00,0.00,,,,2,4,313,,,,2888,,,,,,61,,,,1,,,,,,,,,,,,,,,,,,16,,,,,,,,,,,,,,,,,,,,,3285
330927,"Santa Cruz de Tenerife, Spain","Canary Islands, Spain",Spain,28.077276293188,-16.728918263689,land,,2024-07-10,"GVI groups",22,,22,38.58,0.00,0.00,3,,,,,,,,,,,,,,,,,,,,,,,,,,,,,,,,,,,,,,,,,,,,,,,,,,,,,,,,,,
330928,"Santa Cruz de Tenerife, Spain","Canary Islands, Spain",Spain,28.077354831621,-16.729371305555,land,,2024-07-10,"GVI groups",22,,22,41.32,0.00,0.00,,10,25,23,40,149,,,,518,,,,,,150,,,,2,,,,,,,,,,,,,,,,,,109,,,,,,,,,,,,,,,,,,,,,1026
330944,"Balearic Islands, Spain","Balearic Islands, Spain",Spain,38.939499842806,1.2371454711929,land,,2024-07-11,"informadora ambiental",1,,1,1.37,0.00,0.00,,1,,,,,2,3,,76,,2,,,,7,,5,,,,,,,,1,,,,,,,,,,1,4,,,,,,,,3,,,,,,,,,,,,,,105
330945,"Balearic Islands, Spain","Balearic Islands, Spain",Spain,38.939286163088,1.2365202355563,land,,2024-07-11,"informador ambiental",1,,1,6.92,0.05,0.00,,,,,,,2,3,6,123,1,,,,,6,,5,1,,,,,,,3,,1,,,,,,,2,,33,17,,1,,,,,,,,,,,,,,,,,,,204
330946,"Santa Cruz de Tenerife, Spain","Canary Islands, Spain",Spain,28.088077842284,-16.738786445946,land,,2024-07-11,GVI,13,,13,191.06,0.92,0.00,,10,38,11,13,19,,15,129,3074,,,14,,,150,2,31,,36,,,28,,,4,1,,,2,3,,1,,4,8,70,374,,,,,,1,51,,,,,,,,,,,,,,4089
331008,"Balearic Islands, Spain","Balearic Islands, Spain",Spain,38.913990441363,1.2243556064243,land,,2024-07-12,"informador ambiental",30,,30,53.41,0.01,0.00,,,9,,2,1,,11,25,644,,1,,,,70,,21,2,12,4,,3,,,,,6,3,23,,,,,,3,30,49,,4,11,,,2,18,,,,,,,,,,,,,,954
331044,"Santa Cruz de Tenerife, Spain","Canary Islands, Spain",Spain,28.07727784384,-16.728963609785,land,,2024-07-12,"GVI groups",22,,22,25.52,0.00,0.00,,,,11,,28,,,,2376,,,,,,402,,,,1,,,,,,,,,,,3,,1,,,,,40,,,,,,,,,,,,,,,,,,,,,2862
331062,"Balearic Islands, Spain","Balearic Islands, Spain",Spain,38.966280076072,1.2681551052261,land,,2024-07-13,"informadora ambiental",1,,1,1.62,0.00,0.00,,,7,,,1,1,3,,171,1,,,,,,1,1,1,1,,,,,,,,3,1,,,,,1,,,2,,,,,,1,,20,,,,,,,,,,,,,,216
331063,"Balearic Islands, Spain","Balearic Islands, Spain",Spain,38.966296666667,1.26807,land,,2024-07-13,"informadora ambiental",1,,1,2.73,0.00,0.00,,1,6,,,,3,11,5,154,1,,,,,20,2,2,9,,,,,,,,,,1,,,,,,,,5,4,,1,1,3,1,,34,,,,,,,,,,,,,,264
331064,"Balearic Islands, Spain","Balearic Islands, Spain",Spain,38.966517561217,1.2682572115491,land,,2024-07-13,"informador ambiental",1,,1,4.68,0.08,0.00,,,,,,,1,1,2,120,,,,,,10,1,2,,3,,,,,,,,1,,,,,,,,1,,6,,,,1,,,5,,,,,,,,,,,,,,154
331065,"Balearic Islands, Spain","Balearic Islands, Spain",Spain,38.966588438604,1.2682998469514,land,,2024-07-13,"Informador ambiental/Voluntarios locales",1,,1,2.89,0.02,0.00,,,1,2,,,,2,5,122,2,,,8,,13,3,1,,,,,,,,,,10,1,,,,,,,,,6,,1,,2,,,5,,,,,,,,,,,,,,184
331161,"Santa Cruz de Tenerife, Spain","Canary Islands, Spain",Spain,28.077391376719,-16.729123787954,land,,2024-07-15,"GVI groups",22,,22,37.81,0.00,0.00,,,,19,4,27,,,,3948,,,,,,135,,,,2,,,,,,,,,,2,3,2,,,3,,5,137,,,,,,,,,,,,,,,,,,,,,4287
331202,"Balearic Islands, Spain","Balearic Islands, Spain",Spain,38.913932794741,1.224464080561,land,,2024-07-16,"Escuela Sant Jordi",36,,36,0.01,0.01,0.00,,,,,,,,,,,,,,,,,,,,,,,,,,,,,,,,,,,,,,,,,,,,,,,,,,,,,,,,,,,
331204,"Balearic Islands, Spain","Balearic Islands, Spain",Spain,38.913817336634,1.2243808523493,land,,2024-07-16,"Escuela Sant Jordi",36,,36,23.14,0.01,0.00,,3,,3,10,11,11,15,3,404,1,,7,,,36,,12,2,6,,,1,,,,1,6,1,5,,,,,1,,,49,,,3,,,,33,,,,,,,,,,,,,,624
331237,"Balearic Islands, Spain","Balearic Islands, Spain",Spain,38.879309197664,1.4037703066335,land,,2024-07-17,"informador ambiental",1,,1,9.43,0.07,0.00,,,1,,,,1,2,,199,,,,2,,14,,,,5,,,1,,,,,3,,,,,,,,1,2,3,,,,,,,17,,,,,,,,,,,,,,251
331324,"Balearic Islands, Spain","Balearic Islands, Spain",Spain,38.913835212589,1.2243528458954,land,,2024-07-18,"Escuela ceip Ses Planes",13,,13,16.10,0.01,0.00,,,2,1,1,,,13,4,305,,,,,,26,,3,,10,,,,,,,,1,,1,,,,,,,3,28,,,,3,,,41,,,,,,,,,,,,,,442
331404,,,Spain,38.967568969714,1.2404820569347,land,,2024-07-19,"informador ambiental",1,,1,6.77,0.04,0.00,,,4,,2,,1,6,3,210,2,,,,,14,,1,,4,,,,,,,1,8,,,,,1,1,,,,9,,,,,,,16,,,,,,,,,,,,,,283
331448,"Balearic Islands, Spain","Balearic Islands, Spain",Spain,38.939693737811,1.2367125973117,land,,2024-07-20,"informador ambiental",1,,1,13.50,0.00,0.00,,,1,,,,,1,11,81,,,1,,,16,,4,3,2,1,,2,,,5,,1,,3,1,,,,,2,,9,,,1,,,,35,,,,,,,,,,,,,,180
331449,"Balearic Islands, Spain","Balearic Islands, Spain",Spain,38.939748333333,1.236435,land,,2024-07-20,"informadora ambiental",1,,1,23.59,0.04,0.00,,2,2,,1,,,2,5,104,,,,,,15,1,7,9,8,3,,2,,,3,,,,1,1,,,,1,1,,13,,,5,3,,,83,,,,,,,,,,,,,,272
331581,"Balearic Islands, Spain","Balearic Islands, Spain",Spain,38.91389,1.22448,land,,2024-07-23,"informadora ambiental",24,,24,6.82,0.00,0.00,,2,5,,1,,3,1,9,2,,3,4,,1,17,2,1,6,2,,,,,,,,,1,,,,,,,1,7,9,,1,2,2,,,18,,,,,,,,,,,,,,100
331582,"Balearic Islands, Spain","Balearic Islands, Spain",Spain,38.91377951361,1.2244039048879,land,,2024-07-23,"informador ambiental",25,,25,9.26,0.00,0.00,,,,,,,,1,,437,,,,,,13,,,1,4,,,,,,2,,,,7,2,,,,,3,1,5,,,,,,,,,,,,,,,,,,,,,476
331586,"Santa Cruz de Tenerife, Spain","Canary Islands, Spain",Spain,28.0911645175,-16.730688929703,land,,2024-07-16,GVI,13,,13,118.20,0.05,0.00,,22,149,86,80,87,30,30,25,3458,,23,179,,,105,3,113,2,,,,,,,,,,,3,14,,1,3,65,2,26,322,,,1,,,,40,,,,,,,,,,,,,,4869
331640,"Balearic Islands, Spain","Balearic Islands, Spain",Spain,38.9704960585,1.2917595729244,land,,2024-07-24,"informador ambiental",1,,1,16.60,0.00,0.00,,,6,,2,,1,10,7,240,,1,,,,36,,5,3,1,,,2,,,,,,,10,,,,,,3,,21,,,2,,,,,,,,,,,,,,,,,,350
331701,"Balearic Islands, Spain","Balearic Islands, Spain",Spain,38.91371,1.2244166666667,land,,2024-07-25,"informadora ambiental",11,,11,11.21,0.02,0.00,,,1,,,1,,9,4,252,,,,,,44,,1,2,6,1,,,,,,,,,,,,,,,,,18,,2,,1,,2,8,,,,,,,,,,,,,,352
331767,"Huelva, Spain","Andalusia, Spain",Spain,37.9699371,-6.3139679,land,,2024-07-26,"informador ambiental",20,,20,30.63,0.00,0.00,,,,,,,,6,15,259,,1,,,,27,,4,1,7,3,,5,,,4,,4,,6,,,,,,1,2,10,,2,2,,,,58,,,,,,,,,,,,,,417
331807,"Balearic Islands, Spain","Balearic Islands, Spain",Spain,38.879249373124,1.4038880168046,land,saltwater,2024-07-27,"ute es vedra",1,,1,1.27,0.00,0.00,,,,,,,,2,1,230,,,,,,4,,4,2,,,,,,,1,2,2,,,,,,,5,,3,,,,,,,,,,,,,,,,,,,,,,256
331970,"Balearic Islands, Spain","Balearic Islands, Spain",Spain,38.868527381307,1.3317537866062,land,saltwater,2024-07-30,"informadora ambiental",1,,1,2.12,0.00,0.00,,,,1,1,,,3,1,54,,,,,,6,1,1,,1,,,,,,,,,,,,2,,,,,,1,,,,,,,3,,,,,,,,,,,,,,75
331971,"Madrid, Spain","Community of Madrid, Madrid, Spain",Spain,40.463667,-3.74922,land,saltwater,2024-07-30,"informador ambiental",1,,1,3.76,0.00,0.00,,,,,,,,2,,69,,,,,,,,1,,2,,,,,,,,5,,1,,,,,,,,10,,,,,,,6,,,,,,,,,,,,,,96
332015,"Balearic Islands, Spain","Balearic Islands, Spain",Spain,38.868497751889,1.3318513280258,land,saltwater,2024-07-30,"informador ambiental",1,,1,2.78,5.97,0.00,,,,,,,,4,,104,5,,,2,,3,,,,2,,,,,,,,3,,,,,,,,,4,,,,,,,,5,,,,,,,,,,,,,,132
332093,"Balearic Islands, Spain","Balearic Islands, Spain",Spain,38.841922459036,1.3888088279382,land,saltwater,2024-08-01,"informador ambiental",1,,1,1.87,0.03,0.00,,,,,,,,,2,80,3,,,,,9,,1,,,,,,,,,,3,,,,,,,,,,11,,,,,,,7,,,,,,,,,,,,,,116
332094,"Balearic Islands, Spain","Balearic Islands, Spain",Spain,38.841979635534,1.3893359417631,land,saltwater,2024-08-01,"informadora ambiental",1,,1,0.61,0.00,0.00,,,2,,,,1,3,,36,,,,,,3,1,1,,,,,,,,,,,,,,,,1,,,3,,,,,,,,6,,,,,,,,,,,,,,57
332174,"Balearic Islands, Spain","Balearic Islands, Spain",Spain,38.849126600062,1.4019901091125,land,saltwater,2024-08-02,"informadora ambiental",1,,1,2.37,0.06,0.00,,6,6,,,,4,2,,24,,,,,,,4,2,,1,,,,,,1,,3,1,,,,,,1,1,,3,,,,,,,10,,,,,,,,,,,,,,69
332175,"Balearic Islands, Spain","Balearic Islands, Spain",Spain,38.848270972728,1.4018693421794,land,saltwater,2024-08-02,"informador ambiental",1,,1,6.44,0.01,0.00,,,,,1,,1,,15,69,,1,,1,,4,,3,,3,1,,,,,,1,,,,,,,,,,10,3,,,,,,,,,,,,,,,,,,,,,113
332321,"Balearic Islands, Spain","Balearic Islands, Spain",Spain,38.939764140338,1.2362504593361,land,,2024-08-06,"informador ambiental",1,,1,7.64,0.00,0.00,,,,,,,,3,2,90,,,,1,,9,,1,1,1,,,1,,,2,,,,4,,,,,,2,,8,,,,,,,1,,,,,,,,,,,,,,126
332323,"Balearic Islands, Spain","Balearic Islands, Spain",Spain,38.939738461874,1.2366622572412,land,saltwater,2024-08-06,"informador ambiental",1,,1,3.79,0.00,0.00,,,,,,,,1,3,124,,,1,,,4,,2,,,,,,,,,,,,,,,,,,2,10,10,,,,2,,,7,,,,,,,,,,,,,,166
332371,"Balearic Islands, Spain","Balearic Islands, Spain",Spain,38.97072707049,1.291803793875,land,,2024-08-07,"informador ambiental",1,,1,2.83,0.00,0.00,,,,,,,1,2,1,139,,,,,,6,,,1,,,,,,,,,,1,1,,,1,,,,,13,,,,,,,1,,,,,,,,,,,,,,167
332392,"Santa Cruz de Tenerife, Spain","Canary Islands, Spain",Spain,28.095337618142,-16.733687901869,land,inland,2024-08-07,"GVI groups",22,,22,1.72,0.00,0.00,,,,1,,1,,,,10615,,,,,,3,,,,,,,,,,,,,,,,,,2,,,,2,,,,,,,,,,,,,,,,,,,,,10624
332393,"Santa Cruz de Tenerife, Spain","Canary Islands, Spain",Spain,28.094574655406,-16.733749005944,land,inland,2024-08-07,"GVI groups",22,,22,32.30,0.00,0.00,,,,23,,12,,,,5920,,,,,,297,,,,,,,,,,,,,,,,,,71,,,23,16,,,,,,,,,,,,,,,,,,,,,6362
332394,"Santa Cruz de Tenerife, Spain","Canary Islands, Spain",Spain,28.095009466633,-16.733788987622,land,inland,2024-08-07,"GVI groups",22,,22,31.62,0.00,0.00,,,,7,13,6,,,,8517,,,,,,122,,,,1,,,,,,3,,,,,,,,24,,,130,30,,,,,,,,,,,,,,,,,,,,,8853
332395,"Santa Cruz de Tenerife, Spain","Canary Islands, Spain",Spain,28.095503454097,-16.733746407554,land,inland,2024-08-07,"GVI groups",22,,22,26.54,0.00,0.00,,,,16,5,55,,,,5079,,,,,,71,,,,1,,,,,,2,,,,,,,,25,,,28,51,,,,,,,,,,,,,,,,,,,,,5333
332396,"Santa Cruz de Tenerife, Spain","Canary Islands, Spain",Spain,28.095163609833,-16.733770379797,land,inland,2024-08-07,"GVI groups",22,,22,16.94,0.00,0.00,,25,,15,36,20,,20,,1200,,,,,,180,,,,,,,,,,,,,,,,,,,16,,2,2,,,,,,,,,,,,,,,,,,,,,1516
332467,"Balearic Islands, Spain","Balearic Islands, Spain",Spain,38.966593900893,1.2682640018965,land,saltwater,2024-08-09,"informador ambiental",1,,1,2.76,0.01,0.00,,,3,,1,,2,,6,90,,,,,,4,,3,,,,,,,,,,,,1,,,,,,,5,11,,,,,,,7,,,,,,,,,,,,,,133
332469,"Balearic Islands, Spain","Balearic Islands, Spain",Spain,38.966407835418,1.268204726378,land,,2024-08-09,"informador ambiental",1,,1,3.76,0.00,0.00,,,,,,,,3,2,149,,,,,,7,,1,1,,,,,,,,,3,,2,,,,,,3,10,1,,,,,,,,,,,,,,,,,,,,,182
332473,"Santa Cruz de Tenerife, Spain","Canary Islands, Spain",Spain,28.088319282979,-16.739070927724,land,saltwater,2024-08-09,"GVI core",13,,13,34.01,0.31,0.00,,8,49,4,16,16,3,,29,2970,,5,26,,,43,,26,2,5,,,,,1,100,,,1,2,2,,4,2,11,3,50,21,,,,,,,69,,,,,,,,,,,,,,3468
332527,"Balearic Islands, Spain","Balearic Islands, Spain",Spain,38.962984647671,1.2211930275818,land,saltwater,2024-08-10,"informador ambiental",1,,1,2.04,0.04,0.00,,,,,,1,,4,3,143,,,1,,,,,2,1,,,,,,,,,2,,,,,,,,,2,12,,2,,,,,3,,,,,,,,,,,,,,176
332533,"Balearic Islands, Spain","Balearic Islands, Spain",Spain,38.962771238212,1.2212452692172,land,,2024-08-10,"informador ambiental",2,,2,0.90,0.00,0.00,,,,,,,1,3,,206,,,,,,1,,3,,,,,,,,,,,,,,,,,,,,6,,,,,,,,,,,,,,,,,,,,,220
332786,"Santa Cruz de Tenerife, Spain","Canary Islands, Spain",Spain,28.095306227915,-16.734710745513,land,inland,2024-08-15,"GVI core",11,,11,48.06,0.81,0.00,,17,84,23,42,87,5,6,3,1644,,15,39,,3,202,6,4,1,,,,2,,,,,,1,7,4,2,1,3,51,,1,74,1,,1,,,,,,,,,,,,,,,,,,2329
333370,"Balearic Islands, Spain","Balearic Islands, Spain",Spain,38.967287099327,1.2404573845348,land,saltwater,2024-08-21,"ute es vedra",1,,1,0.01,0.03,0.00,,,,,,,,,,,,,,,,,,,,,,,,,,,,,,,,,,,,,,,,,,,,,,,,,,,,,,,,,,,
333371,"Balearic Islands, Spain","Balearic Islands, Spain",Spain,38.967017597872,1.240857774962,land,saltwater,2024-08-21,"informador ambiental",1,,1,0.89,0.00,0.00,,,,,,,,2,,298,,,,,,3,,,,,,,,,,,,3,,,,,,,,,4,2,,,,,,,4,,,,,,,,,,,,,,316
333441,"Santa Cruz de Tenerife, Spain","Canary Islands, Spain",Spain,28.088298777489,-16.738391427718,land,inland,2024-08-22,GVI,11,,11,90.43,0.26,0.00,,3,11,10,13,11,5,6,61,,12,,17,3,1,88,8,64,5,9,,,6,,,,8,1,26,16,2,1,3,,19,4,33,280,2,,,,,,615,,,,,,,,,,,,,,1343
333446,"Santa Cruz de Tenerife, Spain","Canary Islands, Spain",Spain,28.095287659871,-16.7337707324,land,inland,2024-08-22,GVI,11,,11,0.09,0.00,0.00,,,,,,,,,,1420,,,,,,,,,,,,,,,,,,,,,,,,,,,,,,,,,,,,,,,,,,,,,,,,,1420
333515,"Balearic Islands, Spain","Balearic Islands, Spain",Spain,38.868537319367,1.331834854368,land,saltwater,2024-08-23,"ute es vedra",1,,1,0.01,0.00,0.00,,,,,,,,,,129,,,,,,,,,,,,,,,,,,,,,,,,,,,,,,,,,,,,,,,,,,,,,,,,,129
333798,,,Spain,38.841937108407,1.3884477493214,land,saltwater,2024-08-28,"ute es vedra",1,,1,0.01,0.28,0.00,,,,,,,,,,238,,,,,,,,,,,,,,,,,,,,,,,,,,,,,,,,,,,,,,,,,,,,,,,,,238
333848,"Balearic Islands, Spain","Balearic Islands, Spain",Spain,38.848057567607,1.401748023158,land,,2024-08-29,"informador ambiental",1,,1,1.32,0.00,0.00,,,,,2,,,1,9,53,,,,1,,,,2,11,,,,,,,,,,2,,,,,,,,,3,,,1,,,,44,,,,,,,,,,,,,,129
333849,"Balearic Islands, Spain","Balearic Islands, Spain",Spain,38.848110595891,1.4017873610855,land,saltwater,2024-08-29,"informadora ambiental",1,,1,1.50,0.00,0.00,,,5,,,,,,,40,,,,,,,7,,,1,,,,,,,,,,1,,,,,,,,,,,,,,,3,,,,,,,,,,,,,,57
333902,"Balearic Islands, Spain","Balearic Islands, Spain",Spain,38.889927766986,1.2246923809287,land,saltwater,2024-08-30,"informadora ambiental",1,,1,1.00,0.00,0.00,,,3,,,1,,2,,48,,,1,,,,,1,,,,,,,,,,,,1,,,,,,,4,,,,,,,,,,,,,,,,,,,,,,61
333903,"Balearic Islands, Spain","Balearic Islands, Spain",Spain,38.889958411563,1.2246028293353,land,,2024-08-30,"informador ambiental",1,,1,5.40,0.00,0.00,,,,,,,,6,2,208,,,,,,1,,2,4,3,,,,,,,,,,3,,,,,,1,,6,,,,,,,10,,,,,,,,,,,,,,246
333954,"Madrid, Spain","Community of Madrid, Madrid, Spain",Spain,40.463667,-3.74922,land,inland,2024-08-27,TOMRA24,1,,1,0.01,0.00,0.00,,,,,,,,,,,,,,,,,,,,,,,,,,,,,,,,,,,,,,,,,,,,,,,,,,,,,,,,,,,
334115,"Balearic Islands, Spain","Balearic Islands, Spain",Spain,38.879212224406,1.4038575263275,land,saltwater,2024-09-03,"ute es vedra",1,,1,0.02,0.03,0.00,,,,,,,,,,358,,,,,,,,,,,,,,,,,,,,,,,,,,,,,,,,,,,,,,,,,,,,,,,,,358
334178,"Balearic Islands, Spain","Balearic Islands, Spain",Spain,38.848085824813,1.401760916197,land,saltwater,2024-09-04,"ute es vedra",2,,2,0.02,0.00,0.00,,,,,,,,2,1,48,,,,,,,,2,,,,,,,,,,,,,,,,,,,,,,,,,,,3,,,,,,,,,,,,,,56
334179,"Balearic Islands, Spain","Balearic Islands, Spain",Spain,38.848860347752,1.401977857918,land,,2024-09-04,"informador ambiental",1,,1,1.54,0.00,0.00,,,,,,,,,10,43,1,,3,,,11,,1,4,,,,,,,,,,,1,,,,,,,,5,,,,,1,,24,,,,,,,,,,,,,,104
334215,"Santa Cruz de Tenerife, Spain","Canary Islands, Spain",Spain,28.088407292962,-16.738887950778,land,saltwater,2024-09-05,"GVI core",5,,5,18.43,0.24,0.00,,,3,7,5,14,4,,3,2460,9,,3,,,47,1,1,1,2,,,,,,1,,4,2,7,1,,7,,6,2,,20,,,1,5,,2,100,,,,,,,,,,,,,,2718
334674,,,Spain,38.84178040777,1.3892858759289,land,saltwater,2024-09-10,"informadora ambiental",1,,1,1.60,0.00,0.00,,,5,,,,1,9,,21,,1,,,,7,2,1,,,,,,,,,,1,,,,1,,1,,2,,,,,,,,,4,,,,,,,,,,,,,,56
334676,"Balearic Islands, Spain","Balearic Islands, Spain",Spain,38.841775101854,1.3893195498177,land,saltwater,2024-09-10,"informadora ambiental",1,,1,4.70,0.00,0.00,,,,,,1,,8,,336,,,,,,,,,3,,,,1,,,,,,,1,,,,5,,,,8,,,,,,,,,,,,,,,,,,,,,363
334768,"Balearic Islands, Spain","Balearic Islands, Spain",Spain,38.868508623221,1.331666303592,land,saltwater,2024-09-11,"informadora ambiental",1,,1,1.20,0.00,0.00,,,3,,,,5,3,,166,,,,,,,,1,2,,,,,,,2,,,1,1,,,,,,,3,1,,,,,,,3,,,,,,,,,,,,,,191
334769,"Balearic Islands, Spain","Balearic Islands, Spain",Spain,38.868627794691,1.3318979939543,land,saltwater,2024-09-11,"ute es vedra",1,,1,0.01,0.00,0.00,,,,,,,,,,88,,,,,,,,,,,,,,,,,,,,,,,,,,,,,,,,,,,,,,,,,,,,,,,,,88
334770,"Balearic Islands, Spain","Balearic Islands, Spain",Spain,38.868627794691,1.3318979939543,land,saltwater,2024-09-11,"ute es vedra",1,,1,0.53,0.05,0.00,,,,,,,,,,72,,,,,,,,,,,,,,,,,,,,,1,,,,,1,,,,,,,,,2,,,,,,,,,,,,,,76
335058,"Balearic Islands, Spain","Balearic Islands, Spain",Spain,38.966539473823,1.2682689306569,land,,2024-09-14,"informador ambiental",1,,1,3.16,0.02,0.00,,2,,,,,2,1,2,34,,,,,,1,,4,5,,,,,,,,,,,1,,,,,,1,17,1,,,,,,,,,,,,,,,,,,,,,71
335085,"Balearic Islands, Spain","Balearic Islands, Spain",Spain,38.96666011549,1.268369269282,land,saltwater,2024-09-14,"informador ambiental",1,,1,0.21,0.01,0.00,,,,,,,,1,,45,,,,,,3,,,,,,,,,,,,,,,,,,,,,1,,,1,,,,,3,,,,,,,,,,,,,,54
335279,"Madrid, Spain","Community of Madrid, Madrid, Spain",Spain,40.463667,-3.74922,land,inland,2024-09-15,TOMRA24,2,,2,0.59,0.00,0.00,,,,,2,3,5,,,,,,,,,,,,,,,,,,,,,,,,,,,1,,,2,,,,,,,,,,,,,,,,,,,,,,13
335544,"Balearic Islands, Spain","Balearic Islands, Spain",Spain,38.889651970585,1.2246208782315,land,saltwater,2024-09-17,"informador ambiental",1,,1,2.30,0.02,0.00,,,,,,,,2,,179,,,,,,3,,2,,,,,,,,,1,,,,,,,,,,8,7,,,,,,,4,,,,,,,,,,,,,,206
335666,"Girona, Spain","Catalonia, Spain",Spain,42.2639489,3.1795528,land,inland,2024-09-18,TOMRA24,2,,2,22.54,0.00,0.00,,,,30,11,24,5,,2,1,,,,2,,1,,,,,,,,,,,1,,,3,,,2,,3,2,,17,,,,1,,,1,,,,,,,,,,,,,,106
335686,"Girona, Spain","Catalonia, Spain",Spain,42.260657199199,3.1834823832609,land,inland,2024-09-16,TOMRA24,3,,3,44.50,1.00,0.00,,9,9,24,7,30,2,1,,,2,,5,,1,3,2,1,,,,,4,,,4,10,5,2,13,2,1,5,6,2,4,5,42,2,,1,,,,6,,,,,,,,,,,,,,210
335800,"Málaga, Spain","Andalusia, Spain",Spain,36.6598945,-4.5598636,land,inland,2024-09-15,"Martínez Roque",3,,3,0.01,0.00,0.00,,,,,,,,,,,,,,,,,,,,,,,,,,,,,,,,,,,,,,,,,,,,,,,,,,,,,,,,,,,
335814,"Santa Cruz de Tenerife, Spain","Canary Islands, Spain",Spain,28.094797488302,-16.735504092649,land,inland,2024-09-19,"GVI core",4,,4,33.77,0.22,0.00,,14,37,22,18,64,1,19,4,1579,8,,16,2,11,85,1,,,,,,1,,,,,,,10,2,,1,,31,4,,35,,,,,,2,95,,,,,,,,,,,,,,2062
335979,"Girona, Spain","Catalonia, Spain",Spain,42.260589123332,3.1836230438426,land,inland,2024-09-16,TOMRA34,1,,1,0.01,0.00,0.00,,,,,,,,,,,,,,,,,,,,,,,,,,,,,,,,,,,,,,,,,,,,,,,,,,,,,,,,,,,
337409,"Madrid, Spain","Community of Madrid, Madrid, Spain",Spain,40.463667,-3.74922,land,inland,2024-09-18,TOMRA24,1,,1,0.01,0.00,0.00,,,,,,,,,,,,,,,,,,,,,,,,,,,,,,,,,,,,,,,,,,,,,,,,,,,,,,,,,,,
338497,"Pontevedra, Spain","Galicia, Spain",Spain,42.5750554,-8.1338558,land,saltwater,2024-09-21,CooperVision,4,,4,12.99,0.00,0.00,,,,,,,,,4,,,,3,,1,,,2,,,,,2,,,,,,,,,,,,,,2,,,,,1,,,89,,,,,,,,,,,,,,104
339276,"Balearic Islands, Spain","Balearic Islands, Spain",Spain,38.962900882334,1.221275114232,land,,2024-09-24,"informador ambiental",1,,1,0.75,0.01,0.00,,,,,,,,2,1,153,,,1,,,1,,1,1,,,,,,,,,,,2,,,,,,,,,,,,,,,,,,,,,,,,,,,,,162
339278,"Balearic Islands, Spain","Balearic Islands, Spain",Spain,38.962813358665,1.2211079404529,land,saltwater,2024-09-24,"informador ambiental",1,,1,0.60,0.06,0.00,,,,,,1,,3,1,286,1,,,,,,,,,,,,,,,,,,,,,,,,,,2,2,,,,,,,,,,,,,,,,,,,,,296
339399,"Balearic Islands, Spain","Balearic Islands, Spain",Spain,38.967321842346,1.2404842148711,land,saltwater,2024-09-25,"informador ambiental",1,,1,3.55,0.00,0.00,,,,,,,1,5,2,507,,,,,,2,,1,,2,,,,,,,,,,2,,,,,,,4,2,,,,,,,13,,,,,,,,,,,,,,541
339676,"Santa Cruz de Tenerife, Spain","Canary Islands, Spain",Spain,28.085794582679,-16.736966623813,land,inland,2024-09-26,GVI,5,,5,43.44,1.42,0.00,,4,11,6,6,7,5,6,7,1235,4,,6,,2,33,2,16,4,3,,,6,,,3,1,,,9,1,,2,,14,1,11,82,2,,1,,,1,98,,,,,,,,,,,,,,1589
340166,"Balearic Islands, Spain","Balearic Islands, Spain",Spain,38.971250175898,1.2913559164148,land,saltwater,2024-09-28,"informadores ambientales",2,,2,0.01,0.00,0.00,,,1,,,,,2,3,86,,,,,,,,,,,,,,,,,,,,,,,,,,,,,,,,,,,,,,,,,,,,,,,,,92
341214,"Santa Cruz de Tenerife, Spain","Canary Islands, Spain",Spain,28.085578616199,-16.736824246366,land,inland,2024-10-03,GVI,6,,6,29.51,0.27,0.00,,2,6,6,4,18,1,13,16,2174,1,,4,,1,46,9,15,2,9,,,,,,,1,,2,6,,,1,,4,2,14,64,1,,,,,,176,,,,,,,,,,,,,,2598
342198,"Málaga, Spain","Andalusia, Spain",Spain,36.732518446111,-4.4920263224046,land,inland,2024-10-13,,1,,1,0.61,0.00,0.00,,1,,1,1,1,,,,1,,,,,,,,,,,,,,,,,,,,,,,,,,,,,,,,,,,,,,,,,,,,,,,,,5
342236,"Málaga, Spain","Andalusia, Spain",Spain,36.732518446111,-4.4920263224046,land,saltwater,2024-10-14,,5,,5,0.10,0.00,0.00,,,,,2,,,,,1,,,,,,,,1,,,,,,,,,,,,,,,,,,,,,,,,,,,,,,,,,,,,,,,,,4
342431,"Santa Cruz de Tenerife, Spain","Canary Islands, Spain",Spain,28.095028032549,-16.735171163455,land,inland,2024-10-17,"GVI core",4,,4,10.35,0.10,0.00,,6,9,4,26,31,1,6,,912,1,,6,1,3,49,2,1,4,1,,,,,2,,,,,2,1,,1,,16,,,7,,1,,1,,,26,,,,,,,,,,,,,,1120
343126,"Santa Cruz de Tenerife, Spain","Canary Islands, Spain",Spain,28.088397486135,-16.7389985919,land,saltwater,2024-10-29,"GVI core",6,,6,16.99,0.12,0.00,,1,14,5,3,19,,12,20,2077,1,,6,,1,30,,1,2,1,,,,,,1,1,1,,4,2,,1,,10,6,2,37,,,,1,,1,300,,,,,,,,,,,,,,2560
343611,"Santa Cruz de Tenerife, Spain","Canary Islands, Spain",Spain,28.094885624014,-16.735032862052,land,inland,2024-11-07,"GVI core",1,,1,9.17,0.47,0.00,,7,17,4,15,30,3,5,1,892,5,,4,1,,40,,1,1,,,,,,,,,,,4,,,,,16,,,9,2,,,1,,1,140,,,,,,,,,,,,,,1199
345047,"Santa Cruz de Tenerife, Spain","Canary Islands, Spain",Spain,28.088400335982,-16.738989120349,land,saltwater,2024-11-28,"GVI core",6,,6,28.44,0.19,0.00,,4,28,12,13,21,5,4,5,2209,2,,5,,3,17,2,5,1,2,,,2,,1,,,,,8,2,,1,5,23,7,4,22,3,,,1,,,23,,,,,,,,,,,,,,2440
345313,"Santa Cruz de Tenerife, Spain","Canary Islands, Spain",Spain,28.090542037971,-16.731242062524,land,inland,2024-12-05,"GVI core",6,,6,37.49,0.00,0.00,,17,35,33,58,121,5,4,10,738,10,,46,,2,26,,,,,,,,,,,,,,,3,,,,20,1,,55,,,2,,,1,,,,,,,,,,,,,,,1187
345598,"Santa Cruz de Tenerife, Spain","Canary Islands, Spain",Spain,28.08720340021,-16.737770391628,land,saltwater,2024-12-12,"GVI core",4,,4,8.30,0.03,0.00,,7,7,8,7,7,1,,,1849,,,,,,6,,1,,,,,,,,,,,,4,,,,,1,2,,5,,,,,,,150,,,,,,,,,,,,,,2055
346215,"Las Palmas, Spain","Canary Islands, Spain",Spain,28.8654256,-13.8431195,land,saltwater,2024-09-26,men,3,,3,2.45,0.00,0.00,,,,,,70,,,,,,,,,,,,,,,,,,,,,,,,,,,,,,,,,,,,,,,,,,,,,,,,,,,,,70
346748,"Ciudad Real, Spain","Castile-La Mancha, Spain",Spain,39.159241885999,-4.3117882,land,saltwater,2024-12-27,"Ocean OutFitters",2,7,9,0.00,1.00,1.00,,5,5,5,15,11,,2,13,6,,5,11,,,8,8,2,,1,,,,,2,3,6,5,,,,,,,7,,6,,,,,,,,3,,,,,,,,,,,,,,129
348260,"Las Palmas, Spain","Canary Islands, Spain",Spain,27.86918,-15.62861631,land,freshwater,2024-03-01,"Rydde Arguineguin - KNB",1,,1,88.00,0.01,0.00,4,,,,,,,,,,,,,,,,,,,,,,,,,,,,,,,,,,,,,,,,,,,,1,,,,,,,,,,,,,,1
348631,,,Spain,27.88487,-15.26402528,land,inland,2024-02-22,"Rydde Arguineguin - KNB",1,,1,132.00,0.01,0.00,6,,,,,,,,,,,,,,,,,,,,,,,,,,,,,,,,,,,,,,,,,,,,1,,,,,,,,,,,,,,1
349591,"Las Palmas, Spain","Canary Islands, Spain",Spain,27.84924,-15.66396678,land,saltwater,2024-02-26,"Rydde Arguineguin - KNB",1,,1,132.00,0.01,0.00,6,,,,,,,,,,,,,,,,,,,,,,,,,,,,,,,,,,,,,,,,,,,,1,,,,,,,,,,,,,,1
352638,"Santa Cruz de Tenerife, Spain","Canary Islands, Spain",Spain,28.087087813765,-16.737682046369,land,saltwater,2025-01-09,"GVI core",6,,6,20.28,0.09,0.00,,4,9,5,8,10,1,20,14,3284,7,,15,1,1,144,2,1,2,1,,,,,,4,,9,,8,3,3,1,,7,9,2,12,,4,,2,,,155,,,,,,,,,,,,,,3748
354200,"Santa Cruz de Tenerife, Spain","Canary Islands, Spain",Spain,28.095355196986,-16.733757198176,land,inland,2025-01-22,"GVI core",6,,6,59.61,0.00,0.00,,,530,80,,110,,,,2166,215,,,,,,,,,,,,,,,,,,,,,,,,,,,,,,,,,,,,,,,,,,,,,,,,3101
356065,"Santa Cruz de Tenerife, Spain","Canary Islands, Spain",Spain,28.0766628,-16.7319994,land,inland,2025-02-06,"GVI Core",8,,8,34.84,0.00,0.00,,5,26,6,10,16,,10,9,2946,1,24,8,,2,79,4,8,4,6,,,2,,,,1,,,12,3,,5,36,11,4,7,16,1,,,3,,,314,,,,,,,,,,,,,,3579
356694,"Santa Cruz de Tenerife, Spain","Canary Islands, Spain",Spain,28.094636542505,-16.735335262517,land,inland,2025-02-13,"GVI CORE",5,,5,20.23,0.97,0.00,,8,59,12,20,22,7,16,6,1308,43,,12,1,1,52,16,1,,,,,,,2,,,,,8,,3,3,22,4,,2,9,1,,,,,3,37,,,,,,,,,,,,,,1678
357217,"Santa Cruz de Tenerife, Spain","Canary Islands, Spain",Spain,28.0872052,-16.7376709,land,saltwater,2025-02-20,,4,,4,17.93,1.43,0.00,,1,4,,4,6,2,16,19,578,1,5,5,,1,46,2,30,,,,,,,,7,,34,,7,4,,,16,5,8,32,20,2,1,,,,,159,,,,,,,,,,,,,,1015
359409,"Barcelona, Spain","Catalonia, Spain",Spain,41.3783713,2.1924685,land,inland,2025-02-24,"Torrent de les Bruixes",8,,8,5.29,0.00,0.00,,1,,2,3,6,,,,20,1,1,6,1,,,,2,,1,,,,,1,1,3,,,2,,,,,,1,3,2,,,,,,,,,,,,,,,,,,,,,57
364690,"Santa Cruz de Tenerife, Spain","Canary Islands, Spain",Spain,28.087084943518,-16.737695703922,land,inland,2025-03-07,"GVI Core",6,,6,23.12,0.99,0.00,,,10,5,5,14,2,18,11,1338,12,,4,,4,58,13,11,7,6,,,1,,,,1,4,,3,2,,1,20,3,6,10,4,,1,,1,,1,156,,,,,,,,,,,,,,1732
364939,"Valencia, Spain","Valencian Community, Spain",Spain,39.42214525,-0.333569138,land,saltwater,2024-04-21,Pinedo,90,,90,118.80,0.06,0.00,,43,105,5,30,48,,6,134,1320,,,23,,76,237,,32,1,285,,,20,,4,17,3,41,14,8,,,,51,14,,421,38,,264,,5,1,12,802,,,,,,,,,,,,,,4060
364940,"Valencia, Spain","Valencian Community, Spain",Spain,39.50722778,-0.32134167,land,saltwater,2024-04-19,"Port Saplaya",41,,41,151.80,0.06,0.00,,20,35,6,29,29,,5,49,428,,,20,,48,74,,12,3,54,,,83,1,,24,,18,7,1,,,,5,5,,256,32,2,47,,3,2,3,595,,,,,,,,,,,,,,1896
364941,"Murcia, Spain","Region of Murcia, Murcia, Spain",Spain,37.45243561,-1.481560779,land,saltwater,2024-04-25,"PLAYA DEL RAFAL",27,,27,56.10,0.17,0.00,,24,31,1,27,38,,4,89,27,,,13,,,4,,3,2,42,,,28,2,,2,9,8,1,11,,3,,6,,,199,7,,,,2,1,1,116,,,,,,,,,,,,,,701
364942,"Almería, Spain","Andalusia, Spain",Spain,37.3737087,-1.641061,land,saltwater,2024-05-12,"Playa de Las Palmeras",32,,32,935.00,0.25,0.00,,22,65,10,105,81,,7,58,214,,,26,,29,43,,4,5,33,,,,,,1,6,40,,77,,1,,65,3,,693,25,1,,,,,3,268,,,,,,,,,,,,,,1885
364943,,,Spain,38.297918,-0.519642,land,saltwater,2024-11-09,"Playa de Agua Amarga",24,,24,70.40,0.02,0.00,,33,106,1,26,12,,6,445,349,,,31,,18,110,,95,1,77,,,90,,,16,,14,9,34,,1,,7,2,,627,20,2,212,,,1,8,1046,,,,,,,,,,,,,,3399
364944,"Balearic Islands, Spain","Balearic Islands, Spain",Spain,39.380208,3.237842,land,inland,2024-05-12,"Cala Ferrera",40,,40,785.40,0.43,0.00,,,14,25,50,20,,7,6,15,,,1,,8,1,,2,,23,,,13,2,,,,4,,7,,4,,,,,56,30,,,,,,,,,,,,,,,,,,,,,288
364945,,,Spain,38.297918,-0.519642,land,saltwater,2024-02-25,"Playa de Agua Amarga",54,,54,162.80,0.06,0.00,,44,63,,2,7,,14,275,98,,,7,,14,192,,35,5,197,,,201,,,19,,27,5,16,,,,5,1,,715,20,1,417,,2,2,10,1841,,,,,,,,,,,,,,4235
364946,"Santa Cruz de Tenerife, Spain","Canary Islands, Spain",Spain,28.061634,-16.734365,land,saltwater,2024-01-10,"Playa de las Amricas",1,,1,15.40,0.06,0.00,,2,2,,3,,,,18,45,,,2,,2,4,,4,,10,,,,,,,,1,,5,,,,,2,,22,,,2,,,,15,18,,,,,,,,,,,,,,157
364947,"Murcia, Spain","Region of Murcia, Murcia, Spain",Spain,37.842383,-0.762053,land,saltwater,2024-02-06,"PLAYA DE LA TORRE DERRIBADA (SAN PEDRO DEL PINATAR)",54,,54,17.60,0.28,0.00,,3,11,,9,5,,4,27,84,,,4,,4,23,,7,3,89,,,203,2,,10,,6,2,3,,,,7,,,178,10,,,,,,,150,,,,,,,,,,,,,,844
364948,"Murcia, Spain","Region of Murcia, Murcia, Spain",Spain,37.725051,-0.73913,land,saltwater,2024-09-21,"PLAYA LAS GAVIOTAS",11,,11,235.40,0.03,0.00,,6,1,,2,,,,8,127,,,2,,3,29,,1,,32,,,86,,,1,,,,4,,,,1,2,,34,9,,1,,,,,298,,,,,,,,,,,,,,647
364949,"Cuenca, Spain","Castile-La Mancha, Spain",Spain,40.075916,-2.204199,land,freshwater,2024-04-08,"Rio Jucar-Cuenca",48,,48,195.80,0.06,0.00,,23,99,3,35,52,,1,11,1,,,8,,25,67,,2,1,21,,,5,,,2,2,2,1,5,,,,4,9,,63,22,2,,,10,1,185,2,,,,,,,,,,,,,,664
364950,"Valencia, Spain","Valencian Community, Spain",Spain,39.54981816,-0.295989289,land,saltwater,2024-12-22,"Platja de Massalfassar",45,,45,158.40,0.06,0.00,,30,64,10,67,85,,7,118,82,,,20,,21,106,,6,1,208,,,18,,,170,3,24,2,7,,,,21,10,,278,28,,19,,1,,,81,,,,,,,,,,,,,,1487
364951,"Valencia, Spain","Valencian Community, Spain",Spain,39.42214525,-0.333569138,land,saltwater,2024-09-15,Pinedo,60,,60,79.20,0.06,0.00,,24,55,,24,34,,15,74,443,,,54,,37,83,,6,6,116,,,3,,,19,11,21,8,11,,1,,16,9,,486,36,1,70,,,2,12,660,,,,,,,,,,,,,,2337
364952,"Barcelona, Spain","Catalonia, Spain",Spain,41.540496,2.457632,land,saltwater,2024-10-06,"Platja de Sant Sim",127,,127,105.60,0.08,0.00,,39,33,34,12,55,,33,43,767,,,5,,14,80,,29,1,29,,,174,3,3,4,,7,10,12,,3,,49,20,,361,73,1,5,,2,1,4,285,,,,,,,,,,,,,,2191
364953,"03738 Badia de Xàbia, Alicante, Spain",,Spain,38.77694935,0.190448699,land,saltwater,2024-06-30,Jvea,50,,50,64.24,0.06,0.00,,3,11,46,2,8,,30,23,780,,,7,,21,55,,4,7,14,,,75,,,27,,3,10,,,1,,26,6,,79,25,,1,,,,5,18,,,,,,,,,,,,,,1287
364954,"Murcia, Spain","Region of Murcia, Murcia, Spain",Spain,37.625372,-0.704903,land,saltwater,2024-09-21,"CALA FLORES",8,,8,17.60,0.07,0.00,,2,,,2,4,,1,4,228,,,,,2,33,,1,,9,,,3,,,,,1,,2,,1,,2,7,,11,2,,,,,,,47,,,,,,,,,,,,,,362
364955,"Murcia, Spain","Region of Murcia, Murcia, Spain",Spain,37.824609,-0.758062,land,saltwater,2024-04-22,"PLAYA DE LA TORRE DERRIBADA - PARQUE REGIONAL SALINAS DE SAN PEDRO",5,,5,63.58,0.30,0.00,,3,2,10,7,24,,,100,60,,,13,,23,10,,4,3,49,,,1,,,37,1,,,5,,,,122,3,,254,8,2,,,1,,6,149,,,,,,,,,,,,,,897
364956,"Valencia, Spain","Valencian Community, Spain",Spain,39.49374,-0.323772,land,saltwater,2024-02-14,Patacona,80,,80,140.36,0.06,0.00,,11,16,16,4,,,4,44,116,,,1,,13,39,,3,1,22,,,619,1,,3,,3,2,,,,,10,1,,256,13,1,51,,,,5,709,,,,,,,,,,,,,,1964
364957,"Castellón, Spain","Valencian Community, Spain",Spain,39.98297921,0.02525422,land,saltwater,2024-11-15,"Platja del Palmeral",40,,40,28.60,0.06,0.00,,10,12,8,25,34,,99,25,238,,,39,,25,56,,14,,33,,,8,,,10,2,52,5,13,,,,28,5,,236,28,,84,,2,,7,193,,,,,,,,,,,,,,1291
364958,"Murcia, Spain","Region of Murcia, Murcia, Spain",Spain,37.568184,-1.187411,land,saltwater,2024-08-24,"Playa del Palmeral de San Gins - La Azoha",45,,45,422.40,0.16,0.00,,27,64,141,175,104,,80,396,2280,,,53,,27,362,,58,31,25,,,,,16,,16,1,,3,,2,,51,7,,349,,17,,,,,26,,,,,,,,,,,,,,,4311
364959,"Valencia, Spain","Valencian Community, Spain",Spain,39.521028,-0.317873,land,saltwater,2024-02-18,"Playa de Meliana",55,,55,165.00,0.06,0.00,,29,73,3,47,27,,6,105,75,,,21,,55,59,,5,2,215,,,26,,1,173,3,27,12,3,,,,16,7,,178,38,1,59,,10,,6,749,,,,,,,,,,,,,,2031
364960,"Murcia, Spain","Region of Murcia, Murcia, Spain",Spain,37.731691,-0.740475,land,saltwater,2024-09-21,"Mar Menor - La Manga Km 11,6",8,,8,30.80,0.03,0.00,,9,55,3,14,6,,1,22,925,,,1,,6,64,,4,,29,,,19,,,6,1,,,4,,1,,4,6,,104,9,,,,,,2,169,,,,,,,,,,,,,,1464
364961,"Madrid, Spain","Community of Madrid, Madrid, Spain",Spain,40.231532,-3.540209,land,saltwater,2024-06-13,"RO JARAMA - REA RECREATIVA EL PUENTE",14,,14,321.20,0.03,0.00,,22,64,1,21,89,,1,5,29,,,3,,6,49,,5,1,,,,5,2,,5,19,1,,5,,,,,,,207,7,,4,,5,,169,,,,,,,,,,,,,,,725
364962,"Valencia, Spain","Valencian Community, Spain",Spain,39.46694474,-0.32269026,land,saltwater,2024-01-28,"La Marina Sur",79,,79,173.91,0.06,0.00,,28,60,35,157,410,,120,105,1779,,,42,,390,300,,31,9,245,,,42,1,,39,1,18,3,33,,3,,81,37,,519,148,,116,,8,3,10,851,,,,,,,,,,,,,,5624
364963,"Murcia, Spain","Region of Murcia, Murcia, Spain",Spain,37.611053,-0.995545,land,inland,2024-04-26,"Rambla de Benipila",130,,130,264.00,0.81,0.00,,178,12,85,169,113,,77,92,35,,,20,,32,30,,14,7,8,,,105,1,,2,44,3,12,32,,17,,26,43,,117,85,4,2,,2,1,2,76,,,,,,,,,,,,,,1446
364964,"Valencia, Spain","Valencian Community, Spain",Spain,39.46694474,-0.32269026,land,saltwater,2024-05-26,"La Marina Sur",60,,60,228.80,0.06,0.00,,53,93,51,159,395,,192,143,1927,,,131,,143,135,,41,18,137,,,62,,,16,1,24,3,13,,,,207,65,,260,142,1,23,,5,,6,354,,,,,,,,,,,,,,4800
364965,"Balearic Islands, Spain","Balearic Islands, Spain",Spain,39.537825,2.707744,land,saltwater,2024-03-22,"Es Carnatge",30,,30,31.35,0.19,0.00,,21,51,13,32,3,,7,104,142,,,26,,16,50,,3,2,84,,,33,4,,5,6,1,3,6,,,,17,7,,271,19,2,1,,2,3,2,176,,,,,,,,,,,,,,1112
364966,"Valencia, Spain","Valencian Community, Spain",Spain,39.46694474,-0.32269026,land,saltwater,2024-10-19,"La Marina Sur",20,,20,46.20,0.06,0.00,,43,12,58,124,131,,33,103,351,,,42,,16,76,,57,8,3,,,21,,,1,3,,1,3,,,,26,27,,121,48,,44,,,1,11,158,,,,,,,,,,,,,,1522
364967,"Cantabria, Spain","Cantabria, Spain",Spain,43.49042,-3.824953,land,saltwater,2024-02-21,"Playa del Bocal - Acantilado de Cuestos",75,,75,176.00,0.31,0.00,,10,4,4,21,30,,5,26,8,,,7,,8,7,,11,1,37,,,5,1,,2,2,3,,6,,,,2,,,51,23,,,,5,,5,43,,,,,,,,,,,,,,327
364968,"Valencia, Spain","Valencian Community, Spain",Spain,39.32195744,-0.29901578,land,saltwater,2024-08-21,"Devesa - El Saler",90,,90,125.73,0.06,0.00,,7,33,,26,,,1,148,138,,,9,,11,13,,25,2,191,,,30,1,,29,1,34,3,1,,5,,7,5,,424,19,1,139,,,4,6,1641,,,,,,,,,,,,,,2954
364969,"Girona, Spain","Catalonia, Spain",Spain,42.393688,3.152575,underwater,saltwater,2024-06-02,"Platja Garbet",45,,45,990.00,0.30,0.00,,30,10,2,35,40,,6,46,125,,,10,,10,30,,45,,46,,,25,3,1,1,2,,5,4,,3,,,6,,36,15,,24,,,1,5,60,,,,,,,,,,,,,,626
364970,"Santa Cruz de Tenerife, Spain","Canary Islands, Spain",Spain,28.058909,-16.736265,land,saltwater,2024-01-06,"Playa las Amricas - El Bunker",2,,2,11.00,0.06,0.00,,,3,,,3,,4,6,50,,,6,,10,,,2,,,,,,,,,,,,,,,,1,,,6,3,4,,,4,,4,16,,,,,,,,,,,,,,122
364971,"Murcia, Spain","Region of Murcia, Murcia, Spain",Spain,37.597885,-0.754833,land,saltwater,2024-06-01,"Playa Larga (Parque Regional Calblanque)",4,,4,2.20,0.00,0.00,,2,,,,,,,,30,,,,,,4,,,,6,,,,,,15,,,,,,,,,,,16,1,,3,,,,,150,,,,,,,,,,,,,,227
364972,"Valencia, Spain","Valencian Community, Spain",Spain,39.42214525,-0.333569138,land,saltwater,2024-09-22,Pinedo,20,,20,19.80,0.06,0.00,,2,3,,3,,,2,105,95,,,31,,,97,,5,3,23,,,8,,,2,,16,7,2,,1,,4,,,109,8,,37,,,2,6,62,,,,,,,,,,,,,,633
364973,"Barcelona, Spain","Catalonia, Spain",Spain,41.376947,2.191357,land,saltwater,2024-06-30,"Sant Miquel",1,,1,8.80,0.06,0.00,,,,2,,2,,2,33,30,,,,,2,13,,2,,2,,,,,,3,,1,,2,,,,2,2,,13,3,,11,,2,,3,11,,,,,,,,,,,,,,141
364974,"Barcelona, Spain","Catalonia, Spain",Spain,41.39388889,2.20625,land,saltwater,2024-11-15,"Platja del Bogatell",44,,44,28.60,0.06,0.00,,9,5,15,36,58,,3,25,173,,,24,,16,51,,9,4,31,,,11,,1,,1,4,1,1,,2,,7,5,,128,14,,137,,,,5,190,,,,,,,,,,,,,,966
364975,"Valencia, Spain","Valencian Community, Spain",Spain,39.49374,-0.323772,land,saltwater,2024-03-24,Patacona,85,,85,140.80,0.06,0.00,,13,39,1,12,31,,14,118,471,,,4,,31,91,,13,2,91,,,804,,,28,,25,6,9,,4,,18,11,,613,23,,348,,2,1,4,1771,,,,,,,,,,,,,,4598
364976,"Girona, Spain","Catalonia, Spain",Spain,42.36081,3.162659,land,saltwater,2024-04-21,"Platja del Cau del Llop",20,,20,88.00,0.09,0.00,,4,3,3,5,7,,3,6,38,,,7,,6,10,,22,,7,,,10,1,1,,1,1,2,3,,,,,,,1,3,1,26,,,,3,,,,,,,,,,,,,,,174
364977,"Girona, Spain","Catalonia, Spain",Spain,42.381224,3.155441,underwater,saltwater,2024-09-21,"Platjas de Grifeu y Cau del Llop",53,,53,468.60,0.24,0.00,,21,,20,33,31,,22,26,311,,,10,,,15,,32,,35,,,33,6,,,3,15,5,5,,1,,,10,,26,23,1,30,,2,,6,63,,,,,,,,,,,,,,785
364978,"Almería, Spain","Andalusia, Spain",Spain,37.344904,-1.684278,land,saltwater,2024-07-13,"PLAYA LA ENTREVISTA",13,,13,37.40,0.25,0.00,,9,,,18,4,,1,9,34,,,1,,6,5,,3,,28,,,,,,15,6,3,,5,,,,9,1,,73,1,,,,,,,63,,,,,,,,,,,,,,294
364979,"Balearic Islands, Spain","Balearic Islands, Spain",Spain,39.530327,2.728108,land,saltwater,2024-03-25,"Can Pastilla, Balneario 14",61,,61,11.00,0.36,0.00,,36,44,,2,2,,2,28,808,,,22,,29,24,,15,,53,,,,,,3,1,3,,4,,,,17,,,504,6,1,,,,,1,484,,,,,,,,,,,,,,2089
364980,"A Coruña, Spain","Galicia, Spain",Spain,43.293235,-8.745843,land,saltwater,2024-01-14,"Playa de O Rias",20,,20,15.40,0.06,0.00,,1,2,,6,2,,,46,,,,1,,2,7,,,,19,,,,,,,3,,,,,,,3,,,65,1,,9,,,,,31,,,,,,,,,,,,,,198
364981,"Balearic Islands, Spain","Balearic Islands, Spain",Spain,39.540097,2.705806,land,saltwater,2024-06-15,"Es Carnatge",6,,6,26.40,0.04,0.00,,8,38,1,,,,3,31,46,,,4,,3,38,,6,1,8,,,1,1,,,,1,,1,,,,9,2,,220,6,,,,,,1,288,,,,,,,,,,,,,,717
364982,"Valencia, Spain","Valencian Community, Spain",Spain,39.521028,-0.317873,land,saltwater,2024-10-20,Meliana,30,,30,345.40,0.06,0.00,,39,40,16,56,65,,16,61,203,,,12,,76,90,,2,,107,,,1,,,4,1,20,7,20,,,,8,16,,291,24,1,30,,1,,13,373,,,,,,,,,,,,,,1593
364983,"Barcelona, Spain","Catalonia, Spain",Spain,41.39388889,2.20625,land,saltwater,2024-11-16,"Platja del Bogatell",20,,20,13.20,0.06,0.00,,4,3,,2,5,,,27,490,,,2,,2,69,,3,,7,,,,,,12,,,10,,,,,2,7,,102,3,1,42,,,,4,130,,,,,,,,,,,,,,927
364984,"Balearic Islands, Spain","Balearic Islands, Spain",Spain,39.570079,2.614911,land,inland,2024-06-08,"Bosque de Bellver",36,,36,73.92,0.09,0.00,,33,47,6,29,20,,11,7,52,,,7,,16,25,,1,3,3,,,3,,,5,1,10,3,4,,,,27,,,87,25,1,,,,,,33,,,,,,,,,,,,,,459
364985,"Santa Cruz de Tenerife, Spain","Canary Islands, Spain",Spain,28.552019,-17.888859,land,saltwater,2024-09-21,"EL REMO",14,,14,41.80,0.37,0.00,,2,6,5,27,22,,,8,1658,,,4,,5,17,,1,1,6,,,,,,3,2,,,,,,,8,11,,19,15,,,,,,,12,,,,,,,,,,,,,,1832
364986,"Valencia, Spain","Valencian Community, Spain",Spain,39.521028,-0.317873,land,saltwater,2024-11-10,Meliana,4,,4,74.80,0.06,0.00,,,30,,11,20,,,275,8,,,8,,3,5,,2,3,35,,,,,,6,2,3,,6,,,,1,,,161,11,1,7,,1,1,4,125,,,,,,,,,,,,,,729
364987,"Balearic Islands, Spain","Balearic Islands, Spain",Spain,39.530413,2.727903,land,saltwater,2024-04-20,"Can Pastilla (B14)",12,,12,19.80,0.07,0.00,,9,16,1,6,7,,6,25,61,,,4,,9,58,,2,1,31,,,,,,,3,2,,6,,1,,1,3,,133,10,,,,,,4,84,,,,,,,,,,,,,,483
364988,"Balearic Islands, Spain","Balearic Islands, Spain",Spain,39.529773,2.728782,land,saltwater,2024-03-19,"Can Pastilla, Balneario 14",42,,42,4.40,0.13,0.00,,2,30,,,,,,22,172,,,,,,5,,2,,6,,,1,,,,,,,2,,,,,,,73,,,,,,,,86,,,,,,,,,,,,,,401
364989,"Cádiz, Spain","Andalusia, Spain",Spain,36.152924,-5.445246,land,saltwater,2024-05-31,"El Rinconcillo",1,,1,15.40,0.06,0.00,,4,3,1,3,1,,2,,16,,,,,11,14,,,,6,,,,,,,,2,6,,,,,,,,9,3,,3,,,,,10,,,,,,,,,,,,,,94
364990,"Valencia, Spain","Valencian Community, Spain",Spain,39.42214525,-0.333569138,land,saltwater,2024-10-04,Pinedo,18,,18,41.80,0.06,0.00,,16,36,4,37,123,,9,98,275,,,1,,26,60,,3,,182,,,,,,12,,19,12,5,,1,,5,5,,130,11,1,93,,6,2,12,150,,,,,,,,,,,,,,1334
364991,"Asturias, Spain","Asturias, Spain",Spain,43.579165,-5.954785,land,saltwater,2024-06-27,"Playa de Salinas",1,,1,17.60,0.06,0.00,,,1,,1,3,,1,,63,,,1,,3,17,,,,7,,,,,,,,1,,,,,,,1,,93,2,,3,,,,,92,,,,,,,,,,,,,,289
364992,"Barcelona, Spain","Catalonia, Spain",Spain,41.3927367,2.205728,land,saltwater,2024-11-10,"Playa del Bogatell",14,,14,70.40,0.25,0.00,,6,,8,13,43,,6,72,241,,,19,,,647,,3,,4,,,,,,,,,7,,,,,10,,,37,3,4,70,,2,,6,432,,,,,,,,,,,,,,1633
364993,"Barcelona, Spain","Catalonia, Spain",Spain,41.385179,2.197419,land,saltwater,2024-11-16,"Playa Somorrostro y espign",24,,24,74.80,0.62,0.00,,768,,12,69,57,,,59,841,,,27,,,,,,,,,,,,,,,,,47,,7,,,,,,20,,,,,,,,,,,,,,,,,,,,,1907
364994,"Barcelona, Spain","Catalonia, Spain",Spain,41.3927367,2.205728,land,saltwater,2024-11-18,"Playa del Bogatell",48,,48,46.20,0.25,0.00,,41,,6,22,26,,14,32,120,,,7,,67,2,,10,2,,,,,,,,,,1,9,,,,,1,,4,1,1,20,,,1,3,,,,,,,,,,,,,,,390
364995,"Murcia, Spain","Region of Murcia, Murcia, Spain",Spain,37.765872,-0.748519,land,saltwater,2024-09-21,"MarMenor - La manga Km 16,3",8,,8,103.40,0.06,0.00,,19,46,2,32,5,,,47,374,,,9,,5,72,,12,1,44,,,24,5,1,,,,2,7,,,,,1,,54,7,,,,,,1,176,,,,,,,,,,,,,,946
364996,"Girona, Spain","Catalonia, Spain",Spain,42.0481,3.197236,land,saltwater,2024-10-26,"Platja de l'Estartit",47,,47,56.32,0.31,0.00,,,,5,11,7,,,5,700,,,,,,120,,8,2,6,,,,,,,,,1,,,,,,5,,56,3,,4,,,,4,25,,,,,,,,,,,,,,962
364997,,,Spain,41.402222,2.2175,underwater,saltwater,2024-11-27,"ESPIGN - PLAYA LEVANTE",3,,3,2.20,0.06,0.00,,,2,,,,,,,,,,,,,,,,,2,,,,,,,,,,,,,,,,,,,,,,,,8,2,,,,,,,,,,,,,,14
364998,"Valencia, Spain","Valencian Community, Spain",Spain,39.42214525,-0.333569138,land,saltwater,2024-10-03,Pinedo,27,,27,28.60,0.06,0.00,,13,21,8,31,55,,,27,772,,,11,,6,38,,5,2,35,,,13,,,9,4,3,9,2,,1,,3,,,106,24,1,47,,2,,3,58,,,,,,,,,,,,,,1309
364999,"Santa Cruz de Tenerife, Spain","Canary Islands, Spain",Spain,28.060181,-16.735693,land,saltwater,2024-01-10,"Playa de Las Americas",1,,1,11.00,0.06,0.00,,1,,,2,5,,,1,2,,,5,,,,,,,,,,,,,,,,,,,,,16,3,,14,1,,,,,,,,,,,,,,,,,,,,,50
365000,"Cádiz, Spain","Andalusia, Spain",Spain,36.234139,-6.073278,land,saltwater,2024-05-29,"Playa del Palmar",20,,20,59.40,0.06,0.00,,36,70,2,40,181,,70,10,54,,,33,,45,87,,27,51,4,,,,,,,,,,,,,,3,2,,87,236,,5,,,,,18,,,,,,,,,,,,,,1061
365001,"Balearic Islands, Spain","Balearic Islands, Spain",Spain,39.540113,2.705918,land,saltwater,2024-10-02,"Es Carnatge",15,,15,24.20,0.04,0.00,,40,,1,3,14,,,46,72,,,,,46,19,,3,5,28,,,,,,,,,1,,,,,85,5,,63,1,,,,,1,9,86,,,,,,,,,,,,,,528
365002,"Girona, Spain","Catalonia, Spain",Spain,42.381278,3.155687,land,saltwater,2024-02-18,"Platja de Grifeu",17,,17,52.80,0.11,0.00,,8,3,2,6,,,,15,29,,,10,,5,15,,26,,16,,,6,,10,,1,,2,2,,,,1,4,,,5,1,12,,2,,3,,,,,,,,,,,,,,,184
365003,"Girona, Spain","Catalonia, Spain",Spain,42.364945,3.163184,land,saltwater,2024-03-17,"Platja la Farella",20,,20,39.60,0.20,0.00,,5,,3,6,5,,2,15,45,,,4,,3,10,,26,,14,,,4,1,1,,,,2,1,,,,,6,,24,5,,10,,1,1,2,50,,,,,,,,,,,,,,246
365004,"Girona, Spain","Catalonia, Spain",Spain,42.385003,3.159426,land,saltwater,2024-10-20,"Platja de Canyelles i Cross",10,,10,22.00,0.29,0.00,,5,6,6,10,6,,5,7,46,,,10,,2,6,,25,,15,,,2,1,,,2,,3,2,,,,,2,,30,3,,23,,,1,3,65,,,,,,,,,,,,,,286
365005,"Valencia, Spain","Valencian Community, Spain",Spain,39.46327739,-0.321622756,land,saltwater,2024-05-16,Malva-rosa,8,,8,5.94,0.06,0.00,,3,2,46,8,8,,2,31,184,,,6,,9,48,,10,,21,,,112,,,,,3,,1,,,,10,3,,55,11,,53,,,,3,90,,,,,,,,,,,,,,719
365006,"San Andrés, Santa Cruz de Tenerife, Spain",,Spain,28.51364,-16.175498,land,saltwater,2024-01-10,"Playa de las Gaviotas",1,,1,4.40,0.06,0.00,,,,,5,2,,,,4,,,7,,,6,,,8,4,,,,,,,2,,,,,,,4,,,15,2,,,,,,,20,,,,,,,,,,,,,,79
365007,"A Coruña, Spain","Galicia, Spain",Spain,43.289464,-8.712877,land,saltwater,2024-05-08,"Playa de Razo",25,,25,6.60,0.06,0.00,,,5,,,,,1,5,2,,,,,1,3,,,,7,,,,,,,,2,,,,,,,,,13,1,,1,,,,,,,,,,,,,,,,,,,41
365008,"A Coruña, Spain","Galicia, Spain",Spain,43.289464,-8.716517,land,saltwater,2024-05-09,"Playa de Razo",19,,19,11.00,0.06,0.00,,,,,,,,,8,1,,,,,1,3,,,,5,,,,,,,,3,,,,,,2,,,13,,,1,,,,,10,,,,,,,,,,,,,,47
365009,"Cantabria, Spain","Cantabria, Spain",Spain,43.435467,-4.041833,land,saltwater,2024-07-01,"Playa de La Concha (Suances - Cantabria)",1,,1,6.60,0.06,0.00,,,2,,4,,,3,3,16,,,,,2,3,,,,6,,,,,,,,,,1,,,,8,,,2,2,,,,,,1,,,,,,,,,,,,,,,53
365010,"Girona, Spain","Catalonia, Spain",Spain,42.3853,3.15975,land,saltwater,2024-01-21,"CANYELLES I CROS",25,,25,112.20,0.29,0.00,,3,2,2,10,5,,2,15,30,,,2,,6,3,,23,,10,,,5,1,6,,1,3,2,3,,,,4,2,,25,8,,10,,2,,4,50,,,,,,,,,,,,,,239
365011,"Valencia, Spain","Valencian Community, Spain",Spain,39.46694474,-0.32269026,land,saltwater,2024-07-28,"La Marina Sur",45,,45,112.53,0.06,0.00,,5,13,,19,1,,1,8,93,,,8,,7,20,,,4,43,,,2,,,,1,14,2,4,,2,,5,3,,32,12,,5,,,,2,36,,,,,,,,,,,,,,342
365012,"Murcia, Spain","Region of Murcia, Murcia, Spain",Spain,37.597895,-0.754709,land,saltwater,2024-04-28,"Playa Larga (Parque Regional Calblanque)",4,,4,2.20,0.00,0.00,,,,,,,,,1,1,,,,,,,,,,1,,,,,,,,,,,,,,,,,9,,,1,,,,,67,,,,,,,,,,,,,,80
365013,"A Coruña, Spain","Galicia, Spain",Spain,43.289315,-8.714227,land,saltwater,2024-05-07,"Playa de Razo",21,,21,4.40,0.06,0.00,,,,,,,,,2,3,,,,,,,,,,7,,,,,,,,3,,,,,,2,,,13,2,,1,,,,,11,,,,,,,,,,,,,,44
365014,"Balearic Islands, Spain","Balearic Islands, Spain",Spain,39.533371,2.722759,land,saltwater,2024-03-27,"Can Pastilla, Balneario 15",89,,89,30.80,0.06,0.00,,8,8,3,31,4,,10,35,332,,,7,,5,19,,11,,31,,,,,,,9,7,,3,,,,10,1,,232,12,,,,,,1,277,,,,,,,,,,,,,,1056
365015,"A Coruña, Spain","Galicia, Spain",Spain,43.323221,-8.815623,land,saltwater,2024-06-04,"Playa de Area Maior",12,,12,22.00,0.06,0.00,,3,1,,,,,3,23,31,,,,,3,17,,2,2,10,,,1,,1,,,2,1,,,,,,,,46,7,,,,1,,1,33,,,,,,,,,,,,,,188
365016,"Valencia, Spain","Valencian Community, Spain",Spain,39.49374,-0.323772,land,saltwater,2024-06-05,Patacona,20,,20,27.28,0.06,0.00,,1,7,,2,,,,15,53,,,4,,7,11,,,,13,,,66,,,,,6,1,,,,,5,,,76,1,,55,,,,,287,,,,,,,,,,,,,,610
365017,"Barcelona, Spain","Catalonia, Spain",Spain,41.26111,1.929454,land,saltwater,2024-07-03,"Playa de Port Ginesta",1,,1,15.40,0.06,0.00,,2,,1,2,1,,6,6,30,,,,,5,9,,6,,5,,,1,,,3,,,,,,,,4,2,,2,5,,,,1,,,82,,,,,,,,,,,,,,173
365018,"Albacete, Spain","Castile-La Mancha, Spain",Spain,38.93616,-2.84559,land,saltwater,2024-10-26,"laguna Sampedra - Playa Garijo",4,,4,2.20,0.05,0.00,,,,,,21,,5,,180,,,1,,,12,,,,,,,,,,,,,,,,,,,,,,5,,,,,,,,,,,,,,,,,,,,,224
365019,"Murcia, Spain","Region of Murcia, Murcia, Spain",Spain,37.597792,-0.754079,land,saltwater,2024-04-28,"Playa Larga (Parque Regional Calblanque)",4,,4,2.20,0.00,0.00,,,,,,,,,,,,,,,,,,,,,,,,,,,,,,,,,,,,,6,,,,,,,,41,,,,,,,,,,,,,,47
365020,"Barcelona, Spain","Catalonia, Spain",Spain,41.261637,1.930918,land,saltwater,2024-07-06,"Playa de Port Ginesta",1,,1,8.80,0.06,0.00,,,,,,,,,11,22,,,,,3,17,,,,24,,,,,,,,4,,,,,,,,,37,,,,,,,,100,,,,,,,,,,,,,,218
365021,"Granada, Spain","Andalusia, Spain",Spain,36.73079,-3.68684,land,saltwater,2024-06-27,"Playa Puerta del Mar",16,,16,50.60,0.09,0.00,,,7,1,2,2,,27,38,1771,,,41,,4,40,,6,4,12,,,3,,,,,,,,,7,,20,2,,26,19,2,,,,,3,103,,,,,,,,,,,,,,2140
365022,"Santa Cruz de Tenerife, Spain","Canary Islands, Spain",Spain,28.05066,-16.530288,land,saltwater,2024-01-03,"Playa La Jaquita",1,,1,13.20,0.06,0.00,,1,,2,2,,,4,5,8,,,,,,,,,,1,,,,,,,,,,,,,,2,2,,6,1,,,,1,,,1010,,,,,,,,,,,,,,1045
365023,"A Coruña, Spain","Galicia, Spain",Spain,43.289858,-8.708118,land,saltwater,2024-05-15,"Playa de Razo",25,,25,8.80,0.06,0.00,,,2,,1,,,,13,,,,,,3,2,,,,6,,,,,,,,1,,,,,,1,,,17,,,1,,,,,12,,,,,,,,,,,,,,59
365024,"Las Palmas, Spain","Canary Islands, Spain",Spain,28.742168,-13.872628,land,saltwater,2024-06-24,"El Charco de Bristol",1,,1,8.80,0.06,0.00,,2,4,,6,4,,,7,29,,,1,,,76,,,,8,,,,,2,1,1,,,,,,,7,11,,28,1,,,,,,,187,,,,,,,,,,,,,,375
365025,"Albacete, Spain","Castile-La Mancha, Spain",Spain,38.93206,-2.84046,land,saltwater,2024-10-26,"Chorro de las Minas.",5,,5,19.80,0.03,0.00,,6,2,3,,63,,56,15,1137,,,,,,2,,,1,1,,,9,,,,,1,,1,,1,,5,,,49,21,,,,,,1,68,,,,,,,,,,,,,,1442
365026,"Asturias, Spain","Asturias, Spain",Spain,43.581213,-5.949951,land,saltwater,2024-08-05,"Playa del Espartal",1,,1,19.80,0.06,0.00,,,,3,2,3,,2,6,8,,,5,,,5,,,,1,,,,,,,,1,,,,,,4,,,7,3,,,,,,,3,,,,,,,,,,,,,,53
365027,"Balearic Islands, Spain","Balearic Islands, Spain",Spain,40.045337,3.920963,land,saltwater,2024-05-06,"Platja des Tancats",18,,18,30.80,0.06,0.00,,1,,,2,2,,1,5,7,,,,,3,9,,1,,28,,,,,,,,1,,1,,,,,,,41,2,,6,,,,,83,,,,,,,,,,,,,,193
365028,"A Coruña, Spain","Galicia, Spain",Spain,43.289387,-8.710785,land,saltwater,2024-05-16,"Playa de Razo",23,,23,15.40,0.06,0.00,,,4,,6,7,,,,30,,,2,,,8,,,,14,,,,,,,,,,,,,,,,,12,,,,,,,2,31,,,,,,,,,,,,,,116
365029,"Murcia, Spain","Region of Murcia, Murcia, Spain",Spain,37.597885,-0.754833,land,saltwater,2024-06-01,"Playa Larga (Parque Regional Calblanque)",48,,48,3.96,0.12,0.00,,1,,,,1,,,,9,,,1,,,2,,,,3,,,,,,,,,,1,,,,4,,,20,4,,3,,,,,32,,,,,,,,,,,,,,81
365030,"Málaga, Spain","Andalusia, Spain",Spain,36.714566,-4.288983,land,saltwater,2024-06-09,"Playa Rincn de la Victoria",2,,2,19.80,0.06,0.00,,1,1,1,,2,,2,2,8,,,,,,4,,2,,7,,,3,,,,,,,,,,,,2,,,2,,3,,2,,,2,,,,,,,,,,,,,,44
365031,"Gipuzkoa, Spain","Basque Country, Spain",Spain,43.290835,-2.153419,land,saltwater,2024-06-28,"Playa de Mollari",1,,1,4.40,0.06,0.00,,1,,,2,,,,2,,,,1,,,2,,2,,2,,,,,,,,,,,,,,,,,4,1,,,,,,,5,,,,,,,,,,,,,,22
365032,"Cádiz, Spain","Andalusia, Spain",Spain,36.2257,-6.066,land,saltwater,2024-08-05,"Playa de El Palmar",1,,1,4.40,0.06,0.00,,,1,,2,3,,1,1,6,,,,,,1,,1,,,,,,,,,,,,,,,,,,,12,,,2,,,,,23,,,,,,,,,,,,,,53
365033,"Murcia, Spain","Region of Murcia, Murcia, Spain",Spain,37.597855,-0.754475,land,saltwater,2024-04-28,"Playa Larga (Parque Regional Calblanque)",4,,4,2.20,0.00,0.00,,,,,,,,,,,,,,,,,,,,,,,,,,,,,,,,,,,,,,,,,,,,,45,,,,,,,,,,,,,,45
365034,"A Coruña, Spain","Galicia, Spain",Spain,43.32344,-8.811911,land,saltwater,2024-06-03,"Playa de Area Maior",24,,24,28.60,0.06,0.00,,1,3,,2,2,,1,3,12,,,,,,8,,,,31,,,,,,,,,,,,,,3,1,,35,2,,3,,,,1,86,,,,,,,,,,,,,,194
365035,"Balearic Islands, Spain","Balearic Islands, Spain",Spain,39.978632,3.839364,land,saltwater,2024-06-13,"Cala Santandria",22,,22,6.60,0.06,0.00,,,3,1,4,1,,2,7,26,,,6,,5,17,,2,,1,,,,,,,,2,1,,,,,2,1,,3,3,,1,,,,,7,,,,,,,,,,,,,,95
365036,"A Coruña, Spain","Galicia, Spain",Spain,43.352858,-8.346695,land,saltwater,2024-11-04,"Playa de Porto Naval",2,,2,187.00,0.06,0.00,,,10,1,10,5,,1,6,,,,6,,5,5,,2,,54,,,2,,,,,,1,1,,2,,,2,,31,2,,,,1,,,44,,,,,,,,,,,,,,191
365037,"A Coruña, Spain","Galicia, Spain",Spain,43.242546,-8.943628,land,saltwater,2024-01-06,"Playa de Balars",3,,3,13.20,0.06,0.00,,4,6,,3,,,,13,1,,,2,,3,6,,,,14,,,,,,,1,,,,,,,,1,,55,2,,2,,,,,65,,,,,,,,,,,,,,178
365038,"A Coruña, Spain","Galicia, Spain",Spain,43.242546,-8.943628,land,saltwater,2024-01-07,"Playa de Balars",1,,1,11.00,0.06,0.00,,,2,,1,1,,,,,,,,,,3,,,,19,,,,,,,1,,,,,,,,1,,8,,,11,,,,,102,,,,,,,,,,,,,,149
365039,"A Coruña, Spain","Galicia, Spain",Spain,42.907605,-9.274708,land,saltwater,2024-04-15,"Praia de Mar de Fora",9,,9,17.60,0.06,0.00,,,3,1,2,1,,,1,3,,,1,,1,7,,,,16,,,,,,,,1,,2,,,,,1,,2,2,,2,,,,1,6,,,,,,,,,,,,,,53
365040,"Murcia, Spain","Region of Murcia, Murcia, Spain",Spain,37.597885,-0.754833,land,saltwater,2024-04-28,"Playa Larga (Parque Regional Calblanque)",4,,4,2.20,0.00,0.00,,,,,,,,,,3,,,,,,,,,,,,,,,,,,,,,,,,,,,6,,,,,,,,4,,,,,,,,,,,,,,13
365041,"Murcia, Spain","Region of Murcia, Murcia, Spain",Spain,37.597884,-0.754605,land,saltwater,2024-04-28,"Playa Larga (Parque Regional Calblanque)",4,,4,2.20,0.00,0.00,,,,,,,,,1,,,,,,,,,,,,,,,,,,,,,,,,,,,,2,,,,,,,,46,,,,,,,,,,,,,,49
365042,"Murcia, Spain","Region of Murcia, Murcia, Spain",Spain,37.597824,-0.754336,land,saltwater,2024-04-28,"Playa Larga (Parque Regional Calblanque)",4,,4,2.20,0.00,0.00,,,,,,,,,,1,,,,,,,,,,,,,,,,,,,,,,,,,,,8,,,,,,,,48,,,,,,,,,,,,,,57
365043,"Murcia, Spain","Region of Murcia, Murcia, Spain",Spain,37.597811,-0.754217,land,saltwater,2024-04-28,"Playa Larga (Parque Regional Calblanque)",4,,4,2.20,0.00,0.00,,,,,,,,,,,,,,,,,,,,,,,,,,,,1,,,,,,,,,2,,,,,,,,101,,,,,,,,,,,,,,104
365044,"Murcia, Spain","Region of Murcia, Murcia, Spain",Spain,37.597799,-0.753968,land,saltwater,2024-04-28,"Playa Larga (Parque Regional Calblanque)",4,,4,2.20,0.00,0.00,,,,,,,,,2,2,,,,,,,,,,2,,,,,,1,,,,,,,,,,,8,,,,,,,,27,,,,,,,,,,,,,,42
365045,"A Coruña, Spain","Galicia, Spain",Spain,43.289485,-8.710297,land,saltwater,2024-05-06,"Playa de Razo",14,,14,22.00,0.06,0.00,,,,,2,2,,,,3,,,,,1,9,,3,,23,,,,,,,,,,,,,,2,,,36,,1,3,,,,1,14,,,,,,,,,,,,,,100
365046,"A Coruña, Spain","Galicia, Spain",Spain,43.290907,-8.704116,land,saltwater,2024-05-10,"Playa de Razo",22,,22,17.60,0.06,0.00,,,,,4,,,,21,,,,1,,4,1,,,,23,,,,,,,,2,,,,,,,1,,12,,,,,,,,32,,,,,,,,,,,,,,101
365047,"A Coruña, Spain","Galicia, Spain",Spain,43.29075,-8.701738,land,saltwater,2024-05-13,"Playa de Razo",24,,24,11.00,0.06,0.00,,,,1,,,,,5,,,,,,1,2,,,1,11,,,,,,,,,,,,,,,,,17,,,6,,,,,15,,,,,,,,,,,,,,59
365048,"A Coruña, Spain","Galicia, Spain",Spain,43.290461,-8.705631,land,saltwater,2024-05-14,"Playa de Razo",18,,18,13.20,0.06,0.00,,,,,5,,,,8,,,,,,,2,,,,9,,,,,,,,,,,,,,,,,18,,,3,,,,,27,,,,,,,,,,,,,,72
365049,"A Coruña, Spain","Galicia, Spain",Spain,43.289717,-8.717982,land,saltwater,2024-05-17,"Playa de Razo",19,,19,13.20,0.06,0.00,,,2,,1,,,,7,2,,,2,,1,2,,1,,2,,,,,,,,2,,,,,,,,,5,,,1,,,,,6,,,,,,,,,,,,,,34
365050,"A Coruña, Spain","Galicia, Spain",Spain,43.290033,-8.7068,land,saltwater,2024-05-30,"Playa de Razo",18,,18,37.40,0.06,0.00,,,,,,,,,28,,,,,,,,,,,7,,,,1,,,,2,,,,,,2,1,,25,3,,7,,,,,14,,,,,,,,,,,,,,90
365051,"A Coruña, Spain","Galicia, Spain",Spain,43.323723,-8.817254,land,saltwater,2024-06-05,"Playa de Canido",18,,18,41.80,0.06,0.00,,,,,3,2,,4,2,10,,,2,,2,6,,1,,30,,,,,,,,2,1,1,,,,,,,46,1,,1,,,,,57,,,,,,,,,,,,,,171
365052,"Cádiz, Spain","Andalusia, Spain",Spain,36.243177,-6.078271,land,saltwater,2024-06-13,"Playa del Palmar",1,,1,33.00,0.06,0.00,,,1,,,1,,2,18,13,,,,,1,2,,,,11,,,,,,,,2,,,,,,,,,3,10,,,,,,,4,,,,,,,,,,,,,,68
365053,"Las Palmas, Spain","Canary Islands, Spain",Spain,28.745142,-13.916761,land,saltwater,2024-06-18,"Caleta del Barco",1,,1,15.40,0.06,0.00,,,,,,,,,14,1,,,,,,1,,2,,3,,,1,,,6,,,,,,,,1,,,30,4,,,,,,,120,,,,,,,,,,,,,,183
365054,"Gipuzkoa, Spain","Basque Country, Spain",Spain,43.297816,-2.354,land,saltwater,2024-06-25,"Playa de Deba",1,,1,6.60,0.06,0.00,,1,1,,2,1,,,1,3,,,,,,2,,,,,,,,,,,,,1,,,,,1,,,8,,,1,,,,,4,,,,,,,,,,,,,,26
365055,"Barcelona, Spain","Catalonia, Spain",Spain,41.4962035,2.3815029,land,saltwater,2024-06-28,"Playa de Ponent de Vilassar de Mar",1,,1,4.40,0.06,0.00,,1,2,,2,,,,4,10,,,1,,,8,,2,,5,,,,,,,,,,,,,,,,,35,,,,,,,,102,,,,,,,,,,,,,,172
365056,"Balearic Islands, Spain","Balearic Islands, Spain",Spain,38.693029,1.389299,land,saltwater,2024-07-02,"Cala Saona",1,,1,99.00,0.06,0.00,,,,,,,,,,13,,,,,,,,,,40,,,,,,,,,,,,,,10,,,36,,,,,,,,19,,,,,,,,,,,,,,118
365057,"Gipuzkoa, Spain","Basque Country, Spain",Spain,43.28784,-2.168363,land,saltwater,2024-07-10,"Playa de Zarautz (Gipuzkoa)",1,,1,4.40,0.06,0.00,,,,,,,,,,2,,,,,,3,,,,2,,,,,,,,,,,,,,,,,6,,,,,,,,8,,,,,,,,,,,,,,21
365059,,,Spain,43.331397,-8.506936,land,saltwater,2024-09-18,"Playa del Alba",1,,1,30.80,0.06,0.00,,,,,,,,1,7,33,,,,,,14,,,,15,,,18,,,,,1,,,,,,,,,6,,,,,,,,16,,,,,,,,,,,,,,111
365060,"Soria, Spain","Castile and León, Spain",Spain,41.402783,-2.215937,land,saltwater,2024-10-15,"Playas Nova Marbella y Llevant",100,,100,206.80,0.87,0.00,,,,,,,,,,,,,,,,,,,,,,,,,,,,,,,,,,,,,,,,,,,,,,,,,,,,,,,,,,,
365061,"Albacete, Spain","Castile-La Mancha, Spain",Spain,38.92466,-2.84221,land,saltwater,2024-10-26,"Laguna Sampedra",15,,15,264.00,0.03,0.00,,3,,3,8,6,,,,,,,3,,,,,,,1,,,,,,,,,,4,,,,,,,22,32,,,,,,,,,,,,,,,,,,,,,82
365062,"A Coruña, Spain","Galicia, Spain",Spain,43.292854,-8.746162,land,saltwater,2024-11-04,"Playa de O Rias",3,,3,30.80,0.06,0.00,,,2,,3,1,,,5,3,,,,,1,3,,,,37,,,,,,,,2,,,,,,,,,23,1,,2,,,,,147,,,,,,,,,,,,,,230
365063,,,Spain,28.40129,-16.323694,underwater,saltwater,2024-06-22,"Playa Radazul - Espign de Levante",9,,9,8.80,0.31,0.00,,,,,,1,,2,,5,,,,,,3,,,,27,,,,,,1,,,,,,,,,,,5,7,,,,,,,26,,,,,,,,,,,,,,77
365064,"Albacete, Spain","Castile-La Mancha, Spain",Spain,38.93574,-2.84575,land,freshwater,2024-10-26,"Laguna Sampedra Margen Izq.",10,,10,28.60,0.37,0.00,,,,,,156,,261,93,4090,,,,,,4,,2,,7,,,,,,,,,2,2,,1,,,,,8,53,,1,,,,,284,,,,,,,,,,,,,,4964
365065,"Albacete, Spain","Castile-La Mancha, Spain",Spain,38.9522,-2.85952,land,freshwater,2024-10-26,"Laguna Santos Morcillo",3,,3,11.00,0.03,0.00,,,,,,90,,80,80,923,,,,,,32,,7,3,6,,,,,,,,7,,,,3,,14,10,,12,25,,,,,,,30,,,,,,,,,,,,,,1322
365066,"Soria, Spain","Castile and León, Spain",Spain,41.403052,-2.216381,land,saltwater,2024-11-27,"PLAYA NOVA MARBELLA",3,,3,2.20,0.01,0.00,,,,,,,,,,11,,,,,,,,,,,,,,,,,,,,,,1,,,1,,2,1,,,,,,,,,,,,,,,,,,,,,16
365214,"Santa Cruz de Tenerife, Spain","Canary Islands, Spain",Spain,28.089458874391,-16.731481274072,land,inland,2025-03-13,"GVI CORE",5,,5,33.98,0.12,0.00,,6,39,25,28,39,8,14,15,1919,,24,29,3,1,88,11,3,3,,,,1,,,1,1,1,1,3,3,1,,30,4,9,6,6,,,,1,,1,54,,,,,,,,,,,,,,2378
365614,"Santa Cruz de Tenerife, Spain","Canary Islands, Spain",Spain,28.086959539233,-16.737616992505,land,saltwater,2025-03-20,"GVI CORE",4,,4,8.28,0.10,0.00,,1,20,4,3,3,,17,25,2913,,3,5,,,37,2,,4,1,,,,,,2,,,,3,1,,,16,1,,1,,1,3,,1,,,121,,,,,,,,,,,,,,3188
366271,"Santa Cruz de Tenerife, Spain","Canary Islands, Spain",Spain,28.090704166667,-16.7306128,land,inland,2025-04-02,,5,,5,8.20,0.46,0.00,,3,1,6,1,3,3,22,19,1823,,1,12,,,12,1,28,1,,,,,,,2,,3,48,,10,1,,9,7,2,4,2,1,,,,,,210,,,,,,,,,,,,,,2235
366654,"Santa Cruz de Tenerife, Spain","Canary Islands, Spain",Spain,28.089513936126,-16.731208518272,land,inland,2025-04-10,"GVI Core",5,,5,22.43,0.56,0.00,,8,21,24,14,100,6,7,2,671,1,5,15,,,29,,1,1,1,,,,,,1,,,,1,2,,1,12,21,,2,,,,,,,,201,,,,,,,,,,,,,,1147
366920,"Santa Cruz de Tenerife, Spain","Canary Islands, Spain",Spain,28.087089873126,-16.737646387524,land,inland,2025-04-16,"GVI Core",9,,9,15.40,0.00,0.00,,1,11,5,12,3,8,5,12,1140,,4,4,1,,45,6,7,6,4,,,,,,4,1,2,,3,2,,2,15,5,2,8,,,,,2,,,463,,,,,,,,,,,,,,1783
367238,"Santa Cruz de Tenerife, Spain","Canary Islands, Spain",Spain,28.079103389495,-16.735604826798,land,inland,2025-04-21,"GVI groups",18,,18,23.92,0.00,0.00,,28,,16,23,100,,5,7,760,,41,11,4,,,7,2,,,,,,,,2,,,,,,,,16,43,,,45,,,,,,,92,,,,,,,,,,,,,,1202
367292,,,Spain,28.081057310104,-16.736374378204,land,inland,2025-04-23,"GVI groups",17,,17,15.97,0.00,0.00,,,,,,6,,,,4030,,,,,,160,,,,,,,,,,,,,,,,,,125,,,,,,,,,,,200,,,,,,,,,,,,,,4521
367293,"Santa Cruz de Tenerife, Spain","Canary Islands, Spain",Spain,28.1220604,-16.7338211,land,inland,2025-04-23,"GVI groups",10,,10,0.59,0.00,0.00,,,,,4,2,,,,3746,,,,,,,,,,,,,,,,,,,,,,,,1,,,,,,,,,,,300,,,,,,,,,,,,,,4053
367294,"Santa Cruz de Tenerife, Spain","Canary Islands, Spain",Spain,28.1220604,-16.7338211,land,inland,2025-04-23,"GVI groups",17,,17,12.89,0.00,0.00,,,,5,,20,,,,1444,,,,,,,,,,2,,,,,,,,,,,,,,84,,,2,,,,,,,,131,,,,,,,,,,,,,,1688
368177,"Santa Cruz de Tenerife, Spain","Canary Islands, Spain",Spain,28.086351803058,-16.737249736386,land,saltwater,2025-04-30,,4,,4,10.17,0.00,0.00,,5,4,1,10,22,11,7,7,1000,,10,7,,,36,7,8,5,1,,,,,,,,3,,4,,,,8,22,3,8,2,,,,,,,83,,,,,,,,,,,,,,1274
370604,"Santa Cruz de Tenerife, Spain","Canary Islands, Spain",Spain,28.085896074498,-16.736974740903,land,inland,2025-05-30,,2,,2,7.16,0.00,0.00,,5,4,1,5,3,10,3,16,537,1,4,7,4,3,9,4,7,4,,,,,,,1,,2,,4,2,2,,10,16,,7,7,,,,,,1,59,,,,,,,,,,,,,,738
370762,"Santa Cruz de Tenerife, Spain","Canary Islands, Spain",Spain,28.094991531611,-16.73538650027,land,inland,2025-06-02,,2,,2,14.01,0.24,0.00,,2,18,3,14,56,5,2,,420,,26,6,1,2,19,7,,2,,,,2,,,,,,,,,1,,10,30,,,4,,,,1,,,69,,,,,,,,,,,,,,700
370924,"Santa Cruz de Tenerife, Spain","Canary Islands, Spain",Spain,28.087483626174,-16.737791341823,land,inland,2025-06-05,,2,,2,5.40,0.03,0.00,,1,3,2,2,10,2,8,9,431,,4,6,2,,10,1,9,4,1,,,,,,,,,,1,1,,,4,4,,10,,,,,,,,88,,,,,,,,,,,,,,613
371185,"Santa Cruz de Tenerife, Spain","Canary Islands, Spain",Spain,28.3434927,-16.8773217,land,saltwater,2025-06-10,,1,,1,1.00,0.00,0.00,1,,,,,,,,,,,,,,,,,,,,,,,,,,,,,,,,,,,,,,,,,,,,,,,,,,,,,,,,,,
371187,"Santa Cruz de Tenerife, Spain","Canary Islands, Spain",Spain,28.364610574235,-16.817114660532,land,saltwater,2025-06-10,,1,,1,9.28,0.00,0.00,,1,,,,1,,,,53,,,,,,4,,,,3,,,2,,,,1,3,,,,,,,4,,2,1,,,,,,,10,,,,,,,,,,,,,,85
371350,"Santa Cruz de Tenerife, Spain","Canary Islands, Spain",Spain,28.088315876594,-16.738537307534,land,saltwater,2025-06-13,GVI,4,,4,53.90,0.20,0.00,,3,3,3,6,7,13,21,24,3193,,100,2,,42,55,,4,,16,,,2,,,,,,,11,4,,3,,16,,87,55,,,,,,,29,,,,,,,,,,,,,,3699
371546,"Santa Cruz de Tenerife, Spain","Canary Islands, Spain",Spain,28.077268875106,-16.728873505182,land,saltwater,2025-06-16,GVI,18,,18,37.50,0.00,0.00,5,,,,,,,,,,,,,,,,,,,,,,,,,,,,,,,,,,,,,,,,,,,,,,,,,,,,,,,,,,
371617,"Santa Cruz de Tenerife, Spain","Canary Islands, Spain",Spain,28.078053647107,-16.73252075391,land,saltwater,2025-06-17,GVI,1,,1,5.52,0.02,0.00,,5,3,6,3,3,,5,3,1555,,3,,6,,4,,,,,,,,,,,,,,1,,,,4,4,,5,,,,,,,,16,,,,,,,,,,,,,,1626
371621,"Santa Cruz de Tenerife, Spain","Canary Islands, Spain",Spain,28.077299939302,-16.728871541319,land,saltwater,2025-06-17,GVI,9,,9,30.00,0.00,0.00,2,,,,,,,,,,,,,,,,,,,,,,,,,,,,,,,,,,,,,,,,,,,,,,,,,,,,,,,,,,
372610,"Barcelona, Spain","Catalonia, Spain",Spain,41.5045457,2.3980092,underwater,saltwater,2022-08-12,Marc,1,,1,44.97,0.00,0.00,3,,,,,,,,,,,,,,,,,,,,,,,,,,,,,,,,,,,,,,,,,,,,,,,,,,,,,,,,,,
372612,"Barcelona, Spain","Catalonia, Spain",Spain,41.5040814,2.3922562,underwater,saltwater,2022-08-12,Marc,1,,1,46.29,0.00,0.00,3,,,,,,,,,,,,,,,,,,,,,,,,,,,,,,,,,,,,,,,,,,,,,,,,,,,,,,,,,,
372703,"Santa Cruz de Tenerife, Spain","Canary Islands, Spain",Spain,28.085945549698,-16.737027419598,land,inland,2025-06-24,,15,,15,27.33,0.12,0.00,,12,8,21,16,19,7,19,13,5652,,6,25,,1,27,8,8,9,3,,,,,,3,1,6,,8,1,,,20,15,4,17,,,,,,,1,573,,,,,,,,,,,,,,6503
372733,"Madrid, Spain","Community of Madrid, Madrid, Spain",Spain,40.230880913588,-3.5416216156753,land,freshwater,2025-06-20,"AMEX - Madrid",31,,31,967.00,0.25,0.00,,,,,,,,,,,,,,,,,,,,,,,,,,,,,,,,,,,,,,,,,,,,,,,,,,,,,,,,,,,
372910,"Barcelona, Spain","Catalonia, Spain",Spain,41.502751666667,2.394615,land,inland,2025-06-28,Marc,1,,1,1.49,0.06,0.00,,2,,,9,12,,,,,,,,,,4,,,,,,,,,,,1,,,,,,,1,,,,1,,,,,,,,,,,,,,,,,,,,,30
372977,"Santa Cruz de Tenerife, Spain","Canary Islands, Spain",Spain,28.094837494444,-16.734735596083,land,inland,2025-06-30,GVI,7,,7,9.36,0.23,0.00,,3,2,6,10,36,2,,21,938,3,34,,1,,11,9,,,,,,,,,,,,,4,,,,2,12,,5,5,,,,,,,91,,,,,,,,,,,,,,1195
372980,"Santa Cruz de Tenerife, Spain","Canary Islands, Spain",Spain,28.095252683061,-16.733724619877,land,inland,2025-06-30,,7,,7,8.47,0.00,0.00,,3,2,6,10,36,2,,21,938,3,34,,,,11,,,,,,,,,,,,,,5,,,,5,10,,,,,,,,,,89,,,,,,,,,,,,,,1175
373014,"Santa Cruz de Tenerife, Spain","Canary Islands, Spain",Spain,28.092256951955,-16.733319645166,land,inland,2025-07-01,GVI,5,,5,15.15,0.25,0.00,,,,9,4,14,,,,1407,,5,,,1,15,,,,,,,1,,,,,,,5,,,1,47,6,,,1,,,,,,,69,,,,,,,,,,,,,,1585
373039,"Santa Cruz de Tenerife, Spain","Canary Islands, Spain",Spain,28.095252683061,-16.733724619877,land,inland,2025-07-02,,5,,5,15.15,0.00,0.00,,,,9,4,14,,,,1407,,5,,,1,15,,,,,,,1,,,,,,,5,,,1,47,6,,,1,,,,,,,69,,,,,,,,,,,,,,1585
373222,"Santa Cruz de Tenerife, Spain","Canary Islands, Spain",Spain,28.093806412239,-16.734197836324,land,inland,2025-07-07,GVI,7,,7,14.41,0.15,0.00,,1,3,16,12,27,1,,,1143,,33,3,3,3,14,13,1,1,,,,,,,,,,1,3,3,,2,1,17,,2,1,,,,,,,143,,,,,,,,,,,,,,1447
373224,"Santa Cruz de Tenerife, Spain","Canary Islands, Spain",Spain,28.095252683061,-16.733724619877,land,inland,2025-07-07,,7,,7,14.42,0.00,0.00,,1,3,16,12,27,1,,,1143,,33,3,3,3,14,13,1,1,,,,,,,,,,1,3,3,,2,1,17,,2,1,,,,,,,143,,,,,,,,,,,,,,1447
373270,"Santa Cruz de Tenerife, Spain","Canary Islands, Spain",Spain,28.090618487775,-16.731937403368,land,inland,2025-07-08,GVI,8,,8,10.99,0.38,0.00,,5,,6,12,24,1,4,,1006,,8,22,3,2,5,,,,,,,1,,,,,,,,,,,23,14,,,,,,,,,,188,,,,,,,,,,,,,,1324
373293,"Santa Cruz de Tenerife, Spain","Canary Islands, Spain",Spain,28.095252683061,-16.733724619877,land,inland,2025-07-09,,7,,7,10.85,0.00,0.00,,5,,6,12,24,1,4,,1006,,8,22,3,2,,,,,,,,1,,,,,,,,,,,23,14,,,,,,,,,,188,,,,,,,,,,,,,,1319
373337,"Las Palmas, Spain","Canary Islands, Spain",Spain,28.3587436,-14.053676,land,saltwater,2025-07-03,ale,1,,1,7.72,0.00,0.00,1,,,,,,,,,,,,,,,,,,,,,,,,,,,,,,,,,,,,,,,,,,,,,,,,,,,,,,,,,,
373405,"Santa Cruz de Tenerife, Spain","Canary Islands, Spain",Spain,28.095294032246,-16.733757890761,land,inland,2025-07-14,"GVI Tenerife",5,,5,13.90,0.40,0.00,,1,61,4,10,24,,,2,854,,20,2,,,42,,,2,,,,,,,,,,,,,,,,19,,24,28,,,,,,,47,,,,,,,,,,,,,,1140
373818,"Santa Cruz de Tenerife, Spain","Canary Islands, Spain",Spain,28.091451684013,-16.73253824003,land,inland,2025-07-15,"GVI Tenerife",7,,7,44.94,0.59,0.00,,8,11,16,20,33,,10,13,1563,,20,27,,7,33,1,2,,,,,,,,1,2,,2,1,1,,,1,23,3,112,106,,,,,,,,,,,,,,,,,,,,,2016
374149,"Santa Cruz de Tenerife, Spain","Canary Islands, Spain",Spain,28.093912317418,-16.73450932838,land,inland,2025-07-21,"GVI Tenerife",7,,7,162.01,0.14,0.00,,6,15,3,7,25,3,12,1,829,,19,8,,6,78,5,4,3,,,1,,,,8,,1,,4,,,,5,32,4,96,74,1,,,,,,9,,,,,,,,,,,,,,1259
374185,"Santa Cruz de Tenerife, Spain","Canary Islands, Spain",Spain,28.092749160714,-16.733469218016,land,inland,2025-07-22,"GVI Tenerife",7,,7,18.65,0.22,0.00,,5,19,7,16,27,4,6,6,1762,,,7,1,6,32,1,3,1,,,,,,1,3,,1,,3,,,,4,13,2,26,35,,,,3,,,15,,,,,,,,,,,,,,2009
374317,"Santa Cruz de Tenerife, Spain","Canary Islands, Spain",Spain,28.086995225807,-16.737749846988,land,inland,2025-07-25,,12,,12,46.63,0.01,0.00,,6,9,6,16,33,4,10,63,3383,10,,12,,2,37,8,36,9,12,,,7,,,1,1,8,1,5,3,,1,20,15,2,3,15,,,,,,,473,,,,,,,,,,,,,,4211
374474,"Santa Cruz de Tenerife, Spain","Canary Islands, Spain",Spain,28.093674296163,-16.733549379251,land,inland,2025-07-28,,7,,7,19.70,0.30,0.00,,6,11,10,21,39,9,22,3,1337,11,,10,,3,24,6,,2,,,,2,,,1,,,1,1,1,,1,18,19,1,,9,,,,,,,59,,,,,,,,,,,,,,1627
374506,"Santa Cruz de Tenerife, Spain","Canary Islands, Spain",Spain,28.094462731616,-16.734967809489,land,inland,2025-07-29,,6,,6,5.91,0.33,0.00,,3,6,2,5,17,3,22,4,497,10,,2,1,2,18,10,10,,,,,,,,1,,,,,,1,,14,9,1,1,3,,,,,,,132,,,,,,,,,,,,,,774
374790,"Santa Cruz de Tenerife, Spain","Canary Islands, Spain",Spain,28.091245167237,-16.732549712684,land,inland,2025-08-04,,6,,6,12.82,0.35,0.00,,2,8,7,5,7,,17,11,926,1,,13,,2,32,2,2,1,,,,1,,,4,,,,2,3,1,,19,4,1,2,4,,,,,,,35,,,,,,,,,,,,,,1112
374859,"Santa Cruz de Tenerife, Spain","Canary Islands, Spain",Spain,28.090831872188,-16.732625764484,land,inland,2025-08-06,,7,,7,13.07,0.19,0.00,,15,14,7,17,44,5,5,1,514,22,,26,2,11,33,4,1,,,,,,,,,,,,1,1,,,18,16,2,1,1,,,,,,1,133,,,,,,,,,,,,,,895
374921,"Santa Cruz de Tenerife, Spain","Canary Islands, Spain",Spain,28.087629745741,-16.738027548433,land,inland,2025-08-08,,12,,12,26.41,0.06,0.00,,6,4,14,19,21,9,10,15,3935,8,1,17,,4,18,5,7,1,3,,,,,,,,,,6,,,2,22,12,14,2,1,,,,,,,82,,,,,,,,,,,,,,4238
374961,"Cádiz, Spain","Andalusia, Spain",Spain,36.6465158,-5.9343664,land,freshwater,2025-08-05,,1,,1,0.55,0.00,0.00,,1,1,1,,,,,,,,,,,,,,,,,,,,,,,,,,,,,,,,,,,,,,,,,,,,,,,,,,,,,,,3
375387,"Santa Cruz de Tenerife, Spain","Canary Islands, Spain",Spain,28.091518883727,-16.732471910634,land,inland,2025-08-19,,6,,6,31.39,0.16,0.00,,18,21,35,45,70,2,6,3,776,,19,64,1,2,74,10,,,,,,,,,,,,,,,,,10,33,2,,3,1,,,,,,14,,,,,,,,,,,,,,1209
376079,"Santa Cruz de Tenerife, Spain","Canary Islands, Spain",Spain,28.089473285608,-16.73104147221,land,inland,2025-09-04,"The GVI waste management group 🥶",9,,9,13.55,0.06,0.00,,5,9,14,6,8,6,13,15,598,,6,29,,1,39,5,28,,,,,,,,,,1,,,9,,,15,9,2,1,1,1,,,,,,204,,,,,,,,,,,,,,1025
376312,"A Coruña, Spain","Galicia, Spain",Spain,42.89060916,-8.45982956,land,inland,2025-09-09,"St. James",2,,2,0.05,0.00,0.00,,,,,1,,,,,,,,,,,,,,,,,,,,,,,,,,,,,,,,,,,,,,,,,,,,,,,,,,,,,,1
376770,"Santa Cruz de Tenerife, Spain","Canary Islands, Spain",Spain,28.090276156285,-16.731633921284,land,inland,2025-09-16,"The GVI waste management group 🥶",9,,9,21.53,0.54,0.00,,14,12,17,24,50,4,11,4,1418,,25,29,,1,42,19,5,,,,,,,,,,,,3,1,,,19,19,2,9,7,2,,,,,2,125,,,,,,,,,,,,,,1864
378346,"Castellón, Spain","Valencian Community, Spain",Spain,39.8752043,-0.0772842,land,saltwater,2025-09-20,Lic,3,,3,10.07,0.00,0.00,,2,4,3,4,3,1,72,155,34,4,53,36,,1,9,1,32,4,1,,,1,,,,,1,,,1,4,,1,1,,,3,,,,4,,,,,,,,,,,,,,,,,435
382236,"Valencia, Spain","Valencian Community, Spain",Spain,39.5099248,-0.322493,land,saltwater,2025-09-26,Andres,1,,1,2.00,0.00,0.00,1,,,,,,,,,,,,,,,,,,,,,,,,,,,,,,,,,,,,,,,,,,,,,,,,,,,,,,,,,,
383000,"Girona, Spain","Catalonia, Spain",Spain,42.27611738,3.17222704,land,inland,2025-09-30,TOMRA25,2,,2,80.03,0.93,0.00,,27,31,11,21,52,13,13,9,6,7,6,10,11,15,18,8,1,5,8,3,,17,,3,5,6,3,,5,3,5,3,7,7,2,4,9,,,2,6,,1,6,,,,,,,,,,,,,,369
383003,"Girona, Spain","Catalonia, Spain",Spain,42.27458819975,3.1738421693889,land,inland,2025-09-30,TOMRA25,2,,2,34.39,0.50,0.00,,23,6,2,18,19,4,1,13,1,2,3,1,,,8,1,,3,,4,,,1,,,10,,,4,,1,,4,,,3,8,,,,,,,,,,,,,,,,,,,,,140
383022,"Santa Cruz de Tenerife, Spain","Canary Islands, Spain",Spain,28.092205662315,-16.733030276958,land,inland,2025-09-30,"The GVI waste management group 🥶",11,,11,6.00,0.13,0.00,,10,7,,11,24,11,12,1,1034,,9,9,,2,14,9,1,,,,,,,,,,,2,,,,,11,27,,8,2,,,,,,,175,,,,,,,,,,,,,,1379
383074,"Girona, Spain","Catalonia, Spain",Spain,42.2654818,2.9579232,land,inland,2025-09-30,TOMRA25,25,,25,97.52,0.00,0.00,,15,4,44,81,78,54,3,5,6,1,1,2,,,58,,,,,,,,3,,,3,,,3,,,2,,,5,,3,,,,,,,,,,,,,,,,,,,,,371
383693,"Santa Cruz de Tenerife, Spain","Canary Islands, Spain",Spain,28.088246449608,-16.739018010669,land,inland,2025-10-09,"The GVI waste management group 🥶",10,,10,22.99,0.08,0.00,,4,6,5,6,14,9,20,21,3213,,3,19,,,11,7,22,4,6,,,,,,21,,,1,2,2,,2,27,7,1,39,6,,6,,,,,378,,,,,,,,,,,,,,3862
384847,"Santa Cruz de Tenerife, Spain","Canary Islands, Spain",Spain,28.09222801468,-16.733137358744,land,inland,2025-10-14,"The GVI waste management group 🥶",10,,10,8.91,0.16,0.00,,3,10,3,33,18,2,29,4,1677,,3,7,,3,18,2,,,,,,,,,,,,,1,,2,,15,5,,,9,3,,,,,,164,,,,,,,,,,,,,,2011
385438,"Santa Cruz de Tenerife, Spain","Canary Islands, Spain",Spain,28.08835037984,-16.738982750103,land,inland,2025-10-23,GVI,12,,12,40.52,0.36,0.00,,4,3,5,9,9,32,32,12,3208,1,8,34,1,1,122,9,40,14,6,,,3,,,5,,3,2,8,3,3,3,25,9,6,42,14,,1,,,,,181,,,,,,,,,,,,,,3858
385567,"Alicante, Spain","Valencian Community, Spain",Spain,38.664941028486,0.081082987449607,land,inland,2025-10-25,,40,,40,2.52,0.00,0.00,,,,,,,,,,,,,,,,,,2,2,,2,,,,,,,,,,,,,,,,,,,,,,,,,,,,,,,,,,,,,,6
385568,"Alicante, Spain","Valencian Community, Spain",Spain,38.664941027242,0.081083002114303,land,inland,2025-10-25,,40,,40,0.05,0.00,0.00,,,,,,,,,1,1,,1,1,,,,,,,,,,,,,,,,,,,,,,,,,,,,,,,,,,,,,,,,,,,,,,4
385783,"Santa Cruz de Tenerife, Spain","Canary Islands, Spain",Spain,28.092348505743,-16.733367880806,land,inland,2025-10-28,GVI,8,,8,12.34,0.46,0.00,,,9,5,11,59,3,4,3,1207,,7,16,,1,56,2,1,1,,,,,,,1,,1,1,,,1,,22,19,2,,6,,,,,,,87,,,,,,,,,,,,,,1525
386618,"Santa Cruz de Tenerife, Spain","Canary Islands, Spain",Spain,28.088329466991,-16.738973194733,land,saltwater,2025-11-07,GVI,8,,8,32.34,0.03,0.00,,1,15,7,14,4,8,32,18,3291,,6,11,,3,36,1,38,12,3,,,3,,,4,1,,,3,,,2,22,6,15,4,12,,,,,,,191,,,,,,,,,,,,,,3763
386952,"Santa Cruz de Tenerife, Spain","Canary Islands, Spain",Spain,28.092288365588,-16.733301579952,land,inland,2025-11-11,GVI,1,,1,14.44,0.43,0.00,,9,34,8,16,29,9,16,5,1121,,9,1,,2,37,5,7,2,,,,1,,,,,2,,1,,,,11,27,,6,2,1,2,,,,1,108,,,,,,,,,,,,,,1472
387893,"Santa Cruz de Tenerife, Spain","Canary Islands, Spain",Spain,28.092542923987,-16.733239553869,land,inland,2025-11-25,GVI,7,,7,35.85,0.43,0.00,,7,36,3,5,45,7,6,6,978,,16,5,,2,32,1,,2,,,,9,,,10,1,1,,1,,,,20,21,2,8,,,,,,,,66,,,,,,,,,,,,,,1290
388830,"Santa Cruz de Tenerife, Spain","Canary Islands, Spain",Spain,28.092405502684,-16.733222203329,land,inland,2025-12-09,GVI,4,,4,9.50,0.36,0.00,,9,13,9,7,32,15,3,1,633,,16,12,,3,20,5,,,,,,,,,,,,,,,,,6,14,,1,2,,,,,,,43,,,,,,,,,,,,,,844
389811,"Santa Cruz de Tenerife, Spain","Canary Islands, Spain",Spain,28.092290838249,-16.733239386231,land,inland,2026-01-06,GVI,5,,5,10.42,0.44,0.00,,8,20,7,16,28,12,22,4,1181,1,15,10,1,2,6,5,2,2,,,,,,,,,,,2,1,1,,11,22,,5,1,,,,2,,,14,,,,,,,,,,,,,,1401
390660,"Santa Cruz de Tenerife, Spain","Canary Islands, Spain",Spain,28.091353333333,-16.73306,land,inland,2026-01-13,,4,,4,6.47,0.00,0.00,,6,5,3,10,43,4,3,14,241,,16,2,,,8,5,3,,,,,,,,,,,,,,,,10,15,,3,2,,,,,,,31,,,,,,,,,,,,,,424
391252,"Santa Cruz de Tenerife, Spain","Canary Islands, Spain",Spain,28.092623333333,-16.73359,land,inland,2026-01-20,,6,,6,11.48,0.25,0.00,,5,12,7,7,29,4,6,7,1022,,16,4,,2,27,4,5,1,,,,,,,,,,,,,,,11,13,1,14,8,,,,1,,,83,,,,,,,,,,,,,,1289
391649,"Santa Cruz de Tenerife, Spain","Canary Islands, Spain",Spain,28.09323,-16.73407,land,inland,2026-02-03,,3,,3,8.80,0.27,0.00,,8,7,5,8,25,3,2,5,263,,30,8,,,52,2,2,,,,,,,,,,,2,,,,1,4,14,,5,3,,,,1,,,72,,,,,,,,,,,,,,522
391977,"Santa Cruz de Tenerife, Spain","Canary Islands, Spain",Spain,28.088371044289,-16.738985899891,land,inland,2026-02-12,,5,,5,13.14,0.00,0.00,,1,3,5,8,5,4,14,6,847,,,5,,,10,2,11,4,,,,1,,,,,4,1,1,,1,2,12,4,4,11,4,1,,,4,,,143,,,,,,,,,,,,,,1118
392137,"Santa Cruz de Tenerife, Spain","Canary Islands, Spain",Spain,28.092746666667,-16.732943333333,land,inland,2026-02-17,,4,,4,15.27,0.89,0.00,,,17,17,6,43,14,2,1,823,,4,9,1,1,35,1,1,,,,,,,,,,1,,,2,,,3,12,1,7,5,,,,,,,24,,,,,,,,,,,,,,1030
393950,"Santa Cruz de Tenerife, Spain","Canary Islands, Spain",Spain,28.077297585375,-16.728884146646,land,saltwater,2026-03-02,GVI,18,,18,22.50,0.00,0.00,3,,,,,,,,,,,,,,,,,,,,,,,,,,,,,,,,,,,,,,,,,,,,,,,,,,,,,,,,,,
398814,"Santa Cruz de Tenerife, Spain","Canary Islands, Spain",Spain,28.088365115428,-16.738985535682,land,inland,2026-03-12,,7,,7,24.36,0.00,0.00,,1,4,1,4,8,11,17,26,1873,,,19,,,33,12,10,16,8,,,1,,,,,2,1,2,2,,3,19,4,8,19,2,,2,,1,1,,126,,,,,,,,,,,,,,2236
399496,"Santa Cruz de Tenerife, Spain","Canary Islands, Spain",Spain,28.091061666667,-16.732333333333,land,inland,2026-03-17,,7,,7,36.97,0.61,0.00,,6,23,11,20,40,26,12,4,3176,,16,12,4,7,140,9,5,6,,,,5,,,,,4,2,4,2,,2,12,38,2,26,2,,,,,,,180,,,,,,,,,,,,,,3796
399598,"Las Palmas, Spain","Canary Islands, Spain",Spain,28.1306709,-15.446783,land,inland,2026-03-20,,1,,1,3.70,0.10,0.00,,,1,,,,1,,2,,,,1,,,1,34,2,1,3,,,,,,2,,1,,,,,,,,,1,1,,,,,,,,,,,,,,,,,,,,,51
400401,"Santa Cruz de Tenerife, Spain","Canary Islands, Spain",Spain,28.089433333333,-16.730866666667,land,inland,2026-04-02,,7,,7,28.41,0.55,0.00,,9,11,29,32,54,14,3,17,777,,8,37,1,9,71,4,,1,,,,,,,,,,,1,,,,13,42,,21,2,,,,1,,1,116,,,,,,,,,,,,,,1274
400489,"Santa Cruz de Tenerife, Spain","Canary Islands, Spain",Spain,28.090283333333,-16.732006666667,land,inland,2026-04-06,,6,,6,16.82,0.84,0.00,,9,10,8,16,36,8,7,7,856,,12,21,,8,48,4,1,2,,,,1,,,,,3,,2,,1,,10,29,2,6,3,,,,1,,,54,,,,,,,,,,,,,,1165
400494,"Madrid, Spain","Community of Madrid, Madrid, Spain",Spain,40.308325771798,-3.419880761571,land,inland,2025-09-13,"Ambiente Europeo ICC 2025",1288,,1288,"6,252.31",7.60,0.00,,,,,,,,,,,,,,,,,,,,,,,,,,,,,,,,,,,,,,,,,,,,,,,,,,,,,,,,,,,
400582,"Santa Cruz de Tenerife, Spain","Canary Islands, Spain",Spain,28.088225,-16.738903333333,land,inland,2026-04-09,,4,,4,16.95,0.90,0.00,,3,5,4,10,6,1,14,14,472,,4,21,,1,56,10,29,2,3,,,,,,1,,,5,2,,,3,3,5,5,22,5,,,,,,,104,,,,,,,,,,,,,,810
400945,"Santa Cruz de Tenerife, Spain","Canary Islands, Spain",Spain,28.08926001004,-16.731532019806,land,inland,2026-04-14,GVI,7,,7,24.74,0.04,0.00,,7,6,17,14,39,11,31,47,1001,1,35,24,,7,89,9,12,,,,,,,,,,,2,3,,1,,33,19,3,14,7,1,,,,,,114,,,,,,,,,,,,,,1547
401398,"Madrid, Spain","Community of Madrid, Madrid, Spain",Spain,40.31900575243,-3.5017128599972,land,freshwater,2026-04-17,"American Express Madrid April 17 2026",38,,38,840.00,1.00,0.00,20,,,,,,,,,,,,,,,,,,,,,,,,,,,,,,,,,,,,,,,,,,,,,,,,,,,,,,,,,,
401460,"Santa Cruz de Tenerife, Spain","Canary Islands, Spain",Spain,28.089535,-16.731225,land,inland,2026-04-21,,5,,5,23.67,0.80,0.00,,4,15,21,23,52,6,14,16,636,,18,49,1,13,66,12,4,,,,,,,3,,2,,1,1,,,,19,31,,9,1,1,1,,1,,,80,,,,,,,,,,,,,,1100
401625,"Cantabria, Spain","Cantabria, Spain",Spain,43.469349427492,-3.6688206757934,land,saltwater,2026-04-19,"Scuba Dog Society - add coast name here!",2,,2,2.21,0.00,0.00,,8,2,,16,9,6,,30,21,6,5,2,5,3,,4,1,1,,,,,,,,,,,,,,,,,,,,,,,,,,,,,,,,,,,,,,,,119
401683,"Málaga, Spain","Andalusia, Spain",Spain,36.7003643811,-4.4344962845858,land,saltwater,2026-04-15,"IES Huelin High School",46,,46,99.99,0.31,1.50,12,11,13,33,8,19,,8,22,313,,18,13,8,2,112,,4,19,16,,,8,,,4,10,6,5,2,,1,,22,13,,59,49,5,1,,8,,14,156,,,,,,,,,,,,,,982
402035,"Santa Cruz de Tenerife, Spain","Canary Islands, Spain",Spain,28.089381666667,-16.73092,land,inland,2026-04-28,,5,,5,17.64,0.97,0.00,,9,31,7,13,24,2,9,9,514,,10,21,,2,71,2,1,,,,,1,,,,1,1,2,3,,,,7,20,3,14,1,1,,,3,,,54,,,,,,,,,,,,,,836
402446,"Santa Cruz de Tenerife, Spain","Canary Islands, Spain",Spain,28.088243333333,-16.738976666667,land,saltwater,2026-05-07,,4,,4,8.50,0.79,0.00,,,,,4,,,9,5,2103,,3,6,,,49,1,10,3,3,,,,,,,,2,1,3,,,,2,5,1,12,1,,,,,,,44,,,,,,,,,,,,,,2267
403035,"Santa Cruz de Tenerife, Spain","Canary Islands, Spain",Spain,28.092096666667,-16.733011666667,land,inland,2026-05-12,,6,,6,10.54,0.31,0.00,,10,18,2,6,18,1,6,4,652,,11,4,2,4,85,8,2,,,,,,,2,,,1,2,1,,,,8,23,2,15,1,,,,1,,,70,,,,,,,,,,,,,,959
404679,"Santa Cruz de Tenerife, Spain","Canary Islands, Spain",Spain,28.092213333333,-16.733016666667,land,inland,2026-05-19,,5,,5,11.03,0.31,0.00,,17,13,5,6,31,,9,1,477,,13,5,,,103,7,3,1,,,,,,1,,,6,1,3,,,,5,14,1,5,,,,,2,,,75,,,,,,,,,,,,,,804
405812,"Biscay, Spain","Basque Country, Spain",Spain,43.386581666667,-2.99925,land,saltwater,2026-05-20,"ASTRABUDUA bhi",1,,1,17.47,0.41,0.00,,,,,,,,5,,3,,,,,,1,,,,12,4,,,,,,,1,,,,,,,,,,3,,2,,,,,6,,,,,,,,,,,,,,37
405813,"Biscay, Spain","Basque Country, Spain",Spain,43.3784432,-2.993808,land,saltwater,2026-05-20,"ASTRABUDUA bhi",1,,1,2.00,0.00,0.00,1,,,,,,,,,,,,,,,,,,,,,,,,,,,,,,,,,,,,,,,,,,,,,,,,,,,,,,,,,,
406071,"Biscay, Spain","Basque Country, Spain",Spain,43.37820926,-3.01154328,land,saltwater,2026-05-21,"IES Astrabudua",24,,24,40.64,0.94,0.00,,1,,,5,,1,,,117,1,,,,,32,53,,1,13,2,,,1,8,,1,30,1,1,,,4,,1,,2,1,,,1,2,,1,138,,,,,,,,,,,,,,418
Totals:,,,,,,,,,,,,,,,,,12389,13363,8867,20328,28345,2227,11207,30215,693269,1395,2411,11792,774,10550,40161,1681,10522,2243,16260,352,32,9832,393,527,3284,1755,4223,1677,3497,623,325,378,3682,6240,1150,72898,43646,863,10532,122,2921,219,2608,131511,139,610,1273,2248,2611,992,0,0,0,646,0,5122,21387
