"Cleanup ID",Zone,State,Country,Latitude,Longitude,"Cleanup Type",Environment,"Cleanup Date","Group Name",Adults,Children,People,Pounds,"Distance mi","Area mi","# of bags","Grocery bags (plastic)","Other bags (plastic)","Beverage bottles (glass)","Beverage bottles (plastic)","Beverage cans","Beverage sachets/pouches","Bottle caps (metal)","Bottle caps (plastic)","Cigarette butts","Cups, Plates (foam)","Cups, Plates (paper)","Cups, Plates (plastic)","Food containers (foam)","Food containers (plastic)","Food wrappers (candy, chips, etc.)","Lids (plastic)","Straws/stirrers (plastic)","Utensils (plastic)","Lines, nets, traps, ropes, etc.","Foam dock pieces","Appliances (refrigerators, washers, etc.)","Construction materials",Tires,"6-Pack holders","Foam packaging","Other plastic bottles (oil, bleach, etc.)","Strapping bands",Balloons,Clothing,E-cigarettes,"Electronic waste (phones, batteries)","Footwear (shoes/slippers)","Paper bags","Tobacco products (lighters, cigar tips, wrap)",Toys,"Other plastic waste","Other waste (metal, paper, etc.)",Condoms,"Cotton bud sticks (swabs)",Diapers,"Gloves & masks (PPE)",Syringes,"Tampons & applicators","Plastic/foam pieces","Fishing buoys, pots & traps","Fishing net & pieces","Fishing line (1 yard/meter = 1 piece)","Rope (1 yard/meter = 1 piece)","Other plastic/foam packaging","Tobacco packaging/wrap","Cigar tips","Cigarette lighters",Fireworks,"Other tobacco (packaging, lighter, etc.)","Foam pieces","Glass pieces","Plastic pieces","Total Items Collected"
148870,"Province of Rimini, Italy","Emilia-Romagna, Italy",Italy,43.91299,12.65257,land,,2021-01-03,,1,,1,0.04,0.04,0.00,,1,,,,,,,1,3,,,,,,,,,,,,,,,,,,,,,,,,,,,,,,,,,,,,,,,,,,,,,,,,,5
148980,"Province of Rimini, Italy","Emilia-Romagna, Italy",Italy,43.91834,12.64668,land,,2021-01-04,,1,,1,1.56,0.00,0.00,,3,,1,3,3,,6,2,5,,,,,,8,,,,,,,,,,,,,1,,,,,,,,,,,,,4,,,,,,,,,,,,,1,,,6,46
148981,"Province of Rimini, Italy","Emilia-Romagna, Italy",Italy,43.91835,12.64647,land,,2021-01-04,3,1,,1,1.56,0.25,0.00,,3,,1,3,3,,6,2,5,,,,,,8,,,,,,,,,,,,,1,,,,,,,,,,,,,4,,,,,,,,,,,,,1,,,6,46
148982,"Province of Rimini, Italy","Emilia-Romagna, Italy",Italy,43.91835,12.64647,land,,2021-01-04,1,3,,3,1.56,0.20,0.00,,3,,1,3,3,,6,2,5,,,,,,8,,,,,,,,,,,,,1,,,,,,,,,,,,,4,,,,,,,,,,,,,1,,,6,46
149337,"Province of Rimini, Italy","Emilia-Romagna, Italy",Italy,43.91091,12.64412,land,,2021-01-06,,1,,1,0.05,0.02,0.00,,,,,,1,,1,,,,,1,,,,,,,,,,,,,,,,,,,,,,,,,,,,,,,,,,,,,,,,,,,,,,3
149339,"Province of Rimini, Italy","Emilia-Romagna, Italy",Italy,43.90432,12.64235,land,,2021-01-06,,1,,1,1.35,0.00,0.00,,1,,2,,2,,2,5,4,,,,,,6,,3,,,,,,,,,,3,,,,,,,,,,,,,,1,,,,,,,,,,,,,,,,,29
149347,"Metropolitan City of Cagliari, Italy","Sardinia, Italy",Italy,39.1700223,9.3787438,land,,2021-01-06,,2,,2,24.50,0.00,0.00,3,,,,,,,,,,,,,,,,,,,,,,,,,,,,,,,,,,,,,,,,,,,,,,,,,,,,,,,,,,
149387,"Province of Rimini, Italy","Emilia-Romagna, Italy",Italy,43.87843,12.7039,land,,2021-01-07,,1,,1,1.29,0.02,0.00,,1,,,4,,2,,2,2,,,4,1,2,5,,,,,,,,,,,,,,,,,,,,,,,,,,,,,,,,,,,,,,,1,,,,29
149389,"Province of Rimini, Italy","Emilia-Romagna, Italy",Italy,43.90998,12.64532,land,,2021-01-07,,2,,2,2.03,0.57,0.00,,1,,,1,,,2,,4,,,,,,,,1,,,,,,,,,,,,,,,,,,,,,,,,,,,,,,,,,,,,,,,,1,26
149404,"Province of Rimini, Italy","Emilia-Romagna, Italy",Italy,43.90207,12.64392,land,,2021-01-07,,1,,1,0.00,0.14,0.00,,,,,,,,,,,,,,,,,,,,,,,,,,,,,,,,,,,,,,,,,,,,,,,,,,,,,,,,,,,
149463,"Province of Rimini, Italy","Emilia-Romagna, Italy",Italy,43.91403,12.6443,land,,2021-01-02,,1,,1,0.57,0.00,0.00,,,,,3,1,,,,11,,,,,,2,,,,,,,,,,,,,,,,,,,,,,,,,,3,,,,,,,,,,,,,,,,,22
149466,"Province of Rimini, Italy","Emilia-Romagna, Italy",Italy,43.91862,12.65738,land,,2021-01-04,,1,,1,3.48,0.99,0.00,,4,,,7,,5,3,4,20,,,,,2,10,1,4,,,,,,,,,,1,,,,,,,,,,,,,,5,,,,,,,,,,,,,3,,,1,90
149815,"Province of Rimini, Italy","Emilia-Romagna, Italy",Italy,43.9038,12.64659,land,,2021-01-04,1,1,,1,1.94,0.32,0.00,,15,,,,1,,1,1,31,,,,,,1,2,1,2,,,,1,,,,,5,,,,,,,,,,,,,,1,,,,,,,,,,,,,,,,,68
149831,"Metropolitan City of Cagliari, Italy","Sardinia, Italy",Italy,39.1672816,9.3816261,land,,2021-01-11,,1,,1,7.50,0.00,0.00,1,,,,,,,,,,,,,,,,,,,,,,,,,,,,,,,,,,,,,,,,,,,,,,,,,,,,,,,,,,
149906,"Province of Rimini, Italy","Emilia-Romagna, Italy",Italy,43.91823,12.65848,land,,2021-01-04,,1,,1,3.85,0.00,0.00,,5,,2,10,2,,,3,7,,,3,,,6,,4,,,,,,,,,,,,,,,,,,,,,,,,3,,,,,,,,,,,,,2,,,,62
149913,"Province of Rimini, Italy","Emilia-Romagna, Italy",Italy,43.87842,12.70391,land,,2021-01-12,,1,,1,10.66,0.05,0.00,,4,,4,16,,,,,,,,23,6,14,32,,,,,,,,,,,,1,,,,,,,,,,,,,,,,,,,,,,,,,,,,,,,143
149921,"Province of Rimini, Italy","Emilia-Romagna, Italy",Italy,43.8786548,12.7052268,land,,2021-01-12,,1,,1,32.00,0.00,0.00,3,,,,,,,,,,,,,,,,,,,,,,,,,,,,,,,,,,,,,,,,,,,,,,,,,,,,,,,,,,
150282,"Metropolitan City of Cagliari, Italy","Sardinia, Italy",Italy,39.1700223,9.3787438,land,,2021-01-17,,1,,1,2.00,0.00,0.00,1,,,,,,,,,,,,,,,,,,,,,,,,,,,,,,,,,,,,,,,,,,,,,,,,,,,,,,,,,,
150324,"Province of Rimini, Italy","Emilia-Romagna, Italy",Italy,43.9117,12.64371,land,,2021-01-14,,1,,1,2.31,0.02,0.00,,4,,3,3,1,,9,8,5,,,,,,3,1,3,,,,,,,,,,2,,,,,,,,,,,,,,1,,,,,,,,,,,,,4,,,,49
150328,"Metropolitan City of Cagliari, Italy","Sardinia, Italy",Italy,39.19486,9.15819,land,,2021-01-18,,1,,1,5.27,0.00,0.00,,,,,,,,3,4,16,,,2,,,2,,3,,,,,,,,,,5,1,,,,,,,,,,,,,1,,,,,,,,,,,,,2,,,24,78
150457,"Metropolitan City of Cagliari, Italy","Sardinia, Italy",Italy,39.20049,9.16081,land,,2021-01-19,,1,,1,0.02,0.00,0.00,,,,,,,,,,,,,1,,,,,,,,,,,,,,,1,,,,,,,,,,,,,,,,,,,,,,,,,,,,,,,2
150934,"Province of Rimini, Italy","Emilia-Romagna, Italy",Italy,43.90402,12.64658,land,,2021-01-18,1,1,,1,0.25,0.00,0.00,,,,,,,,,,32,,,,,1,,,,,,,,,,,,,,,,,,,,,,,,,,,,,,,,,,,,,,,,,,,,33
151225,"Province of Rimini, Italy","Emilia-Romagna, Italy",Italy,43.91834,12.65911,land,,2021-01-21,,1,,1,0.33,0.01,0.00,,,,,2,1,,,,,,,,,,5,,,,,,,,,,,,,,,1,,,,,,,,,,,,,,,,,,,,,,,,2,,,,11
151241,"Metropolitan City of Cagliari, Italy","Sardinia, Italy",Italy,39.19486,9.15815,land,,2021-01-25,,1,,1,0.28,0.01,0.00,,,,,,,,,1,2,,,,,,,,,,,,,,,,,,,1,,,,,,,,,,,,,,,,,,,,,,,,,,,,,1,7
151296,"Metropolitan City of Rome, Italy","Lazio, Italy",Italy,41.73268,12.28297,land,,2021-01-26,"Clean Coast Sardinia",2,,2,40.00,0.17,0.00,,,,,,,,,,,,,,,,,,,,,,,,,,,,,,,,,,,,,,,,,,,,,,,,,,,,,,,,,,,3
151484,"Metropolitan City of Cagliari, Italy","Sardinia, Italy",Italy,39.20125,9.1464,land,,2021-01-27,,1,,1,0.75,0.01,0.00,,1,,,,,,1,,8,,,,,,,,,,,,,,,,,,1,,,,,,,,,,,,,,,,,,,,,,,,,,,,,,2,15
151552,"Province of Ancona, Italy","Marche, Italy",Italy,43.57476,13.51369,land,,2021-01-29,,20,,20,135.00,0.04,0.00,,,,5,5,3,3,4,5,10,,,3,,48,,5,1,1,,,,100,2,,,,1,,,3,,,,,,,,,,,,,,,,,,,,,,,,2,,,6,307
151553,"Province of Ancona, Italy","Marche, Italy",Italy,43.574771881104,13.513704299927,land,,2021-01-29,,1,,1,135.00,0.00,0.00,1,,,,,,,,,,,,,,,,,,,,,,,,,,,,,,,,,,,,,,,,,,,,,,,,,,,,,,,,,,
151558,"Metropolitan City of Cagliari, Italy","Sardinia, Italy",Italy,39.20157,9.16163,land,,2021-01-29,,1,,1,0.54,0.00,0.00,,,,,,,,,,,,,,,,,,,,,,,,,,,,,,,,,,,,,,,,,,,,,,,,,,,,,,,,,,,1
151806,"Metropolitan City of Cagliari, Italy","Sardinia, Italy",Italy,39.19484,9.15814,land,,2021-01-31,,1,,1,2.50,0.01,0.00,,1,,,,,,,3,31,,,2,,,2,,2,1,,,,,,,,,,,,,,,,,,,,,,,1,,,,,,,,,,,,,,,,18,67
152071,"Metropolitan City of Cagliari, Italy","Sardinia, Italy",Italy,39.1967,9.15849,land,,2021-02-02,,1,,1,2.68,4.33,0.00,,,,,,,,,2,1,,,,,,1,,,,,,,,,,,,,,,,,,,,,,,,,,,,,,,,,,,,,,,,,,12,23
152103,"Metropolitan City of Cagliari, Italy","Sardinia, Italy",Italy,39.19299,9.16092,underwater,,2021-02-02,,1,,1,3.46,0.02,0.00,,3,,,2,,,1,,1,,,2,,,2,1,1,,,,,,,,,,1,,,,,,,,,,,,,,2,,,,,,,,,,,,,,,,6,31
152214,"Metropolitan City of Cagliari, Italy","Sardinia, Italy",Italy,39.19145,9.16301,underwater,,2021-02-03,,1,,1,0.76,0.00,0.00,,2,,,,,,,,1,,,1,,,,,,1,,,,,,,,,,,,,,,,,,,,,,,1,,,,,,,,,,,,,,,,2,10
153782,"Metropolitan City of Cagliari, Italy","Sardinia, Italy",Italy,39.19484,9.15816,land,,2021-02-07,,1,,1,20.71,0.01,0.00,,,,,1,,,,8,37,,,8,,,9,2,21,,,,,,,,,,,,,,,,,,,,,,,,2,,,,,,,,,,,,,,,,103,247
153975,"Metropolitan City of Cagliari, Italy","Sardinia, Italy",Italy,39.19484,9.15818,underwater,,2021-02-09,,1,,1,16.14,0.00,0.00,,6,,2,1,,2,1,1,17,,,3,,2,5,,1,,,,,,,,,,,,,,,,,,,,,,,,1,,,,,,,,,,,,,1,,,19,97
154395,"Metropolitan City of Cagliari, Italy","Sardinia, Italy",Italy,39.1700223,9.3787438,land,,2021-02-12,,2,,2,45.00,0.00,0.00,3,,,,,,,,,,,,,,,,,,,,,,,,,,,,,,,,,,,,,,,,,,,,,,,,,,,,,,,,,,
154523,"Metropolitan City of Rome, Italy","Lazio, Italy",Italy,41.7311182,12.2862694,land,,2021-02-14,"Clean Coast Sardinia",3,,3,40.00,0.00,0.00,3,,,,,,,,,,,,,,,,,,,,,,,,,,,,,,,,,,,,,,,,,,,,,,,,,,,,,,,,,,
154633,"Province of Ancona, Italy","Marche, Italy",Italy,43.57482,13.51375,land,,2021-02-11,1,15,,15,32.48,0.02,0.00,,5,,7,10,1,,,5,,,,,4,3,,5,6,,,,,2,1,,,,13,,,,,,,,3,,,,,,,,,,,,,,,,,,,,,,25,98
154889,"Province of Brindisi, Italy","Apulia, Italy",Italy,40.76726,17.67464,land,,2021-02-19,"Pirates of Apulia",1,,1,1.00,0.00,0.00,,,,,,,,,1,,,,,,,,,,,,,,,,,,,,,,,,,,,,,,,,,,,,,,,,,,,,,,,,,,1
155007,"Metropolitan City of Cagliari, Italy","Sardinia, Italy",Italy,39.2248291,9.2463243,land,,2021-02-21,"Clean Coast Sardinia",30,,30,"2,250.00",0.00,0.00,150,,,,,,,,,,,,,,,,,,,,,,,,,,,,,,,,,,,,,,,,,,,,,,,,,,,,,,,,,,
155008,"Province of Oristano, Italy","Sardinia, Italy",Italy,40.26794,8.49995,land,,2021-02-21,,1,,1,28.66,0.00,0.00,,5,,11,16,16,1,34,21,10,,,8,1,19,11,4,6,4,,,,16,,,,,,,,,,,,,5,,,,,,1,,,,,,,,,,,,,17,,,64,288
155013,"Province of Brindisi, Italy","Apulia, Italy",Italy,40.65409,17.95747,land,,2021-02-21,"Pirates of Apulia",7,,7,28.21,0.02,0.00,,,,,1,6,5,4,43,,,,10,17,,15,3,66,4,,,,4,1,,,,,,,,,,,,,,,,,,,,,,,,,,,,,,,,,,67,266
155020,"Metropolitan City of Cagliari, Italy","Sardinia, Italy",Italy,39.19446,9.15818,land,,2021-02-21,,1,,1,0.02,0.00,0.00,,1,,,,,,,,,,,,,,,,,,,,,,,,,,,,,,,,,,,,,,,,,,,,,,,,,,,,,,,,,1
155021,"Metropolitan City of Cagliari, Italy","Sardinia, Italy",Italy,39.19443,9.15827,land,,2021-02-21,,1,,1,0.16,0.00,0.00,,,,,,,,,,,,,2,,,,,1,,,,,,,,,,,,,,,,,,,,,,,,,,,,,,,,,,,,,,,,,4
155023,"Province of Brindisi, Italy","Apulia, Italy",Italy,40.6327278,17.9417616,land,,2021-02-21,"Pirates of Apulia",7,,7,249.00,0.00,0.00,,,,,,,,,,,,,,,,,,,,,,,,,,,,,,,,,,,,,,,,,,,,,,,,,,,,,,,,,,,
155052,"Province of Nuoro, Italy","Sardinia, Italy",Italy,39.9269,9.69697,land,,2021-02-21,,1,,1,0.01,0.01,0.00,,,,,,,,,,,,,,,,,,,,,,,,,,,,,,,,,,,,,,,,,,1,,,,,,,,,,,,,,,,,1
155083,"Metropolitan City of Milan, Italy","Lombardy, Italy",Italy,45.50168,9.19081,land,,2021-02-18,"Oracle - EMEA",1,,1,0.01,0.03,0.00,,,,,,,,,,,,,,,,,,,,,,,,,,,,,,,,,,,,,,,,,,,,,,,,,,,,,,,,,,,
155160,"Province of Ancona, Italy","Marche, Italy",Italy,43.57485,13.51375,land,,2021-02-20,1,50,,50,177.36,0.05,0.00,,,,6,,,1,2,,,,,,,32,34,,30,,,,,16,6,,,,1,,,,,,,,,,,,,,2,,,,,,,,,,,,,1,,,,219
155215,"Metropolitan City of Cagliari, Italy","Sardinia, Italy",Italy,39.19485,9.15814,land,,2021-02-23,,1,,1,2.56,0.00,0.00,,1,,1,1,,,1,2,5,,,1,,,,,,,,,,,,,,,,,,,,,,,,,,,,,5,,,,,,,,,,,,,,,,1,23
155239,"Province of Sassari, Italy","Sardinia, Italy",Italy,41.00277,9.6174,land,,2021-02-23,"Clean Coast Sardinia",1,,1,2.27,0.14,0.00,,1,,,,,,,1,6,,,,,,10,,2,,,,,,,,,,6,,,,,,,,2,,,,,,1,,,,,,,,,,,,,,,,41,74
155256,"Metropolitan City of Cagliari, Italy","Sardinia, Italy",Italy,39.19486,9.15815,land,,2021-02-23,,1,,1,4.45,0.00,0.00,,6,,,1,,2,1,2,7,,,4,,,2,1,6,,,,,,,,,,1,,,,,,,,,,,,,,3,,,,,,,,,,,,,,,,2,54
155478,"Metropolitan City of Cagliari, Italy","Sardinia, Italy",Italy,39.165284409281,9.3816379175493,land,,2021-01-16,"Clean Coast Sardinia - emergency cleanup Geremeas",9,,9,440.92,0.31,0.00,3,,2,3,5,5,,,15,15,,,4,,4,12,8,5,3,,,,6,,,,,,,,,,,,,,,,,,,,,,,,4,2,,,,,,,,45,,34,172
155481,"Metropolitan City of Cagliari, Italy","Sardinia, Italy",Italy,39.215825189773,9.2672218102501,land,,2021-02-26,"Clean Coast Sardinia + QSE volunteers",5,,5,242.51,0.31,0.00,14,,6,62,30,57,,9,27,,,,12,7,9,49,9,,,,,,41,,,,14,,,,,,,,,,,,11,,39,,,,,1,3,1,1,,13,,12,,,18,35,42,508
155482,"Metropolitan City of Cagliari, Italy","Sardinia, Italy",Italy,39.224259828226,9.2385085777524,land,,2021-01-30,"Clean Coast Sardinia + QSE volunteers  - Quartu coast",30,,30,661.39,0.47,0.00,21,,,19,25,23,,,12,31,,,23,,20,26,,14,,,,2,32,16,,,7,,,,,,,,,19,,,,,,,,,,5,3,4,3,6,9,,3,,,14,25,49,390
155483,"Metropolitan City of Cagliari, Italy","Sardinia, Italy",Italy,39.214244837694,9.2822840854176,land,,2021-02-06,"Clean Coast Sardinia + QSE volunteers Quartu Flumini",15,,15,341.69,0.47,0.00,15,,,51,23,27,,,67,37,,,39,,10,45,,19,8,,,,15,3,,,6,,,,,,,,,7,,,,,,,,,,3,4,11,2,,18,,,,4,21,15,42,477
155484,"Metropolitan City of Cagliari, Italy","Sardinia, Italy",Italy,39.217343792193,9.245929834328,land,,2021-02-14,"Clean Coast Sardinia + QSE volunteers Quartu Foxi coast",40,,40,"2,601.45",0.31,0.00,,,12,54,57,26,,,57,36,,14,35,,14,75,16,19,27,,,1,8,5,,,,,,,,,,,,17,,,6,,,,14,18,,1,3,5,2,,17,,9,,8,21,25,63,665
155485,"Metropolitan City of Cagliari, Italy","Sardinia, Italy",Italy,39.209814329131,9.2997005951545,land,,2021-02-21,"Clean Coast Sardinia + QSE volunteers - Flumini coast",41,3,44,"1,543.24",0.62,0.00,38,,26,72,43,32,,,,25,20,15,24,,11,68,,,,,,,8,,,,12,,,,,,,17,,18,,,,,18,,,16,,,,,,,18,,2,,8,,31,10,494
155490,"Metropolitan City of Cagliari, Italy","Sardinia, Italy",Italy,39.19482,9.1581,land,,2021-02-26,,1,,1,0.14,0.00,0.00,,,,,,,,,,3,,,,,,,,,,,,,,,,,,,,,,,,,,,,,,,,,,,,,,,,,,,,,,,,,4
155599,"Metropolitan City of Cagliari, Italy","Sardinia, Italy",Italy,39.19485,9.15815,land,,2021-02-27,,1,,1,6.00,0.01,0.00,,2,,1,,1,1,2,3,13,,,5,,,2,1,7,1,,,,,,,,,,,,,,,,,2,,,,,,,,,,,,,,,,,,,3,,,15,81
155733,"Metropolitan City of Cagliari, Italy","Sardinia, Italy",Italy,39.20048,9.16054,land,,2021-02-28,,1,,1,0.02,0.00,0.00,,1,,,,,,,,,,,,,,,,,,,,,,,,,,,,,,,,,,,,,,,,,,,,,,,,,,,,,,,,,1
155750,"Province of Sassari, Italy","Sardinia, Italy",Italy,40.85276,8.81761,land,,2021-02-28,,1,,1,29.13,0.01,0.00,,,,1,6,,,1,9,1,,,,,3,2,,1,,,,,7,1,,,,4,,,,,,,,,,,,,,,,,,,,,,,,,,,,,,,48
159688,"Metropolitan City of Cagliari, Italy","Sardinia, Italy",Italy,39.19486,9.15814,land,,2021-03-03,,1,,1,0.40,0.00,0.00,,,,,,,,,,5,,,,,,,,,,,,,,,,,,,,,,,,,,,,,,,,,,,,,,,,,,,,,,,,1,10
159705,"Province of Sassari, Italy","Sardinia, Italy",Italy,41.00257,9.61949,land,,2021-03-03,"Clean Coast Sardinia",1,,1,1.55,0.01,0.00,,,,,,2,,,3,5,,,,,,5,,5,1,,,,,,,,,27,1,,,,,,,,,,,,,1,,,,,,,,,,,,,,,,80,133
159788,"Metropolitan City of Cagliari, Italy","Sardinia, Italy",Italy,39.20126,9.14641,land,,2021-03-04,,1,,1,1.56,0.00,0.00,,,,,,,,,1,4,,,,,,1,1,,,,,,,,,,,,,,,,,,,,,,,,,,,,,,,,,,,,,,,,,6,18
160556,"Metropolitan City of Rome, Italy","Lazio, Italy",Italy,41.9533242,12.0610145,land,,2021-03-07,Marevivo,9,,9,22.50,0.00,0.00,3,,,,,,,,,,,,,,,,,,,,,,,,,,,,,,,,,,,,,,,,,,,,,,,,,,,,,,,,,,
160748,"Metropolitan City of Cagliari, Italy","Sardinia, Italy",Italy,39.19439,9.15829,land,,2021-03-08,,1,,1,0.12,0.00,0.00,,,,,,,,,,,,,,,,,,,,,,,,,,,,,,,,,,,,,,,,,,,,,,,,,,,,,,,,,,,1
160794,"Metropolitan City of Cagliari, Italy","Sardinia, Italy",Italy,39.19617,9.1594,land,,2021-03-09,,1,,1,13.83,0.02,0.00,,2,,,,2,,1,5,31,,,1,,,6,1,8,,,,,,,,,,3,,,,,,,,,,,,,,2,,,,,,,,,,,,,3,,,23,140
161113,"Metropolitan City of Cagliari, Italy","Sardinia, Italy",Italy,39.19476,9.15811,land,,2021-03-10,,1,,1,3.85,0.01,0.00,,,,,,,,,,,,,1,,,1,,,,,,,,,,,,,,,,,,,,,,,,,,1,,,,,,,,,,,,,,,,7,20
161215,"Metropolitan City of Cagliari, Italy","Sardinia, Italy",Italy,39.1731772,9.3718477,land,,2021-03-11,"Clean Coast Sardinia",97,,97,"1,190.00",0.00,0.00,55,,,,,,,,,,,,,,,,,,,,,,,,,,,,,,,,,,,,,,,,,,,,,,,,,,,,,,,,,,
161228,"Province of Rimini, Italy","Emilia-Romagna, Italy",Italy,43.91092,12.64392,underwater,,2021-03-11,,1,,1,203.11,0.00,0.00,,14,,6,9,5,7,10,5,23,,,11,7,8,18,9,9,8,,,,3,9,,,,3,17,,8,,,,,8,,,,,,11,,,,,,,,,,,,,15,,,7,297
162065,"Metropolitan City of Cagliari, Italy","Sardinia, Italy",Italy,39.19483,9.15814,land,,2021-03-18,,1,,1,1.36,0.00,0.00,,,,,,,,,1,6,,,,,,3,1,3,,,,,,,,,,1,,,,,,,,,,,,,,,,,,,,,,,,,,,,,,14,31
162460,"Metropolitan City of Cagliari, Italy","Sardinia, Italy",Italy,39.19484,9.15813,land,,2021-03-21,,1,,1,3.12,0.01,0.00,,2,,,,,2,,,12,,,4,,1,2,1,1,1,,,,1,,,,,,,,,,,,,,,,,,,2,,,,,,,,,,,,,1,,,13,54
162592,"Province of Rimini, Italy","Emilia-Romagna, Italy",Italy,43.91093,12.64391,land,,2021-03-22,,1,,1,187.48,0.00,0.00,,14,,9,9,14,10,15,12,14,,,7,15,3,19,10,27,7,,,,6,8,,,,3,14,,11,,,,,12,,,,,,5,,,,,,,,,,,,,6,,,12,298
162645,"Metropolitan City of Cagliari, Italy","Sardinia, Italy",Italy,39.19481,9.1581,land,,2021-03-22,,1,,1,2.20,0.02,0.00,,2,,,,,1,4,2,9,,,2,,,4,,1,,,,,,,,,,,,,,,,,,,,,,,,,,,,,,,,,,,,,,,,12,45
162646,"Metropolitan City of Cagliari, Italy","Sardinia, Italy",Italy,39.19467,9.15831,land,,2021-03-23,,1,,1,0.86,0.01,0.00,,,,,,,,,,3,,,1,,,,,1,,,,,,,,,,,,,,,,,,,,,,,,,,,,,,,,,,,,,,,,4,12
162659,"Province of Sassari, Italy","Sardinia, Italy",Italy,41.00262,9.61955,land,,2021-03-23,"Clean Coast Sardinia",1,,1,2.52,0.10,0.00,,,,,,,,3,,3,,,,,,3,,,,,,,1,,,,,26,,,,,,,,,,,,,,,,,,,,,,,,,,,,,,133,170
162751,"Metropolitan City of Rome, Italy","Lazio, Italy",Italy,41.79059,12.60752,land,,2021-03-20,,1,,1,0.01,0.00,0.00,,,,,,,,,,2,,,,,,,1,,,,,,,,,,,,,,,,,,,,,,,,,,,,,,,,,,,,,,,,,,3
162884,"Province of Sassari, Italy","Sardinia, Italy",Italy,41.00239,9.61992,land,,2021-03-25,,1,,1,0.01,0.00,0.00,,,,,,,,,,,,,,,,,,,,,,,,,,,,1,,,,,,,,,,,,,,,,,,,,,,,,,,,,,,,1
162885,"Province of Sassari, Italy","Sardinia, Italy",Italy,40.9987,9.62186,land,,2021-03-25,"Clean Coast Sardinia",1,,1,3.59,0.30,0.00,,,,,,,,,,2,,,,,,2,,4,2,,,,,,,,,35,,,,,,,,,,,,,,2,,,,,,,,,,,,,,,,233,289
163012,"Province of Sassari, Italy","Sardinia, Italy",Italy,41.00294,9.61842,land,,2021-03-26,"Clean Coast Sardinia",1,,1,4.26,0.01,0.00,,,,,,,,,2,7,,,,,,8,,4,,,,,1,,,,,21,,,,,,,,2,,,,,,,,,,,,,,,,,,,1,,,69,126
163370,"Province of Sassari, Italy","Sardinia, Italy",Italy,41.00245,9.62022,underwater,,2021-03-29,"Clean Coast Sardinia",1,,1,0.42,0.02,0.00,,,,,,,,,,2,,,,,,2,,,,,,,,,,,,,,,,,,,,,,,,,,,,,,,,,,,,,,,1,,,8,15
163374,"Metropolitan City of Cagliari, Italy","Sardinia, Italy",Italy,39.19481,9.1581,land,,2021-03-29,,1,,1,5.92,0.01,0.00,,3,,,1,,3,1,3,41,,,7,1,2,16,1,4,1,,,,,,,,,,1,,,,,,,,,,,,,5,,,,,,,,,,,,,2,,,13,125
163438,"Province of Ancona, Italy","Marche, Italy",Italy,43.61749,13.43012,land,,2021-03-30,"Reef check Italia",2,,2,6.00,0.27,0.00,,6,,1,7,,,,1,1,,,,,3,2,1,,,,,,,,,,,3,,,,,,,,,,,,,,,,,,,,,,,,,,,1,,,18,66
163439,"Province of Ancona, Italy","Marche, Italy",Italy,43.61723,13.43013,land,,2021-03-30,"Reef Check Italia",2,,2,6.60,0.22,0.00,,3,,,2,,,,2,,,,,,1,1,2,1,,,,,,,,,,,,,,,,,,,,,,,,,,,,,,,,,,,,,,,,1,29
163453,"Province of Ancona, Italy","Marche, Italy",Italy,43.58515,13.51506,land,,2021-03-30,"Reef Check Italia",1,,1,14.54,0.00,0.00,,,,,,3,,,,,,,,,,,,,,,,,,,,,,2,,,,,,,,,,,,,,4,,,,,,,,,,,,,,,,,129
163771,"Province of Ancona, Italy","Marche, Italy",Italy,43.58515,13.51505,land,,2021-03-30,Rci,1,,1,0.00,0.00,0.00,,,,,,,,1,,,,,,,,,,,,,,,,,,,,,,,,,,,,,,,,,,,,,,,,,,,,,,,,,,,1
163880,"Metropolitan City of Cagliari, Italy","Sardinia, Italy",Italy,39.25352,9.06076,land,,2021-04-04,,1,,1,7.35,0.01,0.00,,1,,,,,,1,2,27,,,,,1,11,1,16,,,,,,,,,,,1,,,,,,,2,,,,,,3,,,,,,,,,,,,,,,,20,111
163944,"Metropolitan City of Rome, Italy","Lazio, Italy",Italy,41.94569,12.53183,land,,2021-04-01,,1,,1,0.11,0.00,0.00,,,,,2,,,,,,,,,,,2,,,,,,,,,,,,,,,,,,,,,,,,,,,,,,,,,,,,,,,,,,,4
164233,"Metropolitan City of Cagliari, Italy","Sardinia, Italy",Italy,39.19486,9.15812,land,,2021-04-05,,2,,2,0.91,0.00,0.00,,,,,1,,,,,1,,,,,,,,,1,,,,,,,,,,,,,,,,,,,,,,,,,,,,,,,,,,,,,,,6,12
164234,"Metropolitan City of Cagliari, Italy","Sardinia, Italy",Italy,39.19486,9.15812,land,,2021-04-06,,1,,1,3.21,0.00,0.00,,1,,,,,,1,3,17,,,1,,,7,,8,,,,,,,,,,,,,,,,,,,,,,,,2,,,,,,,,,,,,,2,,,12,62
164364,"Metropolitan City of Cagliari, Italy","Sardinia, Italy",Italy,39.19485,9.15812,land,,2021-04-07,,1,,1,4.77,0.00,0.00,,2,,,,,,3,,17,,,,,,2,,1,,,,,,,,,,,,,,,,,,,,,,,,,,,,,,,,,,,,,,,,19,56
164387,"Metropolitan City of Cagliari, Italy","Sardinia, Italy",Italy,39.19486,9.15812,land,,2021-04-07,,2,,2,11.57,0.02,0.00,,3,,,,,,21,12,39,,,5,,,13,3,12,1,,,,2,,,,,,,,,,,,,,,,,,,7,,,,,,,,,,,,,,,,43,188
164625,,,Italy,40.99866,9.6223,land,,2021-04-09,"Clean Coast Sardinia",1,,1,11.88,0.21,0.00,,2,,,,,,1,1,31,,,1,,,10,,29,1,,,,5,,,,,54,1,,,,,,,2,,,,,,1,,,,,,,,,,,,,,,,173,332
164640,"Metropolitan City of Cagliari, Italy","Sardinia, Italy",Italy,39.19487,9.15817,land,,2021-04-09,,2,,2,6.44,0.01,0.00,,,,,1,1,1,6,8,7,,,3,,,3,1,5,1,,,,,,,,,,,,,,,,,,,,,,,2,,,,,,,,,,,,,2,,,5,65
164972,"Province of Ferrara, Italy","Emilia-Romagna, Italy",Italy,44.7108592,12.2383197,land,,2021-04-11,GianfryDive,1,,1,30.00,0.00,0.00,2,,,,,,,,,,,,,,,,,,,,,,,,,,,,,,,,,,,,,,,,,,,,,,,,,,,,,,,,,,
165001,"Metropolitan City of Cagliari, Italy","Sardinia, Italy",Italy,39.19482,9.15807,land,,2021-04-11,,1,,1,6.84,0.01,0.00,,1,,,,1,1,4,11,27,,,3,,2,10,1,2,1,,,,,,,,,,2,,,,,,,1,,,,,,1,,,,,,,,,,,,,,,,50,139
165109,"Metropolitan City of Cagliari, Italy","Sardinia, Italy",Italy,39.20126,9.14634,land,,2021-04-12,,1,,1,5.11,0.00,0.00,,2,,,,1,3,5,1,9,,,2,,2,5,1,2,1,,,,,,,,,,2,,,,,,,,,,,,,,,,,,,,,,,,,,2,,,27,83
165138,"Metropolitan City of Cagliari, Italy","Sardinia, Italy",Italy,39.19486,9.15811,land,,2021-04-12,,1,,1,9.17,0.01,0.00,,2,,1,,1,,2,3,13,,,2,,,4,,6,1,,,,,,,,,,3,,,,,,,2,,,,,,,,,,,,,,,,,,,,,,16,84
165753,"Metropolitan City of Cagliari, Italy","Sardinia, Italy",Italy,39.19487,9.15812,land,,2021-04-13,,1,,1,11.36,0.00,0.00,,3,,2,1,,1,3,6,12,,,2,,2,4,,5,1,,,,5,,,,,,,,,,,,,2,,,,,,3,,,,,,,,,,,,,,,,10,78
165843,"Metropolitan City of Cagliari, Italy","Sardinia, Italy",Italy,39.1948,9.15808,land,,2021-04-14,,1,,1,4.39,0.00,0.00,,5,,,1,1,3,4,3,41,,,4,,2,15,2,3,2,,,,,,,,,,,,,,,,,,,,,,,3,,,,,,,,,,,,,1,,,13,119
165917,"Metropolitan City of Cagliari, Italy","Sardinia, Italy",Italy,39.19669,9.15823,land,,2021-04-15,,1,,1,6.00,0.00,0.00,,,,,,,,2,,2,,,,,,1,,1,,,,,,,,,,,,,,,,,,,,,,,,,,,,,,,,,,,,,,,,5,17
166001,"Metropolitan City of Rome, Italy","Lazio, Italy",Italy,41.94571,12.53175,land,,2021-04-12,,1,,1,0.50,0.04,0.00,,,,,,,,,,,,,,,,,,,,,,,,,,,,,,,,,,,,,,,,,,,,,,,,,,,,,,,,,,,
166006,"Metropolitan City of Cagliari, Italy","Sardinia, Italy",Italy,39.20124,9.14633,land,,2021-04-15,,1,,1,2.93,0.00,0.00,,,,,1,,,8,2,5,,,3,,1,6,1,8,4,,,,,,,,,,1,,,,,,,,,,,,,1,,,,,,,,,,,,,2,,,4,56
166370,"Metropolitan City of Cagliari, Italy","Sardinia, Italy",Italy,39.20122,9.14632,land,,2021-04-17,,1,,1,9.32,0.00,0.00,,2,,,1,1,,2,2,43,,,2,1,,4,,3,,,,,,,,,,,2,,,,,,,,,,,,,,,,,,,,,,,,,,,,,29,120
166539,"Metropolitan City of Cagliari, Italy","Sardinia, Italy",Italy,39.20124,9.14635,land,,2021-04-18,,1,,1,7.48,0.01,0.00,,2,,,,2,2,5,3,51,,,2,,,13,1,9,4,,,,1,,,,,3,2,,,,,,,,,,,,,,,,,,,,,,,,,,1,,,18,140
166574,"Province of Sassari, Italy","Sardinia, Italy",Italy,41.0049951,9.6197047,land,,2021-04-18,"Clean Coast Sardinia",1,,1,6.00,0.00,0.00,1,,,,,,,,,,,,,,,,,,,,,,,,,,,,,,,,,,,,,,,,,,,,,,,,,,,,,,,,,,
166694,"Metropolitan City of Cagliari, Italy","Sardinia, Italy",Italy,39.19485,9.15809,land,,2021-04-19,,1,,1,10.42,0.00,0.00,,7,,,,1,1,2,1,43,,,3,,1,7,,2,3,,,,1,,,,,,1,,,,,,,1,,,,,,,,,,,,,,,,,,,1,,,25,125
166767,"Metropolitan City of Cagliari, Italy","Sardinia, Italy",Italy,39.23178,9.10469,land,,2021-04-20,,1,,1,3.47,0.00,0.00,,,,,,,,2,1,28,,,,,,2,,,,,,,,,,,,,,,,,,,,,,,,,,,,,,,,,,,,,,,,,,17,58
166783,"Metropolitan City of Cagliari, Italy","Sardinia, Italy",Italy,39.19481,9.15814,land,,2021-04-20,,1,,1,15.23,0.00,0.00,,,,,,,,4,2,18,,,,,,4,,2,,,,,,,,,,,1,,,,,,,,,,,,,,,,,,,,,,,,,,,,,37,77
166807,"Metropolitan City of Cagliari, Italy","Sardinia, Italy",Italy,39.19476,9.15799,land,,2021-04-20,,1,,1,26.46,0.00,0.00,,1,,2,,2,,4,3,18,,,,,,,,4,,,,,4,,,,,2,3,,,,,,,,,,,,,,,,,,,,,,,,,,,,,16,98
166939,"Metropolitan City of Cagliari, Italy","Sardinia, Italy",Italy,39.22736,9.20911,land,,2021-04-21,,1,,1,3.52,0.00,0.00,,3,,,6,8,1,1,2,2,,,1,2,4,22,4,2,2,,,,,,,,,2,,,,,,,,,,,,,,6,,,,,,,,,,,,,,,,50,126
166951,"Metropolitan City of Cagliari, Italy","Sardinia, Italy",Italy,39.19485,9.15812,land,,2021-04-21,,1,,1,7.93,0.00,0.00,,1,,,1,1,,2,3,4,,,3,,,4,1,2,,,,,,,,,,1,3,,,,,,,,,,,,,,,,,,,,,,,,,,1,,,17,65
166991,"Metropolitan City of Cagliari, Italy","Sardinia, Italy",Italy,39.19479,9.15801,land,,2021-04-21,,1,,1,7.18,0.00,0.00,,,,2,,,,2,1,4,,,,,,2,,,,,,,,,,,,,1,,,,,,,,,,,,,,,,,,,,,,,,,,1,,,5,26
167056,"Province of Sassari, Italy","Sardinia, Italy",Italy,41.00446,9.62061,land,,2021-04-18,"Clean Coast Sardinia",1,,1,0.01,0.05,0.00,,,,,,,,,,,,,,,,,,,,,,,,,,,,,,,,,,,,,,,,,,,,,,,,,,,,,,,,,,,
167096,"Province of Agrigento, Italy","Sicily, Italy",Italy,37.5229255,13.0757242,land,,2021-04-22,"Marevivo Sicilia",6,,6,375.00,0.00,0.00,25,,,,,,,,,,,,,,,,,,,,,,,,,,,,,,,,,,,,,,,,,,,,,,,,,,,,,,,,,,
167375,"Metropolitan City of Cagliari, Italy","Sardinia, Italy",Italy,39.19483,9.15806,land,,2021-04-23,,1,,1,7.72,0.00,0.00,,3,,2,,1,1,3,4,5,,,,,,3,,3,1,,,,,,,,,2,,,,,,,,,,,,,,2,,,,,,,,,,,,,1,,,5,45
167389,"Province of Sassari, Italy","Sardinia, Italy",Italy,41.00252,9.61985,land,,2021-04-23,"Clean Coast Sardinia",1,,1,5.12,0.02,0.00,,,,,,,,,1,22,,,,,,11,,6,1,,,,,,,,,27,,,,,,,,,,,,,,1,,,,,,,,,,,,,,,,147,231
167649,"Province of Sassari, Italy","Sardinia, Italy",Italy,41.002943,9.620092,land,,2021-04-24,"Clean Coast Sardinia",1,,1,17.00,0.00,0.00,2,,,,,,,,,,,,,,,,,,,,,,,,,,,,,,,,,,,,,,,,,,,,,,,,,,,,,,,,,,
167812,"Metropolitan City of Cagliari, Italy","Sardinia, Italy",Italy,39.20125,9.14629,land,,2021-04-24,,1,,1,5.17,0.00,0.00,,,,,,1,,3,3,4,,,1,,,,,1,2,,,,1,,,,,,1,,,,,,,,,,,,,1,,,,,,,,,,,,,1,,,5,31
168009,"Metropolitan City of Cagliari, Italy","Sardinia, Italy",Italy,39.20124,9.14628,land,,2021-04-26,,1,,1,5.62,0.00,0.00,,3,,1,2,,,6,6,16,,,9,,1,4,,9,4,,,,1,,,,,,,,,,,,,,,,,,,3,,,,,,,,,,,,,1,,,11,88
168042,"Metropolitan City of Cagliari, Italy","Sardinia, Italy",Italy,39.19479,9.15801,land,,2021-04-26,,1,,1,7.94,0.00,0.00,,3,,2,3,,,6,6,9,,,1,,,7,1,2,1,,,,,,,,,,,,,,,,,,,,,,,1,,,,,,,,,,,,,,,,11,87
168110,"Metropolitan City of Cagliari, Italy","Sardinia, Italy",Italy,39.19485,9.15811,land,,2021-04-27,,1,,1,1.00,0.00,0.00,,,,,,1,1,,1,,,,1,,2,1,,2,,,,,,,,,,,,,,,,,,,,,,,,,,,,,,,,,,,,,,,,4,17
168246,"Metropolitan City of Cagliari, Italy","Sardinia, Italy",Italy,39.1700223,9.3787438,land,,2021-04-28,,2,,2,2.00,0.00,0.00,1,,,,,,,,,,,,,,,,,,,,,,,,,,,,,,,,,,,,,,,,,,,,,,,,,,,,,,,,,,
168397,"Province of Grosseto, Italy","Tuscany, Italy",Italy,42.3756409,11.1887253,land,,2021-04-29,Marevivo,131,,131,35.00,0.00,0.00,8,,,,,,,,,,,,,,,,,,,,,,,,,,,,,,,,,,,,,,,,,,,,,,,,,,,,,,,,,,
168517,"Metropolitan City of Cagliari, Italy","Sardinia, Italy",Italy,39.2014,9.14615,land,,2021-04-30,,1,,1,6.47,0.02,0.00,,,,1,,,1,,3,2,,,3,,1,3,,22,,,,,1,,,,,1,,,,,,,,,,,,,,1,,,,,,,,,,,,,,,,7,54
168565,"Metropolitan City of Cagliari, Italy","Sardinia, Italy",Italy,39.19486,9.15812,land,,2021-04-30,,1,,1,8.26,0.00,0.00,,2,,,1,1,,1,5,3,,,2,,1,5,1,1,,,,,1,,,,,1,,,,,,,,,,,,,,2,,,,,,,,,,,,,,,,10,49
168685,"Metropolitan City of Cagliari, Italy","Sardinia, Italy",Italy,39.20124,9.14635,land,,2021-05-01,,2,,2,16.97,0.00,0.00,,3,,,,1,2,2,3,30,,,2,,1,5,,5,4,,,,1,,,,,,1,,,,,,,,,,,,,2,,,,,,,,,,,,,2,,,42,145
168833,"Metropolitan City of Cagliari, Italy","Sardinia, Italy",Italy,39.22592,9.20587,land,,2021-05-02,,1,,1,1.28,0.79,0.00,,,,1,,,,,2,,,,,,1,,,,3,,,,,,,,,2,,,,,,,,,,,,,,9,,,,,,,,,,,,,,,,12,34
168876,"Metropolitan City of Cagliari, Italy","Sardinia, Italy",Italy,39.19485,9.15811,land,,2021-05-02,,3,,3,20.84,0.01,0.00,,1,,,,,,,1,,,,3,,,,,,,,,,,,,,,2,,,,,,,,1,,,,,,,,,,,,,,,,,,,,,,3,26
168936,"Metropolitan City of Cagliari, Italy","Sardinia, Italy",Italy,39.19486,9.15812,land,,2021-05-03,,1,,1,8.51,0.01,0.00,,1,,,1,,1,3,4,19,,,4,,,5,,3,2,,,,,,,,,1,,,,,,,,1,,,,,,3,,,,,,,,,,,,,2,,,18,83
169028,"Metropolitan City of Rome, Italy","Lazio, Italy",Italy,41.9315481,12.1189692,land,,2021-05-04,Marevivo,35,,35,341.00,0.00,0.00,11,,,,,,,,,,,,,,,,,,,,,,,,,,,,,,,,,,,,,,,,,,,,,,,,,,,,,,,,,,
169469,"Metropolitan City of Naples, Italy","Campania, Italy",Italy,40.7382914,13.8605512,land,,2021-05-07,Marevivo,45,,45,63.00,0.00,0.00,6,,,,,,,,,,,,,,,,,,,,,,,,,,,,,,,,,,,,,,,,,,,,,,,,,,,,,,,,,,
169499,"Metropolitan City of Cagliari, Italy","Sardinia, Italy",Italy,39.19484,9.15811,land,,2021-05-07,,1,,1,0.80,0.00,0.00,,,,,1,,,1,1,9,,,1,,,3,,,,,,,,,,,,,,,,,,,,,,,,,,1,,,,,,,,,,,,,1,,,,19
169500,"Metropolitan City of Cagliari, Italy","Sardinia, Italy",Italy,39.19484,9.15811,land,,2021-05-07,,2,,2,7.92,0.00,0.00,,3,,4,,1,,1,1,1,,,4,,,2,,2,,,,,,,,,,,,,,,,,,,,,,,,2,,,,,,,,,,,,,2,,,,36
169735,"Metropolitan City of Rome, Italy","Lazio, Italy",Italy,41.89624,12.48584,land,,2021-05-06,,1,,1,0.08,0.16,0.00,,,,,,,,,,,,,,,,,,,,,,,,,,,,,1,,,,,,,,,,,,,,,,,,,,,,,,,,,,,,2
169838,"Metropolitan City of Cagliari, Italy","Sardinia, Italy",Italy,39.19485,9.1581,land,,2021-05-11,,1,,1,6.76,0.00,0.00,,6,,2,1,,1,2,2,12,,,7,,1,8,1,7,1,,,,1,,,,,,2,,,,,,,1,,,,,,4,,,,,,,,,,,,,2,,,2,83
169914,"Metropolitan City of Cagliari, Italy","Sardinia, Italy",Italy,39.19484,9.15809,land,,2021-05-12,,1,,1,25.77,0.00,0.00,,,,,,,,3,1,4,,,,,,3,,2,,,,,1,,,,,,1,,,,,,,,,,,,,1,,,,,,,,,,,,,1,,,6,48
170006,"Metropolitan City of Naples, Italy","Campania, Italy",Italy,40.7654107,14.0340659,land,,2021-05-13,Marevivo,25,,25,70.00,0.00,0.00,,,,,,,,,,,,,,,,,,,,,,,,,,,,,,,,,,,,,,,,,,,,,,,,,,,,,,,,,,,
170007,"Metropolitan City of Naples, Italy","Campania, Italy",Italy,40.7662091,14.0224814,land,,2021-05-13,Marevivo,130,,130,101.00,0.00,0.00,,,,,,,,,,,,,,,,,,,,,,,,,,,,,,,,,,,,,,,,,,,,,,,,,,,,,,,,,,,
170429,"Metropolitan City of Cagliari, Italy","Sardinia, Italy",Italy,39.19485,9.1581,land,,2021-05-17,,1,,1,1.50,0.00,0.00,,1,,,1,,,1,,,,,2,,,9,,2,,,,,,,,,,1,,,,,,,,,,,,,,4,,,,,,,,,,,,,,,,,23
170466,"Metropolitan City of Cagliari, Italy","Sardinia, Italy",Italy,39.19485,9.15809,land,,2021-05-18,,1,,1,3.83,0.00,0.00,,2,,1,,,,1,,11,,,,,1,6,1,6,,,,,1,,,,,,1,,,,,,,,,,,,,,,,,,,,,,,,,,,,,7,56
170494,"Province of Sassari, Italy","Sardinia, Italy",Italy,41.00293,9.61993,underwater,,2021-05-18,"Clean Coast Sardinia",1,,1,0.29,0.01,0.00,,1,,,,,,,,,,,,,,2,,,,,,,,,,,,,,,,,,,,,,,,,,2,,,,,,,,,,,,,,,,19,24
170652,"Metropolitan City of Cagliari, Italy","Sardinia, Italy",Italy,39.20125,9.14636,land,,2021-05-20,,1,,1,1.99,0.00,0.00,,,,,,,,1,2,16,,,,,,1,,3,,,,,,,,,,,,,,,,,,,,,,,,1,,,,,,,,,,,,,,,,10,38
170991,"Metropolitan City of Cagliari, Italy","Sardinia, Italy",Italy,39.22804,9.21702,land,,2021-05-23,,1,,1,3.29,0.86,0.00,,1,,2,2,3,,,,,,,3,,7,4,5,,,,,,,,,,,1,,,,,,,,1,,,,,,3,,,,,,,,,,,,,,,,6,45
171003,"Province of Bergamo, Italy","Lombardy, Italy",Italy,45.734474182129,9.5969324111938,land,,2021-05-23,,3,,3,45.00,0.00,0.00,4,,,,,,,,,,,,,,,,,,,,,,,,,,,,,,,,,,,,,,,,,,,,,,,,,,,,,,,,,,
171413,"Metropolitan City of Cagliari, Italy","Sardinia, Italy",Italy,39.19479,9.15802,land,,2021-05-26,,1,,1,0.11,0.00,0.00,,,,,,,,,,7,,,,,,,,1,,,,,,,,,,,,,,,,,,,,,,,,1,,,,,,,,,,,,,,,,4,14
171540,"Province of Sassari, Italy","Sardinia, Italy",Italy,41.002943,9.620092,land,,2021-05-28,"Clean Coast Sardinia",1,,1,8.00,0.00,0.00,1,,,,,,,,,,,,,,,,,,,,,,,,,,,,,,,,,,,,,,,,,,,,,,,,,,,,,,,,,,
171838,"Metropolitan City of Cagliari, Italy","Sardinia, Italy",Italy,39.19483,9.15806,land,,2021-05-31,,1,,1,1.79,0.00,0.00,,1,,,,,,,1,8,,,,,,7,2,3,1,,,,1,,,,,1,3,,,,,,,,,,,,,2,,,,,,,,,,,,,,,,5,51
171923,"Metropolitan City of Cagliari, Italy","Sardinia, Italy",Italy,39.19484,9.15807,land,,2021-06-01,,1,,1,0.20,0.00,0.00,,,,,,,,,,5,,,,,,1,,,,,,,,,,,,,,,,,,,,,,,,,,,,,,,,,,,,,,,,,,,9
171982,"Metropolitan City of Cagliari, Italy","Sardinia, Italy",Italy,39.19482,9.15806,land,,2021-06-02,,1,,1,0.56,0.01,0.00,,,,,,,,,,21,,,,,,2,,1,,,,,1,,,,,2,,,,,,,,,,,,,,2,,,,,,,,,,,,,,,,5,39
172061,"Metropolitan City of Cagliari, Italy","Sardinia, Italy",Italy,39.20478,9.14153,land,,2021-06-03,,2,,2,5.25,0.00,0.00,,1,,1,,,,2,5,5,,,1,,,18,1,7,,,,,1,,,,,1,6,,,,,,,1,,,,,,3,,,,,,,,,,,,,,,,14,89
172667,"Metropolitan City of Cagliari, Italy","Sardinia, Italy",Italy,39.1934,9.1599,land,,2021-06-08,,1,,1,0.39,0.00,0.00,,,,,,1,,,,2,,,1,,,4,2,3,2,,,,,,,,,1,,,,,,,,,,,,,,3,,,,,,,,,,,,,,,,,21
173051,"Metropolitan City of Rome, Italy","Lazio, Italy",Italy,41.9555298,12.0493378,land,,2021-06-12,Marevivo,125,,125,135.00,0.00,0.00,7,,,,,,,,,,,,,,,,,,,,,,,,,,,,,,,,,,,,,,,,,,,,,,,,,,,,,,,,,,
173134,"Province of Agrigento, Italy","Sicily, Italy",Italy,37.392754,13.352953,land,,2021-06-13,"Marevivo Sicilia",15,,15,225.00,0.00,0.00,15,,,,,,,,,,,,,,,,,,,,,,,,,,,,,,,,,,,,,,,,,,,,,,,,,,,,,,,,,,
173477,"Province of Oristano, Italy","Sardinia, Italy",Italy,39.66404,8.73659,land,,2021-06-17,,1,,1,9.78,4.36,0.00,,4,,,6,,2,10,15,29,,,2,2,2,6,1,1,3,,,,,,,,,5,,,,,,,,4,,,,,,3,,,,,,,,,,,,,7,,,52,173
173536,"Metropolitan City of Milan, Italy","Lombardy, Italy",Italy,45.37853,9.20867,land,,2021-06-18,"Team D",1,,1,13.00,0.58,0.00,,5,,,5,4,3,,,5,,,3,,3,2,,,5,,,,,,,,,3,,,1,,,,,,,,,,,3,,,,,,,,,,,,,,,,12,73
174093,"Metropolitan City of Cagliari, Italy","Sardinia, Italy",Italy,38.924935,8.9149564,land,,2021-06-23,,1,,1,2.00,0.00,0.00,1,,,,,,,,,,,,,,,,,,,,,,,,,,,,,,,,,,,,,,,,,,,,,,,,,,,,,,,,,,
174181,"Province of Verona, Italy","Veneto, Italy",Italy,45.39604,10.92569,land,,2021-06-20,"Grassroots Kathy",1,,1,0.01,0.02,0.00,,,,,,,,,,,,,,,,,,,,,,,,,,,,,,,,,,,,,,,,,,,,,,,,,,,,,,,,,,,
174476,"Metropolitan City of Rome, Italy","Lazio, Italy",Italy,41.9555298,12.0493378,land,,2021-06-26,Marevivo,30,,30,60.00,0.00,0.00,6,,,,,,,,,,,,,,,,,,,,,,,,,,,,,,,,,,,,,,,,,,,,,,,,,,,,,,,,,,
175202,"Metropolitan City of Cagliari, Italy","Sardinia, Italy",Italy,39.19478,9.158,land,,2021-07-04,,1,,1,1.41,0.01,0.00,,,,,2,,1,,1,18,,,3,,,4,1,,1,,,,,,,,,1,,,,,,,,,,,,,,4,,,,,,,,,,,,,,,,5,45
175506,"Metropolitan City of Cagliari, Italy","Sardinia, Italy",Italy,39.19488,9.15811,land,,2021-07-08,,1,,1,1.83,0.00,0.00,,2,,,1,,3,5,3,4,,,2,,,7,,11,4,,,,,,,,,1,,,,,,,,,,,,,,3,,,,,,,,,,,,,1,,,4,58
175571,"Province of Matera, Italy","Basilicata, Italy",Italy,40.11852645874,16.645904541016,land,,2021-07-09,,1,,1,7.50,0.00,0.00,1,,,,,,,,,,,,,,,,,,,,,,,,,,,,,,,,,,,,,,,,,,,,,,,,,,,,,,,,,,
175667,"Metropolitan City of Rome, Italy","Lazio, Italy",Italy,41.9112,12.521,land,,2021-07-06,,1,,1,0.01,0.02,0.00,,,,,,,,,,,,,,,,,,,,,,,,,,,,,,,,,,,,,,,,,,,,,,,,,,,,,,,,,,,
175786,"Province of Ancona, Italy","Marche, Italy",Italy,43.5362,13.29194,land,,2021-07-11,FraLeoMarco,1,,1,2.19,0.01,0.00,,,,4,,,,,,,,,,,,,,,,,,,,,,,,,,,,,,,,,,,,,,,,,,,,,,,,,,,,,,3,8
175789,"Province of Ancona, Italy","Marche, Italy",Italy,43.53628,13.29179,land,,2021-07-11,"Reef check ita legambienteJ",3,,3,2.96,0.01,0.00,,,,4,,,,,,,,,,,,1,,,,,,,1,,,,,,,,,,,,,,,,,,,,,,,,,,,,,,,,,,,4,10
175790,"Province of Ancona, Italy","Marche, Italy",Italy,43.53626,13.29235,land,,2021-07-11,"ReefCheck-ITA 2handsAncona - AN",5,,5,21.00,0.03,0.00,,1,,2,1,1,,,,4,,,,,1,,,,,,,,1,1,,,,1,,,,,,,,,,,,,,,,,,,,,,,,,,,,,,3,23
175791,"Province of Ancona, Italy","Marche, Italy",Italy,43.5362,13.29189,land,,2021-07-11,"Reefcheck ita Legambiente Youth",4,,4,17.00,0.00,0.00,,,,3,1,,,,,,,,,,,,1,,,,,,8,2,,,,,,,,,,,,,,,,,,,,,,,,,,,,,,,,,,5,27
175793,"Province of Ancona, Italy","Marche, Italy",Italy,43.53628,13.29191,land,,2021-07-11,"ReefCheckIta 1",3,,3,7.00,0.03,0.00,,1,,,,,,,1,6,,,,,1,,,,,,,,3,,,,,,,,,,,,,,,,,,,1,,,,,,,,,,,,,,,,10,33
175794,"Province of Ancona, Italy","Marche, Italy",Italy,43.5362,13.29195,land,,2021-07-11,"Reef Check ITA wwfyoung+massimiliano",4,,4,24.15,0.04,0.00,,3,,2,2,,,,1,,,,1,,1,3,,,,,,,9,,,,,,,,,,,,,,,,,,,1,,,,,,,,,,,,,,,,30,62
175798,"Province of Ancona, Italy","Marche, Italy",Italy,43.53617,13.29192,land,,2021-07-11,"ReefCheckIta legambiente j",3,,3,1.00,0.01,0.00,,,,1,2,,,,3,1,,,,,,2,,,,,,,3,,,,,,,,,,,,,1,,,,,,,,,,,,,,,,,,,,,,61,97
175857,"Province of Matera, Italy","Basilicata, Italy",Italy,40.119312286377,16.645359039307,land,,2021-07-12,,1,,1,9.50,0.00,0.00,2,,,,,,,,,,,,,,,,,,,,,,,,,,,,,,,,,,,,,,,,,,,,,,,,,,,,,,,,,,
175858,"Province of Matera, Italy","Basilicata, Italy",Italy,40.119106292725,16.645780563354,land,,2021-07-12,,1,,1,15.00,0.00,0.00,1,,,,,,,,,,,,,,,,,,,,,,,,,,,,,,,,,,,,,,,,,,,,,,,,,,,,,,,,,,
176081,"Province of Ancona, Italy","Marche, Italy",Italy,43.53621,13.2919,land,,2021-07-11,Sottomarini,4,,4,0.01,0.00,0.00,,,,,,,,,,,,,,,,,,,,,,,,,,,,,,,,,,,,,,,,,,,,,,,,,,,,,,,,,,,
176259,"Metropolitan City of Rome, Italy","Lazio, Italy",Italy,41.9555298,12.0493378,land,,2021-07-17,Marevivo,11,,11,20.00,0.00,0.00,4,,,,,,,,,,,,,,,,,,,,,,,,,,,,,,,,,,,,,,,,,,,,,,,,,,,,,,,,,,
176905,"Province of Lecce, Italy","Apulia, Italy",Italy,40.30452,18.40605,land,,2021-07-23,"Sailing for Blue Life",2,,2,30.73,0.02,0.00,,14,,,8,2,1,,14,28,,,9,22,3,,,,,,,,,,,,,,,,,,,,,2,,,,,,,,,,,,,,,,,,,,,,13,175
177005,"Province of Brescia, Italy","Lombardy, Italy",Italy,45.62698,10.58541,land,,2021-07-24,,1,,1,8.68,0.05,0.00,,1,,,4,1,,,,6,,,,,,,,,1,,,,9,,,,,,,,,,,,,,,,,,,1,,,,,,,,,,,,,2,,,,27
177017,"Province of Brescia, Italy","Lombardy, Italy",Italy,45.6259,10.58704,land,,2021-07-24,,1,,1,5.70,0.01,0.00,,1,,1,2,,,1,,4,,,,,,1,,,1,,,,5,,,,,,,,,,,,,,,,,,,1,,,,,,,,,,,,,,,,,20
177272,"Province of Ancona, Italy",,Italy,43.64493,13.36734,land,,2021-07-26,,2,,2,7.50,0.54,0.00,,5,,3,4,4,4,4,13,,,,21,2,2,4,4,1,1,,,,3,,,,,,,,1,,,,,,,,,,,2,,,,,,,,,,,,,5,,,59,180
177277,"Province of Ancona, Italy","Marche, Italy",Italy,43.64486,13.36733,land,,2021-07-26,Sistetr,2,,2,11.50,0.24,0.00,,,,,,,,6,,,,,,,,,,1,,,,,,,,,,1,,,,,,,,,,,,,,,,,,,,,,,,,,,,,,,10
177280,"Province of Ancona, Italy",,Italy,43.64489,13.36729,land,,2021-07-26,"Noi altri Reef check",5,,5,6.00,0.00,0.00,,4,,7,6,3,,,30,14,,,10,,4,21,1,7,,,,,7,,,,,20,,,,,,,,1,,,,,,4,,,,,,,,,,,,,1,,,673,914
177281,"Province of Ancona, Italy",,Italy,43.64497,13.36727,land,,2021-07-26,"ReefCheck-ITA 2handsAncona - AN",4,,4,9.00,0.58,0.00,,1,,,1,1,,2,,5,,,,,3,,,,,,,,2,,,,,,,,,,,,,,,,,,,1,,,,,,,,,,,,,2,,,7,29
177282,"Province of Ancona, Italy","Marche, Italy",Italy,43.6446986,13.3667594,land,,2021-07-26,"Sister Reef check",2,,2,22.50,0.00,0.00,2,,,,,,,,,,,,,,,,,,,,,,,,,,,,,,,,,,,,,,,,,,,,,,,,,,,,,,,,,,
177284,"Province of Ancona, Italy",,Italy,43.64496,13.36738,land,,2021-07-26,"Sister Reef check",2,,2,12.00,0.01,0.00,,3,,,2,1,4,7,2,6,,,3,1,,,2,4,,,,,,,,,,1,3,,1,,,,,,,,,,,3,,,,,,,,,,,,,1,,,67,128
177285,"Province of Ancona, Italy","Marche, Italy",Italy,43.61811,13.53048,land,,2021-07-26,"ReefCheck ITA- 2hands Ancona- 2",3,,3,45.00,8.39,0.00,,,,,,,,,,,,,,,,,,,,,,,3,,,,,,,,,,,,,,,,,,,,,,,,,,,,,,,,,,,,3
177287,"Province of Ancona, Italy",,Italy,43.64502,13.36749,land,,2021-07-26,"ReefCheckIta España",3,,3,23.00,0.01,0.00,,1,,15,1,7,1,1,8,4,,,1,,1,2,,,,,,,,,,,,,,,,,,,,1,,,,,,,,,,,,,,,,,,,,,,65,140
177559,"Province of Ancona, Italy",,Italy,43.64492,13.3673,land,,2021-07-26,,1,,1,0.01,0.01,0.00,,,,,,,,,,,,,,,,,,,,,,,,,,,,,,,,,,,,,,,,,,,,,,,,,,,,,,,,,,,
177663,"Province of Sassari, Italy","Sardinia, Italy",Italy,40.81432,9.68586,land,,2021-07-31,"EcoAldia 2021",1,,1,0.00,0.01,0.00,,,,,,,,,,,,,,,,,,2,,,,,,,,,,,,,,,,,,,,,,,,,,,,,,,,,,,,,,,,,2
177926,"Province of Sassari, Italy","Sardinia, Italy",Italy,40.8143,9.68577,land,,2021-07-31,"EcoAldia 2021",50,,50,0.12,0.04,0.00,,,,,1,,,,,1,,,,,,,,,,,,,,,,,,,1,,,,,,,,,,,,,,,,,,,,,,,,,,2,,,,5
177933,"Province of Ancona, Italy","Marche, Italy",Italy,43.50946,13.38045,land,,2021-08-01,"ReefCheck-ITA 2handsAncona - AN",1,,1,0.56,0.00,0.00,,,,1,1,,,,,,,,,,,,,2,,,,,,,,,,,,,,,,,,,,,,,,,,,,,,,,,,,,,,,,,4
177935,"Province of Sassari, Italy","Sardinia, Italy",Italy,40.91237,8.72082,watercraft,,2021-08-04,,1,,1,0.08,0.00,0.00,,,,,1,,,,,,,,,,,,,,,,,,,,,,,1,,,,,,,,,,,,,,1,,,,,,,,,,,,,,,,1,4
177936,"Province of Palermo, Italy","Sicily, Italy",Italy,38.034248352051,14.018954277039,land,,2021-08-04,,1,,1,2.00,0.00,0.00,1,,,,,,,,,,,,,,,,,,,,,,,,,,,,,,,,,,,,,,,,,,,,,,,,,,,,,,,,,,
177947,"Province of Lecce, Italy","Apulia, Italy",Italy,40.147,18.49888,underwater,,2021-08-04,"Sailing for Blue Life",1,,1,1.91,0.00,0.00,,,,,1,,,,,,,,,,,,,,,,,,,,,,,,,,,,,,,,,,,,,,,,,,,,,,,,,,,,,,6
178222,"Province of Verona, Italy","Veneto, Italy",Italy,45.3964074,10.9128333,land,,2021-08-08,"Grassroots Kathy",2,,2,7.50,0.00,0.00,1,,,,,,,,,,,,,,,,,,,,,,,,,,,,,,,,,,,,,,,,,,,,,,,,,,,,,,,,,,
178641,"Metropolitan City of Venice, Italy","Veneto, Italy",Italy,45.5785804,12.6781041,land,,2021-08-14,,2,,2,12.00,0.00,0.00,2,,,,,,,,,,,,,,,,,,,,,,,,,,,,,,,,,,,,,,,,,,,,,,,,,,,,,,,,,,
178692,"South Sardinia, Italy","Sardinia, Italy",Italy,39.13824,9.52396,land,,2021-08-11,,1,,1,0.06,0.00,0.00,,,,,,,,,,3,,,1,,,,,,,,,,,,,,,,,,,,,,,,,,,,,,,,,,,,,,,,,,,,,3,7
179280,"Metropolitan City of Cagliari, Italy","Sardinia, Italy",Italy,39.19478,9.158,land,,2021-08-23,,1,,1,1.30,0.00,0.00,,5,,,1,,3,,2,,,,3,,1,13,1,3,2,,,,,,,,,9,5,,,,,,,,,,,,,1,,,,,,,,,,,,,1,,,3,57
179752,"Province of Livorno, Italy","Tuscany, Italy",Italy,42.99472,10.5133,land,,2021-08-25,,1,,1,1.12,0.01,0.00,,1,,,1,,,3,,3,,,,,,1,,,,,,,1,,,,,,,,,,,,,,,,,,,2,,,,,,,,,,,,,,,,,13
179987,"Metropolitan City of Cagliari, Italy","Sardinia, Italy",Italy,39.20124,9.14637,land,,2021-08-26,,1,,1,0.86,0.00,0.00,,,,,,,4,1,2,4,,,1,,,4,,3,,,,,,,,,,4,,,,,,,,,,,,,,1,,,,,,,,,,,,,,,,3,29
180250,"Province of Palermo, Italy","Sicily, Italy",Italy,38.0496188,13.0083325,land,,2021-08-28,"Marevivo Sicilia",30,,30,345.00,0.00,0.00,23,,,,,,,,,,,,,,,,,,,,,,,,,,,,,,,,,,,,,,,,,,,,,,,,,,,,,,,,,,
181096,"Province of Monza and Brianza, Italy","Lombardy, Italy",Italy,45.60771,9.24603,land,,2021-09-01,"Equinix Community Cleanup",1,,1,0.01,0.01,0.00,,,,,,,,,,,,,,,,,,,,,,,,,,,,,,,,,,,,,,,,,,,,,,,,,,,,,,,,,,,
181982,"Metropolitan City of Rome, Italy","Lazio, Italy",Italy,41.9555298,12.0493378,land,,2021-09-10,Marevivo,1,,1,37.50,0.00,0.00,4,,,,,,,,,,,,,,,,,,,,,,,,,,,,,,,,,,,,,,,,,,,,,,,,,,,,,,,,,,
181985,"Metropolitan City of Rome, Italy","Lazio, Italy",Italy,41.9555298,12.0493378,land,,2021-09-10,Marevivo,7,,7,22.50,0.00,0.00,3,,,,,,,,,,,,,,,,,,,,,,,,,,,,,,,,,,,,,,,,,,,,,,,,,,,,,,,,,,
181987,"Metropolitan City of Rome, Italy","Lazio, Italy",Italy,41.9337322,12.102342,land,,2021-09-10,Marevivo,3,,3,37.50,0.00,0.00,3,,,,,,,,,,,,,,,,,,,,,,,,,,,,,,,,,,,,,,,,,,,,,,,,,,,,,,,,,,
182431,"Metropolitan City of Cagliari, Italy","Sardinia, Italy",Italy,39.2238411,9.1216613,land,,2021-09-12,,1,,1,7.50,0.00,0.00,1,,,,,,,,,,,,,,,,,,,,,,,,,,,,,,,,,,,,,,,,,,,,,,,,,,,,,,,,,,
183252,"Metropolitan City of Cagliari, Italy","Sardinia, Italy",Italy,39.19469,9.15815,land,,2021-09-15,,1,,1,0.40,0.01,0.00,,,,,,,,,4,7,,,2,,,1,,,,,,,1,,,,,,1,,,,,,,,,,,,,,,,,,,,,,,,,,1,,,2,21
183272,"Province of Ancona, Italy",,Italy,43.52388,13.62807,land,,2021-09-11,,2,,2,0.06,1.61,0.00,,,,,,,,,,,,,,1,,,,,,,,,,,,,,1,,,,,,,,,,,,,,,,,,,,,,,,,,,,,,,2
183383,"Province of Ancona, Italy","Marche, Italy",Italy,43.62087,13.51041,underwater,,2021-09-11,ICC_ReefCheckItalia_sub,12,,12,25.00,0.01,0.00,,,,,,,,,,,,,,,,,,,,,,,,,,,,2,,,,,,,,,,,,,,,,,,,,,,,,,,,,,,,41
183981,"Metropolitan City of Genoa, Italy","Liguria, Italy",Italy,44.36971,9.10846,land,,2021-09-18,"Costa Crociere Foundation",20,,20,0.01,0.01,0.00,,,,,,,,,,,,,,,,,,,,,,,,,,,,,,,,,,,,,,,,,,,,,,,,,,,,,,,,,,,
184408,"Province of Ancona, Italy","Marche, Italy",Italy,43.62004,13.52825,land,,2021-09-18,"Reef check 2hands AN Marika",4,,4,6.00,0.03,0.00,,1,,10,2,5,,6,5,5,,,1,1,,1,,4,1,,,,2,,,,,1,,,,,,,,,,,,,,,,,,,,,,,,,,,2,,,387,447
184433,"Metropolitan City of Genoa, Italy","Liguria, Italy",Italy,44.3697,9.10847,land,,2021-09-18,"Costa Crociere Foundation",19,,19,71.04,7.51,0.00,,31,,12,80,39,,165,154,1995,,,4,2,27,76,1,22,6,,,,1,1,,,,,58,,,,,,,6,,,,,,22,,,,,,,,,,,,,9,,,152,2952
188656,"Metropolitan City of Cagliari, Italy","Sardinia, Italy",Italy,38.92432,8.91483,land,,2021-09-18,,1,,1,0.59,0.00,0.00,,,,,,,,1,4,117,,,,,,3,,1,2,,,,1,,,,,,1,,,,,,,,,,,,,,,,,,,,,,,,,,1,,,3,139
189206,"Province of Pesaro and Urbino, Italy","Marche, Italy",Italy,43.4712144,12.7270147,land,,2021-09-19,"Climbing for Climate Reef Check Italia",70,,70,7.50,0.00,0.00,1,,,,,,,,,,,,,,,,,,,,,,,,,,,,,,,,,,,,,,,,,,,,,,,,,,,,,,,,,,
190131,"Metropolitan City of Rome, Italy","Lazio, Italy",Italy,41.9555298,12.0493378,land,,2021-09-21,Marevivo,31,,31,163.00,0.00,0.00,,,,,,,,,,,,,,,,,,,,,,,,,,,,,,,,,,,,,,,,,,,,,,,,,,,,,,,,,,,
190263,"Province of Imperia, Italy","Liguria, Italy",Italy,43.83811,7.89272,land,,2021-09-18,5,35,,35,0.01,0.05,0.00,,,,,,,,,,,,,,,,,,,,,,,,,,,,,,,,,,,,,,,,,,,,,,,,,,,,,,,,,,,
190273,"Province of Ancona, Italy","Marche, Italy",Italy,43.6223,13.52195,land,,2021-09-18,"Tommi M",1,,1,3.48,0.02,0.00,,,,,,,,,,,,,,,,,,,,,,,,,,,,,,,,,,,,,,,,,,,,,,,,,,,,,,,,,,,9
192690,"Metropolitan City of Cagliari, Italy","Sardinia, Italy",Italy,39.20124,9.1464,land,,2021-09-24,,1,,1,0.52,0.00,0.00,,,,,,,,3,1,16,,,,,,2,,1,,,,,1,,,,,,,,,,,,,,,,,,,,,,,,,,,,,,,,,,,1,30
194874,"Province of Ancona, Italy","Marche, Italy",Italy,43.61596,13.43429,land,,2021-09-30,ReefCheckItaliaUNIVPM,2,,2,1.00,0.01,0.00,,1,,1,,,,13,23,56,,,1,,2,9,1,41,5,,,,5,,,,,9,5,,,,,,,,,,,,,,,,,,,,,,,,,,,,,87,312
194885,"Province of Ancona, Italy","Marche, Italy",Italy,43.61553,13.43453,land,,2021-09-30,ReefCheckItaliaPALOMB,2,,2,9.00,0.08,0.00,,4,,1,5,4,,2,14,143,,,,,4,11,2,19,1,,,,28,,,,,6,1,,,,,,,3,,,,,,1,,,,,,,,,,,,,,,,93,434
195472,"Province of Rimini, Italy","Emilia-Romagna, Italy",Italy,43.91092,12.64392,land,,2021-10-02,Ciao,56,,56,51.95,0.00,0.00,,20,,2,2,15,5,8,14,61,,,18,5,2,11,5,6,3,,,,4,,,,,8,43,,7,,,,,41,,,,,,8,,,,,,,,,,,,,7,,,8,375
195552,"Province of Pesaro and Urbino, Italy","Marche, Italy",Italy,43.92056,12.90474,land,,2021-09-29,,15,,15,0.06,0.01,0.00,,,,,,,,,,,,,,,1,,,,,,,,,,,,,,,,,,,,,,,,,,,,,,,,,,,,,,,,,,,,1
195572,"Province of Pesaro and Urbino, Italy","Marche, Italy",Italy,43.95106,12.82855,land,,2021-10-03,"3/10/31 sub tridente",16,,16,6.00,0.05,0.00,,1,,,,,2,23,16,91,,,2,1,5,13,,25,3,,,,9,,,,,9,,,,,,,,,,,,,,,,,,,,,,,,,,,2,,,623,931
195573,"Province of Pesaro and Urbino, Italy","Marche, Italy",Italy,43.95107,12.82857,land,,2021-10-03,"Sub tridente pesaro",6,,6,83.15,0.46,0.00,,10,,2,8,,8,4,37,15,,,3,9,10,4,2,10,,,,,1,,,,,4,,,,,,,,,,,,,,14,,,,,,,,,,,,,1,,,136,434
195575,"Province of Pesaro and Urbino, Italy","Marche, Italy",Italy,43.9512,12.82842,land,,2021-10-03,"3/10/31 sub tridente",16,,16,3.00,0.01,0.00,,,,,,,,,,,,,,,,,,,,,,,,,,,,,,,,,,,,,,,,,,,,,,,,,,,,,,,,,,400,552
195576,"Province of Pesaro and Urbino, Italy","Marche, Italy",Italy,43.9513,12.82866,land,,2021-10-03,"Sub tridente pesaro",1,,1,10.80,0.00,0.00,,,,1,3,2,2,1,,2,,,,,3,3,1,1,,,,,,,,,,,,,,,,,,,,,,,,,,,,,,,,,,,,,3,,,174,214
195578,"Province of Pesaro and Urbino, Italy","Marche, Italy",Italy,43.95111,12.82857,land,,2021-10-03,"Subtridentel franco",7,,7,134.10,0.02,0.00,,2,,8,18,2,5,30,43,23,,,1,,15,4,1,11,,,,,1,,,,,,,,,,,,,,,,,,,1,,,,,,,,,,,,,4,,,1362,1765
196837,"Province of Catania, Italy","Sicily, Italy",Italy,37.4879079,15.0838889,land,,2021-10-09,"Marevivo e dipendenti Sibeg di Catania",125,,125,"2,544.00",0.00,0.00,126,,,,,,,,,,,,,,,,,,,,,,,,,,,,,,,,,,,,,,,,,,,,,,,,,,,,,,,,,,
199479,"Province of Savona, Italy","Liguria, Italy",Italy,44.30744934082,8.4700689315796,land,,2021-10-12,"Progetto Sea-ty",20,,20,52.50,0.00,0.00,4,,,,,,,,,,,,,,,,,,,,,,,,,,,,,,,,,,,,,,,,,,,,,,,,,,,,,,,,,,
201798,"Metropolitan City of Rome, Italy",,Italy,41.9555298,12.0493378,land,,2021-10-17,Marevivo,6,,6,4.00,0.00,0.00,2,,,,,,,,,,,,,,,,,,,,,,,,,,,,,,,,,,,,,,,,,,,,,,,,,,,,,,,,,,
201801,"Province of Caserta, Italy","Campania, Italy",Italy,41.1147986,13.8934931,land,,2021-10-17,Marevivo,130,,130,97.50,0.00,0.00,8,,,,,,,,,,,,,,,,,,,,,,,,,,,,,,,,,,,,,,,,,,,,,,,,,,,,,,,,,,
202478,"Metropolitan City of Naples, Italy","Campania, Italy",Italy,40.6278396,14.4199322,land,,2021-10-21,,1,,1,2.00,0.00,0.00,1,,,,,,,,,,,,,,,,,,,,,,,,,,,,,,,,,,,,,,,,,,,,,,,,,,,,,,,,,,
202479,"Province of Salerno, Italy","Campania, Italy",Italy,40.6340026,14.6026805,land,,2021-10-21,,1,,1,7.00,0.00,0.00,1,,,,,,,,,,,,,,,,,,,,,,,,,,,,,,,,,,,,,,,,,,,,,,,,,,,,,,,,,,
202887,"Province of Sassari, Italy","Sardinia, Italy",Italy,40.82012,8.4957,land,,2021-10-24,,2,,2,10.52,0.09,0.00,,5,,7,7,25,4,5,7,31,,,6,,3,10,2,4,1,,,,2,,,,,7,,,,,,,,1,,,,,,3,,,,,,,,,,,,,7,,,5,168
203055,"Metropolitan City of Rome, Italy","Lazio, Italy",Italy,41.9315481,12.1189692,land,,2021-10-25,Marevivo,4,,4,24.00,0.00,0.00,2,,,,,,,,,,,,,,,,,,,,,,,,,,,,,,,,,,,,,,,,,,,,,,,,,,,,,,,,,,
203058,"Province of Grosseto, Italy","Tuscany, Italy",Italy,42.3966573,11.201569,land,,2021-10-25,Marevivo,3,,3,12.00,0.00,0.00,1,,,,,,,,,,,,,,,,,,,,,,,,,,,,,,,,,,,,,,,,,,,,,,,,,,,,,,,,,,
204456,"Province of Pisa, Italy","Tuscany, Italy",Italy,43.8090029,10.2602672,land,,2021-10-31,Marevivo,120,,120,631.00,0.00,0.00,,,,,,,,,,,,,,,,,,,,,,,,,,,,,,,,,,,,,,,,,,,,,,,,,,,,,,,,,,,
204490,"Province of Brindisi, Italy","Apulia, Italy",Italy,40.8404716,17.4700178,land,,2021-11-01,Marevivo,150,,150,228.00,0.00,0.00,1,,,,,,,,,,,,,,,,,,,,,,,,,,,,,,,,,,,,,,,,,,,,,,,,,,,,,,,,,,
204742,"Province of Matera, Italy","Basilicata, Italy",Italy,40.67758,16.57559,underwater,,2021-11-02,"Pillol Group",1,,1,428.72,0.00,0.00,,,,,,,,20,,100,,,,,,,,,,,,,,20,,,,,,,20,,,,,,,,,,,,,,,,,,,,,,,,,,,,215
205330,"Province of Agrigento, Italy","Sicily, Italy",Italy,37.5228308,13.0759243,land,,2021-11-06,"Marevivo e studenti scusa Mariano Rossi di Sciacca",48,,48,338.00,0.00,0.00,22,,,,,,,,,,,,,,,,,,,,,,,,,,,,,,,,,,,,,,,,,,,,,,,,,,,,,,,,,,
205517,"Province of Ascoli Piceno, Italy","Marche, Italy",Italy,42.89551,13.91445,land,,2021-11-07,ReefCheckItaliaSentina,17,,17,103.00,0.00,0.00,,38,,15,55,32,24,,67,26,,,3,,,33,8,47,,,,,7,,,,,22,4,,,,,,,13,,,,,,35,,,,,,,,,,,,,11,,,1143,1705
205518,"Province of Ancona, Italy","Marche, Italy",Italy,43.56456,13.59106,land,,2021-11-07,Reefcheck_2hands_2,3,,3,61.25,0.05,0.00,,5,,2,12,1,,6,16,5,,,7,,,4,11,,3,,,,7,,,,,16,8,,,,,,,,,,,,,5,,,,,,,,,,,,,,,,159,374
205607,"Province of Ascoli Piceno, Italy","Marche, Italy",Italy,42.9514354,13.880972,land,,2021-11-08,ReefCheckItaliaSentina1,5,,5,37.50,0.00,0.00,5,,,,,,,,,,,,,,,,,,,,,,,,,,,,,,,,,,,,,,,,,,,,,,,,,,,,,,,,,,
209000,"Metropolitan City of Cagliari, Italy","Sardinia, Italy",Italy,39.22561,9.20207,land,,2021-11-30,,1,,1,4.00,0.16,0.00,,,,4,,1,1,,,,,,,,1,1,,,,,,,2,,,,,,,,,,,,,,,,,,,1,,,,,,,,,,,,,,,,,12
210115,"Metropolitan City of Cagliari, Italy","Sardinia, Italy",Italy,39.1569021,9.3940247,land,,2021-12-03,,1,,1,45.00,0.00,0.00,3,,,,,,,,,,,,,,,,,,,,,,,,,,,,,,,,,,,,,,,,,,,,,,,,,,,,,,,,,,
211154,"Metropolitan City of Cagliari, Italy","Sardinia, Italy",Italy,39.1569021,9.3940247,land,,2021-12-03,,1,,1,45.00,0.00,0.00,3,,,,,,,,,,,,,,,,,,,,,,,,,,,,,,,,,,,,,,,,,,,,,,,,,,,,,,,,,,
212350,"Metropolitan City of Rome, Italy","Lazio, Italy",Italy,41.9555298,12.0493378,land,,2021-12-10,Marevivo,1,,1,121.00,0.00,0.00,5,,,,,,,,,,,,,,,,,,,,,,,,,,,,,,,,,,,,,,,,,,,,,,,,,,,,,,,,,,
212353,"Metropolitan City of Rome, Italy","Lazio, Italy",Italy,41.9555298,12.0493378,land,,2021-12-10,Marevivo,8,,8,136.00,0.00,0.00,11,,,,,,,,,,,,,,,,,,,,,,,,,,,,,,,,,,,,,,,,,,,,,,,,,,,,,,,,,,
212354,"Metropolitan City of Rome, Italy","Lazio, Italy",Italy,41.9555298,12.0493378,land,,2021-12-10,Marevivo,9,,9,125.00,0.00,0.00,11,,,,,,,,,,,,,,,,,,,,,,,,,,,,,,,,,,,,,,,,,,,,,,,,,,,,,,,,,,
212356,"Metropolitan City of Rome, Italy","Lazio, Italy",Italy,41.9555298,12.0493378,land,,2021-12-10,Marevivo,8,,8,77.00,0.00,0.00,6,,,,,,,,,,,,,,,,,,,,,,,,,,,,,,,,,,,,,,,,,,,,,,,,,,,,,,,,,,
212357,"Metropolitan City of Rome, Italy","Lazio, Italy",Italy,41.9555298,12.0493378,land,,2021-12-10,Marevivo,15,,15,85.00,0.00,0.00,7,,,,,,,,,,,,,,,,,,,,,,,,,,,,,,,,,,,,,,,,,,,,,,,,,,,,,,,,,,
212358,"Metropolitan City of Rome, Italy","Lazio, Italy",Italy,41.9555298,12.0493378,land,,2021-12-10,Marevivo,5,,5,121.00,0.00,0.00,11,,,,,,,,,,,,,,,,,,,,,,,,,,,,,,,,,,,,,,,,,,,,,,,,,,,,,,,,,,
212541,"Province of Ancona, Italy","Marche, Italy",Italy,43.61569,13.43465,land,,2021-12-12,ReefCheck-Pungitopo,6,,6,38.00,0.02,0.00,,3,,5,20,6,3,3,47,33,,,14,3,2,16,,11,2,,,,25,,,,,33,2,,,,,,,4,,,,,,4,,,,,,,,,,,,,3,,,357,1465
212810,"Metropolitan City of Rome, Italy","Lazio, Italy",Italy,41.7194507,12.3021035,land,,2021-12-16,"Marevivo e lni",40,,40,126.00,0.00,0.00,8,,,,,,,,,,,,,,,,,,,,,,,,,,,,,,,,,,,,,,,,,,,,,,,,,,,,,,,,,,
212843,"Province of Agrigento, Italy","Sicily, Italy",Italy,37.5228048,13.0757898,land,,2021-12-16,"Marevivo e studenti scuola Mariano Rossi di Sciacca",1,,1,"1,344.00",0.00,0.00,49,,,,,,,,,,,,,,,,,,,,,,,,,,,,,,,,,,,,,,,,,,,,,,,,,,,,,,,,,,
213144,"Metropolitan City of Rome, Italy",,Italy,41.9555298,12.0493378,land,,2021-12-21,Marevivo,9,,9,114.00,0.00,0.00,3,,,,,,,,,,,,,,,,,,,,,,,,,,,,,,,,,,,,,,,,,,,,,,,,,,,,,,,,,,
216327,"Metropolitan City of Cagliari, Italy","Sardinia, Italy",Italy,39.21455,9.12898,land,,2022-01-23,,1,,1,0.05,0.00,0.00,,,,,,,,,,,,,,,,,,,,,,,,,,,,,,,,,,,,,,,,,,5,,,,,,,,,,,,,,,,,5
216398,"Metropolitan City of Rome, Italy","Lazio, Italy",Italy,41.9555298,12.0493378,land,,2022-01-24,Marevivo,40,,40,105.00,0.00,0.00,10,,,,,,,,,,,,,,,,,,,,,,,,,,,,,,,,,,,,,,,,,,,,,,,,,,,,,,,,,,
217429,"Province of Agrigento, Italy","Sicily, Italy",Italy,37.5227907,13.0761753,land,,2022-01-30,"Marevivo Sicilia",40,,40,676.00,0.00,0.00,45,,,,,,,,,,,,,,,,,,,,,,,,,,,,,,,,,,,,,,,,,,,,,,,,,,,,,,,,,,
220355,"Province of Agrigento, Italy","Sicily, Italy",Italy,37.5225688,13.0755086,land,,2022-02-11,"Marevivo Sicilia e studenti Mariano rossi",45,,45,220.00,0.00,0.00,20,,,,,,,,,,,,,,,,,,,,,,,,,,,,,,,,,,,,,,,,,,,,,,,,,,,,,,,,,,
224798,"Province of Agrigento, Italy","Sicily, Italy",Italy,37.52299,13.076,land,,2022-02-10,"Marevivo Sicilia e studenti Mariano rossi",45,,45,71.43,0.00,0.00,,67,,21,157,81,,,75,,,,195,,,126,,47,,,,,,,,,,1,,,,,,,,,,,,,,4,,,,,,,,,,,,,16,,,1076,2166
224799,"Province of Agrigento, Italy","Sicily, Italy",Italy,37.52286,13.07607,land,,2022-02-21,"Marevivo Sicilia e studenti nautico Porto empedocle",40,,40,222.38,0.02,0.00,,43,,43,339,34,,1,63,21,,,,,84,34,,,2,,,,2,1,,,,,1,,,,,,,,,,,,,16,,,,,,,,,,,,,18,,,945,1761
224970,"Free municipal consortium of Agrigento, Italy","Sicily, Italy",Italy,37.52283,13.07536,land,,2022-02-24,"Marevivo Sicilia e studenti nautico Trapani",60,,60,162.86,0.18,0.00,,409,,30,347,96,,35,502,134,,,252,2,56,202,101,58,31,,,,28,5,,,,,8,,,,,,,,,,,,,2,,,,,,,,,,,,,76,,,551,3882
225418,"Metropolitan City of Messina, Italy","Sicily, Italy",Italy,38.22639,15.24325,land,,2022-03-03,"Marevivo Sicilia e studenti 5 A-B-E Mariano Rossi Sciacca",60,,60,10.40,0.00,0.00,,12,,,71,36,,,44,24,,,167,,,,,17,,,,,,,,,,,,,,,,,,,,,,,,1,,,,,,,,,,,,,,,,189,561
225419,"Free municipal consortium of Agrigento, Italy","Sicily, Italy",Italy,37.5085148,13.0816305,land,,2022-03-04,"Marevivo Sicilia e studenti 5 A-B-E Mariano Rossi Sciacca",60,,60,220.00,0.00,0.00,15,,,,,,,,,,,,,,,,,,,,,,,,,,,,,,,,,,,,,,,,,,,,,,,,,,,,,,,,,,
225420,"Metropolitan City of Messina, Italy","Sicily, Italy",Italy,38.2263631,15.2431751,land,,2022-03-04,"Marevivo Sicilia e studenti  Leonardo Da Vinci Milazzo",60,,60,257.00,0.00,0.00,19,,,,,,,,,,,,,,,,,,,,,,,,,,,,,,,,,,,,,,,,,,,,,,,,,,,,,,,,,,
225421,"Metropolitan City of Messina, Italy","Sicily, Italy",Italy,38.2263631,15.2431751,land,,2022-03-04,"Marevivo Sicilia e studenti  Leonardo Da Vinci Milazzo",60,,60,299.00,0.00,0.00,20,,,,,,,,,,,,,,,,,,,,,,,,,,,,,,,,,,,,,,,,,,,,,,,,,,,,,,,,,,
225677,"Metropolitan City of Messina, Italy","Sicily, Italy",Italy,38.213828927298,15.56282161862,land,,2022-03-07,"Marevivo Messina ""Nautici in blu 2022""",90,,90,440.92,0.06,0.00,,292,,53,50,46,,31,97,997,,,112,95,10,29,28,34,17,,,6,17,3,,,24,,,,,,,20,,,,,,,,10,10,,,2,22,517,76,,10,,15,,,60,78,124,2885
225908,"Metropolitan City of Cagliari, Italy","Sardinia, Italy",Italy,39.1723035,9.3749754,land,,2022-03-09,,1,,1,2.00,0.00,0.00,1,,,,,,,,,,,,,,,,,,,,,,,,,,,,,,,,,,,,,,,,,,,,,,,,,,,,,,,,,,
226091,"Metropolitan City of Cagliari, Italy","Sardinia, Italy",Italy,39.226252549873,9.2058554944485,land,,2021-09-19,"Clean Coast Sardinia - ICC event September 2021",43,19,62,"1,124.36",1.24,0.00,30,,13,22,54,16,,11,76,122,31,6,42,6,35,67,24,65,45,,,3,10,2,,,12,,2,,,,,,,,,,3,,,14,2,17,,1,17,5,,,31,,17,,4,,40,213,1028
226092,"Metropolitan City of Cagliari, Italy","Sardinia, Italy",Italy,39.228069334615,9.2169280115466,land,,2021-12-14,"Clean Coast Sardinia : cleanup as a part of a school project ( data collection for ICC)",33,,33,74.96,0.62,0.00,8,51,31,35,42,19,,26,46,113,14,8,47,23,32,101,14,30,22,,,,,,,,10,,5,,,,,,,,,,,,,,,,,,6,4,2,,12,,,,,33,36,74,836
227059,"Metropolitan City of Messina, Italy","Sicily, Italy",Italy,38.177299499512,15.202977180481,land,,2022-03-25,"The Physician",6,,6,22.50,0.00,0.00,3,,,,,,,,,,,,,,,,,,,,,,,,,,,,,,,,,,,,,,,,,,,,,,,,,,,,,,,,,,
227060,"Metropolitan City of Messina, Italy","Sicily, Italy",Italy,38.1774559021,15.203169822693,land,,2022-03-25,"Le guardiane della spiaggia",5,,5,30.00,0.00,0.00,2,,,,,,,,,,,,,,,,,,,,,,,,,,,,,,,,,,,,,,,,,,,,,,,,,,,,,,,,,,
227061,"Metropolitan City of Messina, Italy","Sicily, Italy",Italy,38.1775,15.20344,land,,2022-03-25,Giannetto,5,,5,11.11,0.00,0.00,,11,,1,26,1,,1,135,,,,,1,4,11,1,208,6,,,,2,,,,,,2,,,,,,,2,,,,,,1,,,,,,,,,,,,,5,,,415,836
227062,"Metropolitan City of Messina, Italy","Sicily, Italy",Italy,38.17746,15.20319,land,,2022-03-25,"I fantastici 4",5,,5,28.90,3.35,0.00,,16,,4,25,22,11,6,327,2,,,7,10,6,15,,43,,,,,14,,,,,,1,,1,,,,,5,,,,,,1,,,,,,,,,,,,,,,,342,894
227063,"Metropolitan City of Messina, Italy","Sicily, Italy",Italy,38.17742,15.20317,land,,2022-03-25,"Le guardiane della spiaggia",5,,5,35.02,0.00,0.00,,4,,,23,,2,1,315,,,,5,7,7,2,,8,1,,,,,1,,,,,2,,,,,,,,,,,,,1,,,,,,,,,,,,,5,,,532,1066
227064,"Metropolitan City of Messina, Italy","Sicily, Italy",Italy,38.17731,15.20335,land,,2022-03-25,"I pescatori",5,,5,16.00,0.00,0.00,2,,,,,,,,,,,,,,,,,,,,,,,,,,,,,,,,,,,,,,,,,,,,,,,,,,,,,,,,,,
227065,"Metropolitan City of Messina, Italy","Sicily, Italy",Italy,38.17731,15.20335,land,,2022-03-25,"I pescatori",1,,1,30.00,0.00,0.00,2,,,,,,,,,,,,,,,,,,,,,,,,,,,,,,,,,,,,,,,,,,,,,,,,,,,,,,,,,,
227066,"Metropolitan City of Messina, Italy","Sicily, Italy",Italy,38.17767,15.20339,land,,2022-03-25,"Dream Team",1,,1,58.67,0.36,0.00,,2,,80,14,6,,6,325,1,,,11,1,1,1,,128,2,,,,,,,,,,,,1,,,,,7,,,,,,10,,,,,,,,,,,,,,,,710,1342
227067,"Metropolitan City of Messina, Italy","Sicily, Italy",Italy,38.17756,15.20361,land,,2022-03-25,Giannetto,5,,5,86.93,0.02,0.00,,13,,10,30,10,33,8,76,7,,,12,16,2,2,15,26,,,,,5,3,,,,4,6,,8,,,,,6,,,,,,5,,,,,,,,,,,,,8,,,512,850
227317,"Metropolitan City of Rome, Italy","Lazio, Italy",Italy,41.9555298,12.0493378,land,,2022-03-27,Marevivo,55,,55,67.50,0.00,0.00,7,,,,,,,,,,,,,,,,,,,,,,,,,,,,,,,,,,,,,,,,,,,,,,,,,,,,,,,,,,
227799,"Metropolitan City of Rome, Italy","Lazio, Italy",Italy,41.9337322,12.102342,land,,2022-04-01,Marevivo,45,,45,103.00,0.00,0.00,,,,,,,,,,,,,,,,,,,,,,,,,,,,,,,,,,,,,,,,,,,,,,,,,,,,,,,,,,,
228050,"Province of Ancona, Italy","Marche, Italy",Italy,43.61462,13.43731,land,,2022-04-02,,1,,1,68.49,0.51,0.00,,5,,3,2,,,2,2,40,,,1,,1,3,1,1,,,,,3,3,,,,,,,,,,,,,,,,,,3,,,,,,,,,,,,,3,,,24,112
228053,"Province of Lucca, Italy","Tuscany, Italy",Italy,43.8468313,10.244877,land,,2022-04-05,"Pulizia della spiaggia di Viareggio (Lu)",150,,150,992.00,0.00,0.00,,,,,,,,,,,,,,,,,,,,,,,,,,,,,,,,,,,,,,,,,,,,,,,,,,,,,,,,,,,
228072,"Province of Ancona, Italy","Marche, Italy",Italy,43.60372543335,13.53764629364,land,,2022-04-05,1B,1,,1,15.00,0.00,0.00,1,,,,,,,,,,,,,,,,,,,,,,,,,,,,,,,,,,,,,,,,,,,,,,,,,,,,,,,,,,
228197,"Province of Ancona, Italy","Marche, Italy",Italy,43.61817,13.42859,land,,2022-04-07,,1,,1,5.00,0.04,0.00,,12,,2,11,,1,8,17,19,,,,,,,3,22,,,,,13,,,,,9,,,,,,,,5,,,,,,13,,,,,,,,,,,,,,,,31,183
228198,"Province of Ancona, Italy","Marche, Italy",Italy,43.6174854,13.4288035,land,,2022-04-07,"Reef check De Amicis 2C",1,,1,2.00,0.00,0.00,1,,,,,,,,,,,,,,,,,,,,,,,,,,,,,,,,,,,,,,,,,,,,,,,,,,,,,,,,,,
228258,"Province of Ancona, Italy","Marche, Italy",Italy,43.61778,13.42927,land,,2022-04-08,"1A De AMICIS Reef Check",16,,16,4.50,0.50,0.00,,,,1,1,,,,8,3,,,1,,1,10,,3,2,,,,6,,,,,5,1,,,,,,,,,,,,,3,,,,,,,,,,,,,,,,55,115
231452,"Metropolitan City of Cagliari, Italy","Sardinia, Italy",Italy,39.1730404,9.379701,land,,2022-05-12,,1,,1,7.50,0.00,0.00,1,,,,,,,,,,,,,,,,,,,,,,,,,,,,,,,,,,,,,,,,,,,,,,,,,,,,,,,,,,
232243,"Province of Pesaro and Urbino, Italy","Marche, Italy",Italy,43.8398164,13.0194201,land,,2022-05-24,Fanounimar,14,,14,184.86,0.00,0.00,,,2,1,3,,4,1,3,3,,,1,,,1,,,,25,,,2,,,6,,6,11,,,,,,,2,10,6,,,,1,,,,,,,,,,,,,,,,,88
232325,"Metropolitan City of Messina, Italy","Sicily, Italy",Italy,38.2682196,15.6506461,land,,2022-05-25,"Marevivo Messina",30,,30,255.00,0.00,0.00,17,,,,,,,,,,,,,,,,,,,,,,,,,,,,,,,,,,,,,,,,,,,,,,,,,,,,,,,,,,
233075,"Metropolitan City of Milan, Italy","Lombardy, Italy",Italy,45.4642035,9.189982,land,,2022-06-03,,1,,1,1.33,0.00,0.00,,,,1,3,1,1,1,1,1,1,1,1,,,,,,,,,,,,,,,,,,,,,,,,,,,,1,,,,,,,,,,,,,,,,,,13
233929,"Metropolitan City of Rome, Italy","Lazio, Italy",Italy,41.7311182,12.2862694,land,,2022-06-16,marevivo,100,,100,345.00,0.00,0.00,23,,,,,,,,,,,,,,,,,,,,,,,,,,,,,,,,,,,,,,,,,,,,,,,,,,,,,,,,,,
233931,"Metropolitan City of Rome, Italy","Lazio, Italy",Italy,41.9027835,12.4963655,land,,2022-06-16,marevivo,45,,45,150.00,0.00,0.00,10,,,,,,,,,,,,,,,,,,,,,,,,,,,,,,,,,,,,,,,,,,,,,,,,,,,,,,,,,,
233932,"Metropolitan City of Rome, Italy","Lazio, Italy",Italy,41.9027835,12.4963655,land,,2022-06-16,marevivo,45,,45,52.50,0.00,0.00,4,,,,,,,,,,,,,,,,,,,,,,,,,,,,,,,,,,,,,,,,,,,,,,,,,,,,,,,,,,
234214,"Metropolitan city of Catania, Italy","Sicily, Italy",Italy,37.5557219,15.1444802,land,,2022-06-21,,1,,1,15.00,0.00,0.00,2,,,,,,,,,,,,,,,,,,,,,,,,,,,,,,,,,,,,,,,,,,,,,,,,,,,,,,,,,,
234216,"Metropolitan city of Catania, Italy","Sicily, Italy",Italy,37.553564570891,15.147582346617,land,,2022-06-21,,1,,1,6.40,0.10,0.00,,3,4,3,6,7,6,2,4,16,7,17,8,,4,8,3,1,2,,2,,,,,,,,,,,,,1,3,,,,2,,,4,,1,3,,,,,,,,,,,,,,117
235121,"Metropolitan city of Catania, Italy","Sicily, Italy",Italy,37.553516565602,15.147551874692,land,,2022-07-04,,1,,1,43.65,0.00,0.00,,8,6,6,9,7,9,3,5,29,2,,32,4,,16,3,4,3,,2,,11,,,2,,,,3,2,1,,,12,,11,20,,,,2,,,4,,,,,,,,,,,,,,216
235619,"Metropolitan City of Milan, Italy","Lombardy, Italy",Italy,45.518677571517,9.3472505160342,land,,2022-07-14,,1,,1,2.00,0.00,0.00,1,,,,,,,,,,,,,,,,,,,,,,,,,,,,,,,,,,,,,,,,,,,,,,,,,,,,,,,,,,
235620,"Metropolitan City of Milan, Italy","Lombardy, Italy",Italy,45.518677571517,9.3472505160342,land,,2022-07-14,,2,,2,0.01,0.00,0.00,,,,,,,,,,,,,,,,,,,,,,,,,,,,,,,,,,,,,,,,,,,,,,,,,,,,,,,,,,,
235736,"Metropolitan city of Catania, Italy","Sicily, Italy",Italy,37.553558049696,15.14771974406,land,,2022-07-16,,1,,1,17.63,0.00,0.00,,1,2,6,9,7,4,2,6,38,,1,4,1,,7,,,,1,1,,1,,1,1,2,,,,,1,1,,6,1,,,,,1,1,,,,,,,,,,,,,,,,,106
236912,"Province of Verbano-Cusio-Ossola, Italy","Piedmont, Italy",Italy,45.8706086,8.414452,land,,2022-08-06,"Beltrami BioNet CleanUp",30,,30,40.00,0.00,0.00,8,,,,,,,,,,,,,,,,,,,,,,,,,,,,,,,,,,,,,,,,,,,,,,,,,,,,,,,,,,
236938,"Province of Ancona, Italy","Marche, Italy",Italy,43.677813333333,13.288046666667,land,,2022-08-07,"reef check italia",1,,1,151.12,0.00,0.00,,,,,,,,2,,,,,,,,,,,,21,3,,,,1,1,1,2,,,,,,,,,,,,2,,1,,,15,,,,,,,,,,,,,,49
237585,"Metropolitan City of Rome, Italy","Lazio, Italy",Italy,42.0111713,11.9673397,land,,2022-08-17,marevivo,8,,8,24.50,0.00,0.00,4,,,,,,,,,,,,,,,,,,,,,,,,,,,,,,,,,,,,,,,,,,,,,,,,,,,,,,,,,,
238340,"Metropolitan City of Rome, Italy","Lazio, Italy",Italy,42.0111713,11.9673397,land,,2022-08-31,marevivo,10,,10,60.00,0.00,0.00,5,,,,,,,,,,,,,,,,,,,,,,,,,,,,,,,,,,,,,,,,,,,,,,,,,,,,,,,,,,
239996,"Metropolitan City of Messina, Italy","Sicily, Italy",Italy,38.4936623,14.9272044,underwater,,2022-09-13,Welldone,1,,1,21.16,0.00,0.00,,,,,2,1,,,,,2,,,,,,,1,,3,,,,,,,,,,,,,,,,,,,,,,,,1,,,,,,,,,,,,,,,10
240144,"Province of Brescia, Italy","Lombardy, Italy",Italy,45.493537097609,10.608191015099,land,,2022-09-14,"Anthesis in Lake Garda",2,,2,39.76,0.00,0.00,,8,6,15,14,,39,14,20,177,18,1,9,6,1,19,2,9,14,2,6,,,,4,1,,1,,6,1,1,5,1,,,10,11,,,,9,,1,6,,,,,,,,,,,,,,437
240898,"Metropolitan City of Rome, Italy","Lazio, Italy",Italy,42.0111713,11.9673397,land,,2022-09-17,marevivo,10,,10,67.50,0.00,0.00,5,,,,,,,,,,,,,,,,,,,,,,,,,,,,,,,,,,,,,,,,,,,,,,,,,,,,,,,,,,
247599,"Province of Pesaro and Urbino, Italy","Marche, Italy",Italy,43.92282211,12.90135178,land,,2022-10-01,subtridente1,6,,6,469.86,0.06,0.00,,7,3,7,8,3,10,20,68,148,,,9,3,1,12,1,33,,64,11,,,,,,,2,2,,,,,,2,4,3,,,24,,4,2,,71,,,,,,,,,,,,,,522
247600,"Province of Pesaro and Urbino, Italy","Marche, Italy",Italy,43.923031553738,12.901183737957,land,,2022-10-01,subtridente2,16,,16,407.82,0.02,0.00,,1,3,11,9,3,17,11,35,97,,9,11,6,7,51,1,17,3,52,7,,7,,,10,,2,,1,,,,,7,,8,31,2,27,,1,1,,494,,,,,,,,,,,,,,942
247601,"Province of Pesaro and Urbino, Italy","Marche, Italy",Italy,43.92261829,12.90165217,land,,2022-10-01,"lega ambiente valter",7,,7,288.44,0.00,0.00,,,,,3,,,,8,2,,,,,,,2,,2,8,171,,6,,1,1,1,1,,,,,1,,1,1,9,,,,,1,,,286,,,,,,,,,,,,,,505
247602,"Province of Pesaro and Urbino, Italy","Marche, Italy",Italy,43.922588238493,12.901748903096,land,,2022-10-01,"sub tridente Mattia",7,,7,591.24,0.00,0.00,,,4,2,16,3,2,4,61,77,,,15,,,45,,5,,81,,,3,,,111,,2,,1,,,1,,2,3,,2,2,6,,,,,150,,,,,,,,,,,,,,598
247603,"Province of Pesaro and Urbino, Italy","Marche, Italy",Italy,43.92259967,12.90220446,land,,2022-10-01,"lega ambiente valter",1,,1,305.98,0.00,0.00,,2,1,,2,,,3,10,,,,3,1,,,1,1,,39,16,,,,,,,1,,,,,1,,,2,93,,,,,,,,15,,,,,,,,,,,,,,191
247604,"Province of Pesaro and Urbino, Italy","Marche, Italy",Italy,43.920851508275,12.901090262241,land,,2022-10-01,subtridente2,6,,6,2.00,0.13,0.00,,1,1,1,,,,,4,12,,1,,,,44,,,,,,,,,,,,,,,,,,,,,,1,,,,,,,159,,,,,,,,,,,,,,224
247605,"Province of Pesaro and Urbino, Italy","Marche, Italy",Italy,43.9224672,12.9013666,land,,2022-10-01,"sib yridente maurizio",8,,8,482.48,0.00,0.00,,3,12,4,12,,,3,4,58,2,5,,,,1,8,28,,51,42,,,3,4,1,6,1,2,,1,,1,2,2,,16,35,,3,1,3,1,,314,,,,,,,,,,,,,,629
247606,"Province of Pesaro and Urbino, Italy","Marche, Italy",Italy,43.922671392538,12.90167224612,land,,2022-10-01,subtridente2,1,,1,80.67,0.00,0.00,,1,1,,3,4,2,2,22,,,,,,,8,,3,,11,2,,,,,5,,,,,,,,,2,,,,,,,,,,217,,,,,,,,,,,,,,283
247613,"Province of Pesaro and Urbino, Italy","Marche, Italy",Italy,43.92255993,12.9011417,land,,2022-10-01,,1,,1,0.01,0.00,0.00,,,,,,,,,,,,,,,,,,,,,,,,,,,,,,,,,,,,,,,,,,,,,,,,,,,,,,,,,,,
247687,"Province of Pesaro and Urbino, Italy","Marche, Italy",Italy,43.85212905,13.00890004,land,,2022-10-01,"adriatic sea contracr",10,,10,119.05,0.31,0.00,,,,9,,9,,,45,44,,,54,,,175,1,28,,10,25,1,1,,,26,,,1,,,,,,11,11,49,183,,9,,7,,,500,,,,,,,,,,,,,,1199
247765,"Province of Pesaro and Urbino, Italy","Marche, Italy",Italy,43.87923,12.965158333333,land,,2022-10-03,"scuola Montessori",10,,10,141.24,0.12,0.00,,1,,,,,,,8,6,,,2,,,6,1,4,1,17,2,,6,,4,,,14,,1,,,,,1,2,8,3,,,1,1,,,50,,,,,,,,,,,,,,139
247766,"Province of Pesaro and Urbino, Italy","Marche, Italy",Italy,43.87920033,12.96505739,land,,2022-10-03,"scuola Montessori",10,,10,380.43,0.17,0.00,,6,,6,4,1,2,2,9,15,,,3,,,6,,1,1,50,1,,7,,,6,,4,3,,,,,3,2,4,31,1,,,,,,,111,,,,,,,,,,,,,,279
247768,"Province of Pesaro and Urbino, Italy","Marche, Italy",Italy,43.878775401972,12.965848334134,land,,2022-10-03,"scuola montessori. pamela",5,,5,323.62,0.25,0.00,,4,19,,1,,9,,6,,3,1,4,,,4,,1,,43,13,,1,,,4,2,6,1,1,3,,,1,3,2,,2,,1,,,,,16,,,,,,,,,,,,,,151
247769,"Province of Pesaro and Urbino, Italy","Marche, Italy",Italy,43.878401820548,12.966863382608,land,,2022-10-03,"scuola Montessori anna",10,,10,304.00,0.10,0.00,,,1,,,,1,,9,10,,,,1,,1,3,2,,41,13,,,,1,,,,,,,,,1,,,3,1,,,,,,,51,,,,,,,,,,,,,,139
247771,"Province of Pesaro and Urbino, Italy","Marche, Italy",Italy,43.877783333333,12.967891666667,land,,2022-10-03,"scuola Montessori",10,,10,7.50,0.00,0.00,1,,,,,,,,,,,,,,,,,,,,,,,,,,,,,,,,,,,,,,,,,,,,,,,,,,,,,,,,,,
247773,"Province of Pesaro and Urbino, Italy","Marche, Italy",Italy,43.87835617,12.96681537,land,,2022-10-03,"Scuola Montessori Alessandra",10,,10,13.23,0.19,0.00,,2,,,1,1,,,14,14,,,1,,,12,,8,1,33,,,,,,3,,5,2,1,,,,,,2,16,6,,,,,,,29,,,,,,,,,,,,,,151
247778,"Metropolitan City of Rome, Italy","Lazio, Italy",Italy,42.0111713,11.9673397,land,,2022-10-03,marevivo,18,,18,75.00,0.00,0.00,6,,,,,,,,,,,,,,,,,,,,,,,,,,,,,,,,,,,,,,,,,,,,,,,,,,,,,,,,,,
248298,"South Sardinia, Italy","Sardinia, Italy",Italy,39.2479971,8.3930675,land,,2022-10-10,marevivo,17,,17,870.00,0.00,0.00,58,,,,,,,,,,,,,,,,,,,,,,,,,,,,,,,,,,,,,,,,,,,,,,,,,,,,,,,,,,
248665,"Metropolitan City of Cagliari, Italy","Sardinia, Italy",Italy,38.946658333333,8.954345,land,,2022-10-14,Anna,1,,1,11.20,0.00,0.00,,,,,6,,1,,2,,2,,4,,,,2,,,1,,,1,,1,1,,,,,,,1,,,,3,1,,,,,,1,,,,,,,,,,,,,,,27
249264,"Metropolitan City of Rome, Italy","Lazio, Italy",Italy,42.0111713,11.9673397,land,,2022-10-21,marevivo,23,,23,90.00,0.00,0.00,7,,,,,,,,,,,,,,,,,,,,,,,,,,,,,,,,,,,,,,,,,,,,,,,,,,,,,,,,,,
249266,"Metropolitan City of Rome, Italy","Lazio, Italy",Italy,41.9597509,12.0523478,land,,2022-10-21,marevivo,38,,38,75.00,0.00,0.00,5,,,,,,,,,,,,,,,,,,,,,,,,,,,,,,,,,,,,,,,,,,,,,,,,,,,,,,,,,,
249304,"Province of Ancona, Italy","Marche, Italy",Italy,43.563969275512,13.589937130853,land,,2022-10-22,marevivo_portonovo,15,,15,116.01,0.00,0.00,,1,,,4,,,1,2,50,,,,,,3,2,,,16,,,,,,,,4,,,,,,,4,,26,3,,1,,,1,,4,,,,,,,,,,,,,,122
250759,"Metropolitan City of Rome, Italy","Lazio, Italy",Italy,42.0111713,11.9673397,land,,2022-11-02,marevivo,28,,28,79.00,0.00,0.00,9,,,,,,,,,,,,,,,,,,,,,,,,,,,,,,,,,,,,,,,,,,,,,,,,,,,,,,,,,,
251231,"Province of Sassari, Italy","Sardinia, Italy",Italy,41.238987,9.1880794,land,,2022-11-07,,1,,1,45.00,0.00,0.00,3,,,,,,,,,,,,,,,,,,,,,,,,,,,,,,,,,,,,,,,,,,,,,,,,,,,,,,,,,,
251232,"Province of Nuoro, Italy","Sardinia, Italy",Italy,39.9701691,9.661518,land,,2022-11-07,,1,,1,2.00,0.00,0.00,1,,,,,,,,,,,,,,,,,,,,,,,,,,,,,,,,,,,,,,,,,,,,,,,,,,,,,,,,,,
251889,"Province of Salerno, Italy","Campania, Italy",Italy,40.630098888977,14.483912719635,land,,2022-09-09,STGSB,1,,1,3.24,0.00,0.00,,1,6,,,2,1,,,2,,,,,,,,,,,,,1,,,,,,,1,,,,,,,,,,,,,,,,,,,,,,,,,,,,,14
252176,"Province of Verbano-Cusio-Ossola, Italy","Piedmont, Italy",Italy,45.881523333333,8.41233,land,,2022-11-18,,1,,1,"1,528.04",0.00,0.00,,2,1,1,6,12,,,,,,,,,,,,,,,,10,10,11,,,,,,,,,,,,,,,,,,,,,,,,,,,,,,,,,,,53
252444,"South Sardinia, Italy","Sardinia, Italy",Italy,39.2479971,8.3930675,land,,2022-11-22,marevivo,5,,5,62.00,0.00,0.00,9,,,,,,,,,,,,,,,,,,,,,,,,,,,,,,,,,,,,,,,,,,,,,,,,,,,,,,,,,,
252597,"Province of Verbano-Cusio-Ossola, Italy","Piedmont, Italy",Italy,45.870005,8.3894883333333,land,,2022-11-25,"pokemon 2.9",1,,1,0.01,0.00,0.00,,,,,,,,,,,,,,,,,,,,,,,,,,,,,,,,,,,,,,,,,,,,,,,,,,,,,,,,,,,
253064,"Metropolitan City of Genoa, Italy","Liguria, Italy",Italy,44.42723459832,8.7538450499454,land,,2022-06-08,"SeaBOS - Thai Union",15,,15,31.75,0.25,0.00,15,,10,10,20,25,,15,20,4000,,,15,,,100,,,10,2,,,,,,,,4,,,,,,,23,,,,,,,4,,,25,,,,,,,,,,,,,,4283
253466,"South Sardinia, Italy","Sardinia, Italy",Italy,38.9989276,8.4474304,land,,2022-12-05,marevivo,24,,24,"1,155.00",0.00,0.00,77,,,,,,,,,,,,,,,,,,,,,,,,,,,,,,,,,,,,,,,,,,,,,,,,,,,,,,,,,,
253467,"Metropolitan City of Rome, Italy","Lazio, Italy",Italy,42.0027727,11.9890236,land,,2022-12-05,marevivo,9,,9,180.00,0.00,0.00,12,,,,,,,,,,,,,,,,,,,,,,,,,,,,,,,,,,,,,,,,,,,,,,,,,,,,,,,,,,
254330,"Province of Verbano-Cusio-Ossola, Italy","Piedmont, Italy",Italy,45.879006199556,8.4102004379899,land,,2022-12-06,1D,7,,7,4.60,0.20,0.00,,,16,,,3,3,,,10,5,,1,,,30,4,7,2,,,,1,,,,,,,,,,1,,,,,,,,,,,,11,,,,,,,,,,,,,,94
254331,"Province of Verbano-Cusio-Ossola, Italy","Piedmont, Italy",Italy,45.878088333333,8.4119133333333,land,,2022-12-06,"super 1A",12,,12,3.81,0.00,0.00,,6,6,2,1,,2,3,5,38,2,,,1,,6,,,,,,,,,1,,,1,,,,,,,2,,6,10,,,,,,,17,,,,,,,,,,,,,,109
254333,"Province of Verbano-Cusio-Ossola, Italy","Piedmont, Italy",Italy,45.878244812189,8.4116077239153,land,,2022-12-06,"quelli della 1 BI",18,,18,14.78,0.01,0.00,,,,,7,2,,,,49,,,,4,,25,,2,,,,,5,,,,,1,,,,,,,,,,,,,,1,,,,,,,,,,,,,,,,,96
255739,"Metropolitan City of Rome, Italy","Lazio, Italy",Italy,41.9597509,12.0523478,land,,2022-12-18,marevivo,5,,5,17.00,0.00,0.00,3,,,,,,,,,,,,,,,,,,,,,,,,,,,,,,,,,,,,,,,,,,,,,,,,,,,,,,,,,,
255985,"Province of Pesaro and Urbino, Italy","Marche, Italy",Italy,43.8398164,13.0194201,land,,2022-12-22,"gruppo 1 (bello)",6,,6,145.31,0.06,0.00,,1,1,2,1,2,,8,9,90,2,,,,,1,,15,1,20,2,,,,1,,1,1,1,,,,,3,1,,2,4,,,,5,1,,56,,,,,,,,,,,,,,231
255986,"Province of Pesaro and Urbino, Italy","Marche, Italy",Italy,43.847258515912,13.024879646717,land,,2022-12-22,"gruppo 1",5,,5,6.61,0.12,0.00,,,6,,,,2,6,14,65,1,,1,,1,9,1,14,,18,,,1,,,4,,2,,2,,,2,,1,,5,23,1,,,,,,,,,,,,,,,,,,,,179
256619,"Free municipal consortium of Agrigento, Italy","Sicily, Italy",Italy,37.5049587,13.0547542,land,,2023-01-04,"Marevivo Sicilia",20,,20,694.35,0.00,0.00,45,,,,,,,,,,,,,,,,,,,,,,,,,,,,,,,,,,,,,,,,,,,,,,,,,,,,,,,,,,
257404,"Metropolitan City of Milan, Italy","Lombardy, Italy",Italy,45.484635313042,9.2171791847795,land,,2023-01-14,,1,,1,2.20,0.00,0.00,1,,,,,,,,,,,,,,,,,,,,,,,,,,,,,,,,,,,,,,,,,,,,,,,,,,,,,,,,,,
257614,"Free municipal consortium of Agrigento, Italy","Sicily, Italy",Italy,37.52296118,13.07579252,land,,2023-01-18,"Marevivo Sicilia e studenti Don Michele Arena",40,,40,579.81,0.06,0.00,,72,,74,,378,,,358,30,,,188,,,,,40,,13,,1,,10,,,,,,20,,2,,,50,2,47,3,4,296,1,,10,2,395,,,,,,,,,,,,,,1996
260143,"Free municipal consortium of Agrigento, Italy","Sicily, Italy",Italy,37.1712068,13.7241577,land,,2023-02-04,"Marevivo Sicilia e studenti liceo Odierna di Palma di Montechiaro",16,,16,108.01,0.00,0.00,7,,,,,,,,,,,,,,,,,,,,,,,,,,,,,,,,,,,,,,,,,,,,,,,,,,,,,,,,,,
264504,"Free municipal consortium of Agrigento, Italy","Sicily, Italy",Italy,37.2881801,13.5271724,land,,2023-02-14,"Marevivo Sicilia e studenti dell'istituto Nautico Gallo di Porto Empedocle",70,,70,0.01,0.00,0.00,,,,,,,,,,,,,,,,,,,,,,,,,,,,,,,,,,,,,,,,,,,,,,,,,,,,,,,,,,,
264505,"Free municipal consortium of Agrigento, Italy","Sicily, Italy",Italy,37.52291541,13.07596846,land,,2023-02-14,"Marevivo Sicilia e studenti dell'istituto Nautico Gallo di Porto Empedocle",70,,70,184.19,0.00,0.00,,25,,108,206,171,,,33,30,,,42,,5,100,,1,,11,,,,,,,6,,1,11,,,3,29,,,182,,,,,4,,,36,,,,,,,,,,,,,,1004
264506,"Free municipal consortium of Agrigento, Italy","Sicily, Italy",Italy,37.52291462,13.07584648,land,,2023-02-14,"Marevivo Sicilia e studenti dell'istituto Nautico Gioeni Trabia Palermo",150,,150,248.62,0.31,0.00,,,,271,332,53,,,455,69,,,355,,,57,,19,,10,,,,,,,23,,,,,,,,43,,,,,31,,,,,1481,,,,,,,,,,,,,,3199
265056,"Province of Verona, Italy","Veneto, Italy",Italy,45.394907455384,10.917694909707,land,,2023-02-23,kathy,1,,1,1.31,0.00,0.00,,1,,2,1,,3,,,,,,,2,,1,2,1,,,,,,,,,,,,,,,,,1,,,,,,,,,,,,,,,,,,,,,,,,14
265137,"Free municipal consortium of Trapani, Italy","Sicily, Italy",Italy,38.0164548,12.5066943,land,,2023-02-23,"Marevivo Sicilia e studenti dell'istituto Nautico Torre di Trapani",45,,45,231.45,0.00,0.00,15,,,,,,,,,,,,,,,,,,,,,,,,,,,,,,,,,,,,,,,,,,,,,,,,,,,,,,,,,,
265198,"Metropolitan City of Cagliari, Italy","Sardinia, Italy",Italy,39.248191613802,9.1175733448104,land,,2022-05-11,,1,,1,0.01,0.00,0.00,,,,,,,,,,,,,,,,,,,,,,,,,,,,,,,,,,,,,,,,,,,,,,,,,,,,,,,,,,,
265311,"Metropolitan City of Naples, Italy","Campania, Italy",Italy,40.562567141798,14.361330430114,underwater,,2022-05-23,"sailing andy",1,,1,0.01,5.19,0.00,,,,,,,,,,,,,,,,,,,,,,,,,,,,,,,,,,,,,,,,,,,,,,,,,,,,,,,,,,,
265406,"Metropolitan City of Milan, Italy","Lombardy, Italy",Italy,45.4642035,9.189982,land,,2022-06-03,,1,,1,0.01,0.00,0.00,,,,,,,,,,,,,,,,,,,,,,,,,,,,,,,,,,,,,,,,,,,,,,,,,,,,,,,,,,,
265958,"Province of Sassari, Italy","Sardinia, Italy",Italy,41.2152929,9.4088543,land,,2022-08-06,,1,,1,0.01,0.00,0.00,,,,,,,,,,,,,,,,,,,,,,,,,,,,,,,,,,,,,,,,,,,,,,,,,,,,,,,,,,,
266762,"Province of Brescia, Italy","Lombardy, Italy",Italy,45.493530380579,10.608324942332,land,,2022-09-14,"Anthesis in Lake Garda",2,,2,0.01,0.00,0.00,,,,,,,,,,,,,,,,,,,,,,,,,,,,,,,,,,,,,,,,,,,,,,,,,,,,,,,,,,,
268120,"Province of Cosenza, Italy","Calabria, Italy",Italy,39.1357969,16.0730192,land,,2022-09-19,Lalla,1,,1,0.53,0.00,0.00,,2,,1,,,2,,,,,,,,,,,,,,,,,,,,,,,,,,,,,,,,,,,,,,,,,,,,,,,,,,,,5
268607,"Province of Pesaro and Urbino, Italy","Marche, Italy",Italy,43.83430827409,13.030439531431,land,,2022-10-04,,1,,1,0.01,0.00,0.00,,,,,,,,,,,,,,,,,,,,,,,,,,,,,,,,,,,,,,,,,,,,,,,,,,,,,,,,,,,
269507,"Province of Verbano-Cusio-Ossola, Italy","Piedmont, Italy",Italy,45.876901666667,8.4106783333333,land,,2022-12-06,"pokemon 2.9",18,,18,0.01,0.00,0.00,,,,,,,,,,,,,,,,,,,,,,,,,,,,,,,,,,,,,,,,,,,,,,,,,,,,,,,,,,,
269575,"Metropolitan City of Rome Capital, Italy","Lazio, Italy",Italy,41.912886,12.47181151,land,,2022-12-14,,1,,1,0.22,0.00,0.00,,1,,,4,,,,,1,,,,,,,,,,,,,,,,,,,,,,,,,,,,,,,,,,,,,,,,,,,,,,,,,6
269698,"Province of Pesaro and Urbino, Italy","Marche, Italy",Italy,43.882560080439,12.773043183805,land,,2023-01-13,,1,,1,0.01,0.00,0.00,,,,,,,,,,,,,,,,,,,,,,,,,,,,,,,,,,,,,,,,,,,,,,,,,,,,,,,,,,,
269906,"Province of Lucca, Italy","Tuscany, Italy",Italy,43.836212,10.2503856,land,,2023-02-15,"Marevivo delegazione Toscana evento ""Nautici in Blu""",80,,80,0.01,0.00,0.00,,,,,,,,,,,,,,,,,,,,,,,,,,,,,,,,,,,,,,,,,,,,,,,,,,,,,,,,,,,
270393,"Free municipal consortium of Agrigento, Italy","Sicily, Italy",Italy,37.52273807,13.07545591,land,,2023-02-23,"Marevivo Sicilia e studenti dell'istituto Nautico Torre di Trapani",45,,45,0.01,0.00,0.00,,,,,,,,,,,,,,,,,,,,,,,,,,,,,,,,,,,,,,,,,,,,,,,,,,,,,,,,,,,
270982,"Metropolitan City of Messina, Italy","Sicily, Italy",Italy,38.1762838,15.2019691,land,,2023-03-08,"I.I.S. Medi  PCTO Blue Economy Mare Vivo 3FS GR 2",4,,4,0.01,0.00,0.00,,,,,,,,,,,,,,,,,,,,,,,,,,,,,,,,,,,,,,,,,,,,,,,,,,,,,,,,,,,
270983,"Metropolitan City of Messina, Italy","Sicily, Italy",Italy,38.177563418996,15.202961764765,land,,2023-03-08,"IIS Medi pcto Blue economy MARE VIVO 3DS Gr5",4,,4,35.74,0.03,0.00,,,2,,,,,,24,26,,,2,,4,3,,1,1,4,,,,,,7,,5,,,,,2,,,,42,3,2,35,,,,,344,,,,,,,,,,,,,,507
270984,"Metropolitan City of Messina, Italy","Sicily, Italy",Italy,38.1762838,15.2019691,land,,2023-03-08,"iismedi pcto blue economy marevivo 3FS gruppo 3",4,,4,3.65,0.00,0.00,,,,2,7,2,,3,58,,,,11,,6,4,,6,1,,,,,,2,4,1,2,,,,,,,,,2,2,,53,,3,1,,14,,,,,,,,,,,,,,184
270985,"Metropolitan City of Messina, Italy","Sicily, Italy",Italy,38.177374773006,15.203086243046,land,,2023-03-08,"GR3 IIS MEDI PCTO BLUE ECONOMY MARE VIVO",4,,4,57.32,0.00,0.00,,,1,2,9,10,,,27,52,,,6,,5,3,,5,,6,,1,4,12,1,3,2,,,42,,5,2,,4,,36,8,,13,1,11,,,174,,,,,,,,,,,,,,445
270986,"Metropolitan City of Messina, Italy","Sicily, Italy",Italy,38.177568638654,15.203025724028,land,,2023-03-08,"IIS MEDI pcto Blue Economy MAREVIVO 3DS Gr1",4,,4,56.45,0.00,0.00,,3,1,3,13,2,1,1,87,,1,6,13,6,6,20,,8,5,4,2,,,,,12,20,,,1,,,,6,3,,110,9,,86,,4,,,140,,,,,,,,,,,,,,573
270987,"Metropolitan City of Messina, Italy","Sicily, Italy",Italy,38.177590104787,15.203001508503,land,,2023-03-08,"IIS MEDI BARCELLONA PCTO BLU ECONOMY MAREVIVO 3D GR2",4,,4,15.34,0.00,0.00,,3,,,8,5,,,55,,,,10,,1,,,,,,,,,,,,,,,,,,,,,,118,,,65,,,,,30,,,,,,,,,,,,,,295
270988,"Metropolitan City of Messina, Italy","Sicily, Italy",Italy,38.219589195101,15.239678373069,land,,2023-03-08,Iismedipctoblueeconomarevivogr5,4,,4,215.42,7.01,0.00,,,,,11,8,6,,130,3,1,2,31,1,3,1,4,4,,,2,,3,10,,2,5,,,,,,1,,1,,3,,,33,,,1,1,255,,,,,,,,,,,,,,522
270989,"Metropolitan City of Messina, Italy","Sicily, Italy",Italy,38.177780499717,15.203874986633,land,,2023-03-08,"iis medi 3F gr1",5,,5,45.04,0.00,0.00,,,,,3,2,31,2,110,,,,,,,,46,14,1,,34,,,,,3,,,,,,,2,,1,,,,,71,,1,2,,34,,,,,,,,,,,,,,357
270990,"Metropolitan City of Messina, Italy","Sicily, Italy",Italy,38.178078333333,15.20408,land,,2023-03-08,"I.I.S. Medi  PCTO Blue Economy Mare Vivo 3FS GR 2",4,,4,105.42,0.00,0.00,,2,2,,5,,1,,113,,,,4,,2,,,8,,,,,,3,,,,,1,,,,2,,4,2,342,9,,80,,,3,,12,,,,,,,,,,,,,,595
271375,"Metropolitan City of Messina, Italy","Sicily, Italy",Italy,38.177424686382,15.203350466064,land,,2023-03-08,"its medi pcto blue economy marevivo 3fs gruppo 4",5,,5,157.93,1.68,0.00,,,1,,1,3,1,,40,,,,,,,2,1,,2,3,,1,1,,1,2,,,,2,,1,2,,1,1,15,9,,2,,,1,,18,,,,,,,,,,,,,,111
271775,"Province of Teramo, Italy","Abruzzo, Italy",Italy,42.586451666667,14.088023333333,land,,2023-03-16,"reef check italia",1,,1,0.16,0.06,0.00,,1,3,,,1,,1,1,2,,,,,,1,,1,,,,,,,,,,,,,,,,,,,,,,,,,,,,,,,,,,,,,,,,,11
271786,"Province of Teramo, Italy","Abruzzo, Italy",Italy,42.5850268,14.08942,land,,2023-03-16,,1,,1,308.60,0.00,0.00,,5,1,,2,,1,,3,,,1,,,,,,,,5,,2,5,,4,7,2,2,,4,,,2,,,,3,1,1,,,1,,,16,,,,,,,,,,,,,,68
271834,"Province of Teramo, Italy","Abruzzo, Italy",Italy,42.58672809,14.08845711,land,,2023-03-16,small,10,,10,3.86,0.56,0.00,,2,,10,,,,2,1,12,,,,2,,7,,,3,7,,,7,,,,,2,,2,,,2,,1,,28,5,,6,,,1,1,195,,,,,,,,,,,,,,296
271835,"Province of Teramo, Italy","Abruzzo, Italy",Italy,42.58653807,14.08805291,land,,2023-03-16,"reef check italia",1,,1,497.80,0.60,0.00,,2,25,2,14,6,1,1,21,6,,1,3,,,1,,5,,60,,,2,2,,15,,5,,15,,,6,,2,7,84,49,1,,,2,2,,30,,,,,,,,,,,,,,370
271840,"Province of Pesaro and Urbino, Italy","Marche, Italy",Italy,43.894736838434,12.895017671248,land,,2023-03-17,"liceo marconi 3F",5,,5,558.45,0.03,0.00,,1,2,2,9,,,,,,,,,,,,,,,,,3,19,6,,,1,1,,1,,,,1,5,2,2,,,2,,2,,1,62,,,,,,,,,,,,,,122
271842,"Province of Pesaro and Urbino, Italy","Marche, Italy",Italy,43.894708855078,12.895200876519,land,,2023-03-17,prova1,5,,5,0.01,0.00,0.00,,,,,,,,,,,,,,,,,,,,,,,,,,,,,,,,,,,,,,,,,,,,,,,,,,,,,,,,,,,
271843,"Province of Pesaro and Urbino, Italy","Marche, Italy",Italy,43.9512607,12.8208579,land,,2023-03-17,"liceo marconi classe",5,,5,0.00,0.00,0.00,,1,,,,,,,,,,,,,,,,,,,,,,,,,,,,,,,,,,,,,,,,2,,,100,,,,,,,,,,,,,,103
271844,"Province of Pesaro and Urbino, Italy","Marche, Italy",Italy,43.894736029721,12.895015075987,land,,2023-03-17,"liceo marconi 3?",5,,5,2.34,0.01,0.00,,1,,,1,,,,,1,,,,,,,,,,,,,,,,1,,,,,,,,,,1,,,,,3,,1,,,,,,,,,,,,,,,,9
271845,"Province of Pesaro and Urbino, Italy","Marche, Italy",Italy,43.9512607,12.8208579,land,,2023-03-17,PY,5,,5,0.15,0.00,0.00,,,,,,,,,,25,,,,,,,,,,,,,,,,,,,,,,,,,,,,,,,,,,,,,,,,,,,,,,,,,25
271846,"Province of Pesaro and Urbino, Italy","Marche, Italy",Italy,43.895110506855,12.895087524507,land,,2023-03-17,"liceo marconi 2O",5,,5,"5,690.69",0.03,0.00,,14,3,3,3,2,3,4,94,3,1,14,,4,2,1,5,6,4,7,9,41,1,1,,,,,6,6,1,9,5,2,1,4,7,2,3128,656,1,3,2,1423,18,,,,,,,,,,,,,,5499
271847,"Province of Pesaro and Urbino, Italy","Marche, Italy",Italy,43.894658587563,12.895068994475,land,,2023-03-17,"liceo marconi 3I",5,,5,0.11,0.00,0.00,,7,,,,,,,,,,,,,,,,,,,,,,,,,,,,,,,,,,,,,,,,,,,,,,,,,,,,,,,,,7
271848,"Province of Pesaro and Urbino, Italy","Marche, Italy",Italy,43.895066816093,12.895267837552,land,,2023-03-17,"liceo Marconi 3f",5,,5,0.08,0.31,0.00,,5,,,,,,,,,,,,,,,,,,,,,,,,,,,,,,,,,,,,,,,,,,,51,,,,,,,,,,,,,,56
271849,"Province of Pesaro and Urbino, Italy","Marche, Italy",Italy,43.9512607,12.8208579,land,,2023-03-17,"liceo marconi",5,,5,0.01,0.00,0.00,,,,,,,,,,1,,,,,,,,,,,,,,,,,,,,,,,,,,,,,,1,,,,,,,,,,,,,,,,,,,2
271850,"Province of Pesaro and Urbino, Italy","Marche, Italy",Italy,43.894756666667,12.89444,land,,2023-03-17,"liceo scientifico marconi 3f",5,,5,0.18,0.00,0.00,,,,,,5,,,,,,,,,,,,,,,,,,,,,,,,,,,,,,,,,,,,,,,,,,,,,,,,,,,,,5
271851,"Province of Pesaro and Urbino, Italy","Marche, Italy",Italy,43.9512607,12.8208579,land,,2023-03-17,"liceo Marconi 3f",5,,5,0.03,0.00,0.00,,1,,,,,,,,,,,,,,,,,,,,,,,,,,,,,,,,,,,,,,,,,,,1001,,,,,,,,,,,,,,1002
271853,"Province of Pesaro and Urbino, Italy","Marche, Italy",Italy,43.9514095,12.8215794,land,,2023-03-17,"Liceo G.Masconi 2c",5,,5,0.10,0.00,0.00,,,,,2,,,,,,,,,,,,,,,,,,,,,,,,,,,,,,,,,,,,,,,,,,,,,,,,,,,,,,2
271854,"Province of Pesaro and Urbino, Italy","Marche, Italy",Italy,43.9512607,12.8208579,land,,2023-03-17,"Liceo Marconi 3F",5,,5,1.68,0.00,0.00,,,,,,,,,,,,,,,,,,,,,,,,,,,,,,,,,,,,,,,,,3,,,,,,,,,,,,,,,,,,3
271855,"Province of Pesaro and Urbino, Italy","Marche, Italy",Italy,43.89456,12.89476,land,,2023-03-17,"liceo marconi 4cd",1,,1,0.63,0.00,0.00,,,,1,,,1,,,,,,,,,,,,,,,,,,,,,,,,,,,,,,,,1,,,,,,,,,,,,,,,,,,,,3
271856,"Province of Pesaro and Urbino, Italy","Marche, Italy",Italy,43.9512607,12.8208579,land,,2023-03-17,"g marconi 2E",5,,5,"100,000.00",0.00,0.00,,2,,,,,,,,,1,2,1,,,,,,,,,999,,,,,,,,,,,,,,,,,,,,,1,1,4,,,,,,,,,,,,,,1011
271857,"Province of Pesaro and Urbino, Italy","Marche, Italy",Italy,43.89466884,12.89495778,land,,2023-03-17,"liceo marconi",1,,1,0.03,0.00,0.00,,1,,,,,1,,,,,,,,,,,,,,,,,,,,,,,,,,,,,,,,,,,,,,,,,,,,,,,,,,,,2
271858,"Province of Pesaro and Urbino, Italy","Marche, Italy",Italy,43.9512607,12.8208579,land,,2023-03-17,ramo,5,,5,0.01,0.00,0.00,,,,,,,,,,,,,,,,,,,,,,,,,,,,,,,,,,,,,,,,,,,,,,,,,,,,,,,,,,,
272300,"Province of Teramo, Italy","Abruzzo, Italy",Italy,42.58654165,14.08831587,land,,2023-03-16,,20,,20,0.01,0.00,0.00,,,,,,,,,,,,,,,,,,,,,,,,,,,,,,,,,,,,,,,,,,,,,,,,,,,,,,,,,,,
272301,"Province of Teramo, Italy","Abruzzo, Italy",Italy,42.5869862679,14.087947126268,land,,2023-03-16,,6,,6,0.01,0.90,0.00,,,,,,,,,,,,,,,,,,,,,,,,,,,,,,,,,,,,,,,,,,,,,,,,,,,,,,,,,,,
272410,"Province of Pesaro and Urbino, Italy","Marche, Italy",Italy,43.89478229,12.89494767,land,,2023-03-17,LSM,5,,5,1.76,0.00,0.00,,,,,,,,,,,,,,,,,,,,,,,,,,,,,,,,,,,,,,,16,,,,,1,,,,,,,,,,,,,,,17
272413,"Metropolitan City of Palermo, Italy","Sicily, Italy",Italy,38.141039709183,13.344312208614,land,,2023-03-17,Spiaggia,1,,1,0.01,0.00,0.00,,,,,,,,,,,,,,,,,,,,,,,,,,,,,,,,,,,,,,,,,,,,,,,,,,,,,,,,,,,
272608,"Province of Pesaro and Urbino, Italy","Marche, Italy",Italy,43.92282632543,12.901069623797,land,,2023-03-24,"liceo scientifico marconi",5,,5,32.99,0.01,0.00,,15,6,,3,,3,,,3,3,,2,,4,18,,2,,,,,11,,,5,,2,,,,1,,,1,,4,7,1,,,,,1,33,,,,,,,,,,,,,,125
272609,"Province of Pesaro and Urbino, Italy","Marche, Italy",Italy,43.922816016711,12.901208270341,land,,2023-03-24,"liceo scientifico trainer",4,,4,0.01,0.00,0.00,,,,,,,,,,,,,,,,,,,,,,,,,,,,,,,,,,,,,,,,,,,,,,,,,,,,,,,,,,,
272610,"Province of Pesaro and Urbino, Italy","Marche, Italy",Italy,43.9225448,12.9013626,land,,2023-03-24,"liceo marconi",4,,4,11.32,0.06,0.00,,,13,,,,2,,1,,,,,,,5,,,,1,,,1,,,4,,,,,,,,,,,,6,,,,,,,18,,,,,,,,,,,,,,51
272612,"Province of Pesaro and Urbino, Italy","Marche, Italy",Italy,43.923116120792,12.900419507542,land,,2023-03-24,"liceo marconi",3,,3,31.64,0.00,0.00,,6,6,,,,,,,,,,,,,2,,,,4,,,1,,,4,,,,1,,,,,,,,,,,,1,,,,,,,,,,,,,,,,,25
272613,"Province of Pesaro and Urbino, Italy","Marche, Italy",Italy,43.92308283,12.90051128,land,,2023-03-24,"liceo marconi",3,,3,0.39,0.00,0.00,,,5,,,,3,,,1,,,,,,,,,,,,,,,,,,,,,,,,,,,2,,,,,,,,43,,,,,,,,,,,,,,54
272881,"Metropolitan City of Naples, Italy","Campania, Italy",Italy,40.6376856,14.3998173,land,,2023-03-26,"Marevivo Sorrento e Piranha",8,,8,33.08,0.00,0.00,5,,,,,,,,,,,,,,,,,,,,,,,,,,,,,,,,,,,,,,,,,,,,,,,,,,,,,,,,,,
272990,"Province of Pesaro and Urbino, Italy","Marche, Italy",Italy,43.922813333333,12.901091666667,land,,2023-03-24,"liceo Marconi 3f",1,,1,61.10,0.04,0.00,,,13,,3,,,,8,,,,,,,5,1,3,,6,1,,4,,,46,1,1,,,,,,,4,,6,11,,,,1,,,126,,,,,,,,,,,,,,240
272991,"Province of Pesaro and Urbino, Italy","Marche, Italy",Italy,43.9124756,12.9155494,land,,2023-03-24,"liceo Marconi",3,,3,0.01,0.00,0.00,,,,,,,,,,,,,,,,,,,,,,,,,,,,,,,,,,,,,,,,,,,,,,,,,,,,,,,,,,,
273411,"Metropolitan City of Messina, Italy","Sicily, Italy",Italy,38.1937335,15.5542057,land,,2023-04-03,"Marevivo Sicilia e studenti dell'istituto Nautico Caio Duilio Messina",65,,65,903.89,0.00,0.00,35,,,,,,,,,,,,,,,,,,,,,,,,,,,,,,,,,,,,,,,,,,,,,,,,,,,,,,,,,,
274151,"Free municipal consortium of Agrigento, Italy","Sicily, Italy",Italy,37.5228741,13.07586681,land,,2023-04-14,"Marevivo Sicilia e studenti della scuola di Linosa",15,,15,4.27,0.06,0.00,,,,,50,2,,,101,,,,,4,,,,9,,,,,,,,,4,,,,,,,,,,,,,,,,2,3,31,,,,,,,,,,,,,,206
274163,"Free municipal consortium of Agrigento, Italy","Sicily, Italy",Italy,37.4077554,13.2686559,land,,2023-04-14,"Marevivo Sicilia e studenti del Liceo Martin Luther King di Favara",46,,46,440.90,0.00,0.00,40,,,,,,,,,,,,,,,,,,,,,,,,,,,,,,,,,,,,,,,,,,,,,,,,,,,,,,,,,,
274164,"Free municipal consortium of Agrigento, Italy","Sicily, Italy",Italy,37.4077554,13.2686559,land,,2023-04-14,"Marevivo Sicilia e studenti del Liceo Martin Luther King di Favara",46,,46,617.20,0.00,0.00,40,,,,,,,,,,,,,,,,,,,,,,,,,,,,,,,,,,,,,,,,,,,,,,,,,,,,,,,,,,
274753,"Province of Pesaro and Urbino, Italy","Marche, Italy",Italy,43.950711661018,12.828646888956,land,,2023-04-20,"liceo scientifico marconi Alessandro Geminiani",11,,11,870.88,0.06,0.00,,4,13,1,1,2,1,1,24,10,,,2,,1,3,,18,,121,9,,,,3,1,4,1,,,,1,,,3,,68,12,,1,,15,,,237,,,,,,,,,,,,,,557
274754,"Province of Pesaro and Urbino, Italy","Marche, Italy",Italy,43.95097276,12.82874018,land,,2023-04-20,"liceo marconi  enrico battaglia",11,,11,"1,418.48",0.06,0.00,,3,7,,1,,6,,30,3,,1,4,2,,,1,9,2,174,150,,1,,,,,2,,,,,3,3,5,2,42,12,,,,4,1,,181,,,,,,,,,,,,,,649
274756,"Province of Pesaro and Urbino, Italy","Marche, Italy",Italy,43.951017603893,12.828422715004,land,,2023-04-20,"liceo marconi (leonardo)",11,,11,924.35,0.00,0.00,,2,5,1,11,,2,,21,,5,1,3,,7,9,2,3,1,115,2,,13,3,3,47,6,6,,1,3,4,7,1,6,2,65,8,,1,,14,3,,127,,,,,,,,,,,,,,510
274757,"Province of Pesaro and Urbino, Italy","Marche, Italy",Italy,43.951115,12.828376666667,land,,2023-04-20,"liceo Marconi",11,,11,630.15,0.03,0.00,,1,3,,2,,,3,6,2,1,,1,,,1,2,,,85,6,,6,,,3,9,1,,,,,,,3,,45,20,,,,45,3,,183,,,,,,,,,,,,,,431
274761,"Province of Pesaro and Urbino, Italy","Marche, Italy",Italy,43.950856666667,12.829373333333,land,,2023-04-20,Raccoglitori,9,,9,23.21,0.07,0.00,,,,,2,,,2,9,,,,,,,3,,,,3,,,,,,2,,,,,,,,,1,,9,5,,,,,,,55,,,,,,,,,,,,,,91
274764,"Province of Pesaro and Urbino, Italy","Marche, Italy",Italy,43.930735557849,12.879385111354,land,,2023-04-20,"liceo marconi",10,,10,62.51,2.95,0.00,,,2,,1,,,1,4,3,,1,1,,,1,1,4,,7,,,4,,,14,3,1,,,2,,1,,1,,,1,,,,1,,,161,,,,,,,,,,,,,,215
278937,"Province of Pesaro and Urbino, Italy","Marche, Italy",Italy,43.950711661018,12.828646888956,land,,2023-04-20,"liceo scientifico marconi Alessandro Geminiani",11,,11,580.75,0.00,0.00,,,,,,,,,,5,,,,,,,,12,,81,1,,,,,,,,,,,,,,,,34,9,,,,,,,119,,,,,,,,,,,,,,261
278939,"Province of Pesaro and Urbino, Italy","Marche, Italy",Italy,43.951071792616,12.828562628099,land,,2023-04-20,"liceo scientifico marconi",10,,10,77.41,0.01,0.00,,,,2,1,,,,10,1,,,1,3,3,1,1,,,8,,,6,,,6,,9,,,,,3,1,2,,10,4,,,,,,,18,,,,,,,,,,,,,,90
279342,"Free municipal consortium of Trapani, Italy","Sicily, Italy",Italy,37.66281729,12.55986771,land,,2023-04-27,"mr pulito",5,,5,15.45,0.00,0.00,,,,,2,1,2,1,1,1,,,,,3,,,,,2,,,,,,,,,,1,,,,,,,4,2,,,,1,,,1,,,,,,,,,,,,,,22
279343,"Free municipal consortium of Trapani, Italy","Sicily, Italy",Italy,37.662833333333,12.560163333333,land,,2023-04-27,"i.c. borsellino ajello e cnr irbin",36,,36,115.21,0.00,0.00,,4,,,20,6,1,1,6,7,,1,1,1,5,2,1,5,5,7,1,,20,,,,4,,,6,,,,4,9,,26,20,,,,9,1,,29,,,,,,,,,,,,,,202
279344,"Free municipal consortium of Trapani, Italy","Sicily, Italy",Italy,37.66058099,12.57204655,land,,2023-04-27,"mr pulito",5,,5,18.22,0.25,0.00,,,,,2,1,1,1,2,1,,,,,,1,,,,1,,,4,,,,,1,,1,,,,,,,,,,,,,,,2,,,,,,,,,,,,,,18
279436,"Metropolitan City of Rome Capital, Italy","Lazio, Italy",Italy,41.927765365624,12.122479451873,land,saltwater,2023-04-27,AMEX-Rome,45,,45,145.24,1.24,0.00,,,,,,,,,,,,,,,,,,,,,,,,,,,,,,,,,,,,,,,,,,,,,,,,,,,,,,,,,,,
279481,"Province of Pesaro and Urbino, Italy","Marche, Italy",Italy,43.873919610942,12.796786237467,land,,2023-04-25,"liceo marconi",1,,1,0.01,0.00,0.00,,,,,,,,,,,,,,,,,,,,,,,,,,,,,,,,,,,,,,,,,,,,,,,,,,,,,,,,,,,
279650,"Metropolitan City of Rome Capital, Italy","Lazio, Italy",Italy,41.8999348,12.470888,land,,2023-05-02,"Hotel Posta Vecchia Palo Laziale",45,,45,60.00,0.00,0.00,14,,,,,,,,,,,,,,,,,,,,,,,,,,,,,,,,,,,,,,,,,,,,,,,,,,,,,,,,,,
279819,"Province of Pesaro and Urbino, Italy","Marche, Italy",Italy,43.951193272217,12.828534447915,land,saltwater,2023-04-29,"Liceo scientifico Marconi 3G, 3B",12,,12,0.00,0.31,0.00,1,1,,1,,,,2,10,,,,1,,1,,,,,57,172,,1,,,,,1,,3,,,2,,,,70,11,,,,,,,8,,,,,,,,,,,,,,341
279822,"Province of Pesaro and Urbino, Italy","Marche, Italy",Italy,43.95101781301,12.828538989275,land,saltwater,2023-04-29,"Liceo Marconi 3C",12,,12,0.00,0.31,0.00,2,,,1,,,,,12,5,,,,,,,,,,118,73,,4,,,,,6,,1,,,1,,1,4,52,42,,,,,,,201,,,,,,,,,,,,,,521
279823,"Province of Pesaro and Urbino, Italy","Marche, Italy",Italy,43.951121661379,12.828712796386,land,saltwater,2023-04-29,"liceo marconi 3B",12,1,13,0.00,0.62,0.26,,,,2,1,,,8,16,,,,,,1,,,,,101,29,,18,1,,642,,,,3,,,1,,2,,73,,,,,1,,,131,,,,,,,,,,,,,,1030
279824,"Province of Pesaro and Urbino, Italy","Marche, Italy",Italy,43.95116302483,12.828466033157,land,saltwater,2023-04-29,"Liceo scientifico Marconi 3C",12,,12,0.00,0.31,0.00,1,,,1,,,,,20,,,,,,,,,2,,,178,,,1,,,,,,,,,,,,1,20,1,,,,2,,,54,,,,,,,,,,,,,,280
279825,"Province of Pesaro and Urbino, Italy","Marche, Italy",Italy,43.950922119896,12.829402808658,land,saltwater,2023-04-29,,12,,12,0.00,0.47,0.00,2,,,,,,,,11,,,,34,,,,,,,147,53,,9,,,,3,,,8,,,4,6,11,,3,16,,,,8,,,111,,,,,,,,,,,,,,424
279826,"Province of Pesaro and Urbino, Italy","Marche, Italy",Italy,43.950922119896,12.829402808658,land,saltwater,2023-05-05,,1,,1,0.00,0.00,0.00,,,,,3,,,,,,,,1,,,,,,1,43,18,,,2,,,,,4,,,,1,,1,1,31,,,,,4,,,26,,,,,,,,,,,,,,136
279894,"South Sardinia, Italy","Sardinia, Italy",Italy,39.268533333333,8.4246816666667,land,,2023-05-06,A&V,2,,2,6.60,0.00,0.00,,,,,1,,,,22,,3,,10,,5,2,,3,,,,,,,,,13,,,2,,,,,3,,15,,,,,,,1,21,,,,,,,,,,,,,,101
280338,"Metropolitan City of Rome Capital, Italy","Lazio, Italy",Italy,41.958019948544,12.0729225536,land,,2023-03-05,marevivo,1,,1,60.00,0.00,0.00,8,,,,,,,,,,,,,,,,,,,,,,,,,,,,,,,,,,,,,,,,,,,,,,,,,,,,,,,,,,
280412,"Free municipal consortium of Trapani, Italy","Sicily, Italy",Italy,37.6378,12.611681666667,land,,2023-05-11,"i.C.Pirandello ,IRBIM CNR",40,,40,394.34,0.00,0.00,,14,19,13,4,1,5,14,83,72,,,,20,2,13,6,28,13,19,109,,33,,5,1,4,,,23,,,5,15,11,,,94,1,2,1,41,4,4,88,,,,,,,,,,,,,,767
280413,"Metropolitan City of Rome Capital, Italy","Lazio, Italy",Italy,41.734175667923,12.272999636166,land,,2023-05-11,gamberetti,1,,1,6.01,0.00,0.00,,5,7,,5,2,,11,20,12,5,10,,,,7,2,,4,,,,,,8,,3,,4,2,,2,,,2,3,7,5,,,,,,,,,,,,,,,,,,,,,126
280780,"Province of Pesaro and Urbino, Italy","Marche, Italy",Italy,43.757884268135,12.914860310331,land,,2023-05-15,"scuola Decio Raggi, classe 4",10,,10,153.17,0.00,0.00,,,1,2,,,,1,4,,,1,,,1,7,1,4,,18,8,,4,,,1,1,5,,2,,,,1,,,15,15,,,,2,,,13,,,,,,,,,,3,,,,110
280781,"Province of Pesaro and Urbino, Italy","Marche, Italy",Italy,43.757884268135,12.914860310331,land,,2023-05-15,"scuola Decio Raggi cl quarta",5,,5,133.37,0.00,0.00,,1,,1,4,,,5,5,6,1,,,,,,,,1,17,,,3,,,3,15,,,1,,,,3,2,,3,4,,,,1,,,20,,,,,,,,,,,,,,96
280782,"Province of Pesaro and Urbino, Italy","Marche, Italy",Italy,43.757884268135,12.914860310331,land,,2023-05-15,"scuola Decio Raggi, classe 4",5,,5,384.16,0.00,0.00,,1,,,1,,1,2,13,3,,,,,,2,3,5,1,50,7,,5,,,3,2,4,,,,,,1,,,82,8,,,,,,,,,,,,,,,,,,,,,194
280783,"Province of Pesaro and Urbino, Italy","Marche, Italy",Italy,43.757884268135,12.914860310331,land,,2023-05-15,"scuola Decio Raggi cl quarta",5,,5,177.08,0.00,0.00,,,1,,1,1,,1,14,5,,,,,1,,,1,,21,1,,5,,,2,6,,,,,,1,,,,49,46,,,1,21,,,8,,,,,,,,,,,,,,186
280919,"Province of Pesaro and Urbino, Italy","Marche, Italy",Italy,43.831149778517,13.051657697526,land,,2023-05-17,Ferr,3,,3,100.70,0.31,0.00,,,1,,2,,,4,9,,,,,,,,1,5,,13,2,,2,,,2,1,2,,,1,,,,2,1,2,3,,,,,,,1,,,,,,,,,,,,,,54
281058,"Province of Pesaro and Urbino, Italy","Marche, Italy",Italy,43.82535783,13.00391497,land,,2023-05-15,"scuola Decio Raggi cl quarta",1,,1,0.01,0.00,0.00,,,,,,,,,,,,,,,,,,,,,,,,,,,,,,,,,,,,,,,,,,,,,,,,,,,,,,,,,,,
281273,"Province of Pesaro and Urbino, Italy","Marche, Italy",Italy,43.794201811871,13.103539478426,land,,2023-05-21,paf2a2,5,,5,94.12,0.04,0.00,,2,1,,4,,,1,4,1,,,,,,7,,75,,6,,,1,2,1,,,,,1,3,,1,,1,16,,,,,,,,,45,,,,,,,,,,,,,,172
281274,"Province of Pesaro and Urbino, Italy","Marche, Italy",Italy,43.793763987648,13.103387758162,land,,2023-05-21,paf2a2,5,,5,0.01,0.00,0.00,,,,,,,1,,,,,,,,,,,,,,,,,,,,,,,,,,,,,,,,,,,,,,3,,,,,,,,,,,,,,4
281438,"Free municipal consortium of Agrigento, Italy","Sicily, Italy",Italy,37.4077554,13.2686559,land,,2023-04-30,"Marevivo Sicilia e studenti del Liceo Foscolo di Canicattì",54,,54,617.20,0.00,0.00,40,,,,,,,,,,,,,,,,,,,,,,,,,,,,,,,,,,,,,,,,,,,,,,,,,,,,,,,,,,
281439,"Free municipal consortium of Agrigento, Italy","Sicily, Italy",Italy,37.4077554,13.2686559,land,,2023-05-23,"Marevivo Sicilia e studenti del Liceo Crispi di Ribera",52,,52,509.19,0.00,0.00,33,,,,,,,,,,,,,,,,,,,,,,,,,,,,,,,,,,,,,,,,,,,,,,,,,,,,,,,,,,
281672,"Province of Teramo, Italy","Abruzzo, Italy",Italy,42.8270607,13.9293014,land,,2023-05-26,,1,,1,0.00,0.00,0.00,4002,,,,,,,,,,,,,,,,,,,,,,,,,,,,,,,,,,,,,,,,,,,,,,,,,,,,,,,,,,
282299,"Province of Lucca, Italy","Tuscany, Italy",Italy,43.838950896134,10.518735171399,land,,2023-05-28,Lucca,1,,1,0.01,0.02,0.00,,,,,,,,,,,,,,,,,,,,,,,,,,,,,,,,,,,,,,,,,,,,,,,,,,,,,,,,,,,
282430,"Province of Pesaro and Urbino, Italy","Marche, Italy",Italy,43.85497961467,13.004237266815,land,,2023-06-03,legambiente,2,,2,41.10,0.07,0.00,,1,3,,1,,2,,4,23,1,,,,,6,,2,,5,,,,,,,,1,,,,,2,,,,15,20,2,,,,,,41,,,,,,,,,,,,,,129
283304,"Province of Ancona, Italy","Marche, Italy",Italy,43.740254878622,13.184079214236,land,,2023-06-08,,1,,1,158.11,0.08,0.00,,1,,1,1,1,,1,1,1,1,1,1,,,,1,1,1,1,1,1,,1,1,1,1,1,1,,1,,,,1,1,1,1,,,,,,,,,,,,,,,,,,,,,27
283335,"Free municipal consortium of Agrigento, Italy","Sicily, Italy",Italy,37.4077554,13.2686559,land,,2023-06-12,"Marevivo Sicilia e studenti dell'IISS Amato Vetrano di Sciacca",16,,16,108.01,0.00,0.00,7,,,,,,,,,,,,,,,,,,,,,,,,,,,,,,,,,,,,,,,,,,,,,,,,,,,,,,,,,,
283901,"Province of Verona, Italy","Veneto, Italy",Italy,45.404852,10.9451878,land,,2023-06-20,kathy,1,,1,2.00,0.00,0.00,1,,,,,,,,,,,,,,,,,,,,,,,,,,,,,,,,,,,,,,,,,,,,,,,,,,,,,,,,,,
284319,"Province of Verona, Italy","Veneto, Italy",Italy,45.3088099,10.8169663,land,,2023-06-26,"Skretting Italia spa",37,,37,0.00,2.80,0.00,,,,,,,,,,,,,,,,,,,,,,,,,,,,,,,,,,,,,,,,,,,,,,,,,,,,,,,,,,,
284414,"Province of Verona, Italy","Veneto, Italy",Italy,45.3088099,10.8169663,land,,2023-06-27,"Skretting Italia spa",37,,37,135.58,0.00,0.00,19,,,,,,,,,,,,,,,,,,,,,,,,,,,,,,,,,,,,,,,,,,,,,,,,,,,,,,,,,,
284500,"Free municipal consortium of Agrigento, Italy","Sicily, Italy",Italy,37.4077554,13.2686559,land,,2023-06-28,"Marevivo Sicilia e partecipanti al progetto erasmus+ ""Blue is the new green""",38,,38,194.00,0.00,0.00,22,,,,,,,,,,,,,,,,,,,,,,,,,,,,,,,,,,,,,,,,,,,,,,,,,,,,,,,,,,
285239,"Free municipal consortium of Agrigento, Italy","Sicily, Italy",Italy,37.4077554,13.2686559,land,,2023-07-09,"Marevivo Sicilia",25,,25,318.56,0.00,0.00,21,,,,,,,,,,,,,,,,,,,,,,,,,,,,,,,,,,,,,,,,,,,,,,,,,,,,,,,,,,
287291,"Province of Foggia, Italy","Apulia, Italy",Italy,41.920560582502,15.813792867522,land,,2023-08-13,,2,,2,30.86,0.00,0.00,2,,,,,,,,,,,,,,,,,,,,,,,,,,,,,,,,,,,,,,,,,,,,,,,,,,,,,,,,,,
287292,"Province of Foggia, Italy","Apulia, Italy",Italy,41.920560582502,15.813792867522,land,,2023-08-13,,2,,2,15.43,0.00,0.00,1,,,,,,,,,,,,,,,,,,,,,,,,,,,,,,,,,,,,,,,,,,,,,,,,,,,,,,,,,,
287293,"Province of Foggia, Italy","Apulia, Italy",Italy,41.920560582502,15.813792867522,land,,2023-08-13,,1,,1,108.01,0.00,0.00,7,,,,,,,,,,,,,,,,,,,,,,,,,,,,,,,,,,,,,,,,,,,,,,,,,,,,,,,,,,
287294,"Province of Foggia, Italy","Apulia, Italy",Italy,41.920560582502,15.813792867522,land,,2023-08-13,,1,,1,61.72,0.00,0.00,4,,,,,,,,,,,,,,,,,,,,,,,,,,,,,,,,,,,,,,,,,,,,,,,,,,,,,,,,,,
287802,"Province of Imperia, Italy","Liguria, Italy",Italy,43.871581805326,8.0135880394447,land,,2023-08-20,,1,,1,0.00,0.00,0.00,,,,,,,,,,,,,,,1,,,,,,,,,,,,,,,,,,,,,,,,,,,,,,,,,,,,,,,,,,,,1
287913,"Province of Imperia, Italy","Liguria, Italy",Italy,43.871575731091,8.0136483031442,land,,2023-08-22,,1,,1,0.51,0.00,0.00,,,,1,,,,,,,,,,,,,,,,,,,,,,,,,,,,,,,,,,,,,,,,,,,,,,,,,,,,,,,1
287923,"Province of Imperia, Italy","Liguria, Italy",Italy,43.916399941282,7.986730261583,land,,2023-08-22,,1,,1,3.60,0.06,0.00,,4,,,8,4,1,,3,10,,,,,,5,,,,,,,1,,,,,2,,,,,,,,,,1,,,,,,,8,,,,,,,,,,,,,,47
290633,"Province of Bergamo, Italy","Lombardy, Italy",Italy,45.5135628954,9.7604170348586,watercraft,,2023-09-08,,1,,1,0.01,0.00,0.00,,,,,,,,,,,,,,,,,,,,,,,,,,,,,,,,,,,,,,,,,,,,,,,,,,,,,,,,,,,
291025,"Metropolitan City of Milan, Italy","Lombardy, Italy",Italy,45.470539487168,9.1777132772944,land,,2023-09-15,"ac milan",4,,4,28.09,0.53,0.00,,,8,2,9,11,3,20,32,37,2,3,18,4,1,52,1,7,6,,,,,1,,,,3,18,2,,,,,,,2,16,,,,1,,,,,,,,,,,,,,,,,259
291026,"Metropolitan City of Milan, Italy","Lombardy, Italy",Italy,45.4720981,9.1772243,land,,2023-09-15,aperoline,4,,4,9.21,0.00,0.00,,,2,5,6,,22,16,14,3,,2,3,,,16,,1,,,,,2,,,,,,1,,,,,,,,,,,,,,,,,,,,,,,,,,,,,,93
296373,"Province of Foggia, Italy","Apulia, Italy",Italy,41.920492984126,15.81331390004,land,,2023-09-20,,1,,1,30.86,0.00,0.00,2,,,,,,,,,,,,,,,,,,,,,,,,,,,,,,,,,,,,,,,,,,,,,,,,,,,,,,,,,,
298343,"Province of Arezzo, Italy","Tuscany, Italy",Italy,43.573698333333,11.524433333333,land,,2023-09-20,,1,,1,0.01,0.10,0.00,,,,,,,,,,,,,,,,,,,,,,,,,,,,,,,,,,,,,,,,,,,,,,,,,,,,,,,,,,,
298378,"Province of Arezzo, Italy","Tuscany, Italy",Italy,43.570063333333,11.534256666667,land,,2023-09-24,M&C,2,,2,4.07,0.06,0.00,,,,2,,,,18,,246,,,6,,,,,,2,,,,,,5,,,3,1,,,,,,2,,,19,,,,,,,110,,,,,,,,,,,,,,414
300298,"Province of Savona, Italy","Liguria, Italy",Italy,44.3167917,8.3964938,land,,2023-10-02,"Thai Union Group PCL. (Thai Union Group subsidiary: Mareblu)",30,,30,37.46,0.00,0.00,5,,,,,,,,,,,,,,,,,,,,,,,,,,,,,,,,,,,,,,,,,,,,,,,,,,,,,,,,,,
300348,"Province of Lucca, Italy","Tuscany, Italy",Italy,43.836212,10.2503856,land,,2023-10-02,"Marevivo delegazione Toscana evento ""Nautici in Blu""",60,,60,84.23,0.00,0.00,,10,,44,479,60,,11,100,10,15,,105,12,30,50,100,100,150,,,,,,100,30,10,,,,,,,,,5,82,56,,,,,,,40,,,,,,,,,,,,,,1599
300349,"Province of Pisa, Italy","Tuscany, Italy",Italy,43.8026337,10.2660376,land,,2023-10-02,"Marevivo delegazione Toscana evento Vecchiano Beach CleanUp",35,,35,191.15,0.00,0.00,,150,150,22,250,,,200,300,7614,58,57,200,100,250,,300,300,350,,,,,,200,,50,,,,,,,,,,309,531,,,,,,,400,,,,,,,,,,,,,,11791
301112,"Province of Ascoli Piceno, Italy","Marche, Italy",Italy,42.9059,13.9033588,land,,2023-10-07,Marevivo,60,,60,85.95,0.00,0.00,9,,,,,,,,,,,,,,,,,,,,,,,,,,,,,,,,,,,,,,,,,,,,,,,,,,,,,,,,,,
301504,"Province of Piacenza, Italy","Emilia-Romagna, Italy",Italy,45.0526206,9.6929845,land,,2023-10-11,mpc,1,,1,2.08,0.00,0.00,,3,1,1,3,2,1,,3,,5,15,12,,,2,,,,,,,,,,,2,,,,,,,,,,,,,,,2,,,,,,,,,,,,,,,,,52
301505,"Province of Piacenza, Italy","Emilia-Romagna, Italy",Italy,45.033316807821,9.6645698882639,land,,2023-10-11,mpc,1,,1,0.01,0.00,0.00,,,,,,,,,,,,,,,,,,,,,,,,,,,,,,,,,,,,,,,,,,,,,,,,,,,,,,,,,,,
301955,"Province of Padua, Italy","Veneto, Italy",Italy,45.444699591338,11.764062842017,land,,2023-10-10,mpc,1,,1,0.01,0.00,0.00,,,,,,,,,,,,,,,,,,,,,,,,,,,,,,,,,,,,,,,,,,,,,,,,,,,,,,,,,,,
302259,"Metropolitan City of Rome Capital, Italy","Lazio, Italy",Italy,41.7311182,12.2862694,land,,2023-10-11,,1,,1,0.66,0.00,0.00,,1,6,1,,,,,,,,,,,,,,,,,,,,,,,,,,,,,,,,,,,,,,,,,,,,,,,,,,,,,,,8
302434,"Province of Livorno, Italy","Tuscany, Italy",Italy,43.102956462419,10.538330282234,land,saltwater,2023-09-30,"Amcor - AF Venturina",68,20,88,"1,150.81",3.11,0.00,154,,12,76,95,42,,27,401,422,2,13,12,34,47,129,15,125,18,29,,2,3,3,5,,42,17,,,,,5,,45,1,52,,,,9,,4,9,1728,,,,,,,,,,,,,,3424
302436,"Province of Modena, Italy","Emilia-Romagna, Italy",Italy,44.688433871274,10.837730453694,land,freshwater,2023-09-22,"Amcor - AF Soliera",36,,36,207.23,1.24,0.00,39,72,3,57,92,33,,33,220,119,1,6,12,15,41,130,6,3,15,7,,1,,,,,10,,,,,,,2,92,,60,,7,,,,,,,,,,,,,,,,,,,,1037
303764,"Metropolitan city of Catania, Italy","Sicily, Italy",Italy,37.4842347,15.085783,land,inland,2023-10-28,"Marevivo Sicilia e dipendenti della SIBEG",110,,110,"4,104.38",0.00,0.00,266,,,,,,,,,,,,,,,,,,,,,,,,,,,,,,,,,,,,,,,,,,,,,,,,,,,,,,,,,,
305826,"Free municipal consortium of Agrigento, Italy","Sicily, Italy",Italy,37.375765649847,13.319171788189,land,,2023-11-17,theblueChemistryLab,2,,2,0.61,0.07,0.00,,,,,,,,,,,,,,4,,,,,,,,,,,,3,,,,,,,,,,,1,,,,,,,,10,,,,,,,,,,,,,,18
308406,"Free municipal consortium of Agrigento, Italy","Sicily, Italy",Italy,37.52289635,13.07578465,land,inland,2023-12-20,"Marevivo Sicilia e studenti nautico Din Michele Arena Sciacca",45,,45,368.17,0.00,0.00,26,,,,,,,,,,,,,,,,,,,,,,,,,,,,,,,,,,,,,,,,,,,,,,,,,,,,,,,,,,
308407,"Free municipal consortium of Syracuse, Italy","Sicily, Italy",Italy,37.0690298,15.2906316,land,inland,2023-12-20,"Marevivo Sicilia e studenti nautico Rizza di Siracusa",35,,35,154.30,0.00,0.00,10,,,,,,,,,,,,,,,,,,,,,,,,,,,,,,,,,,,,,,,,,,,,,,,,,,,,,,,,,,
308408,"Metropolitan City of Palermo, Italy","Sicily, Italy",Italy,38.1084552,13.3808086,land,inland,2023-12-20,"Marevivo Sicilia e studenti nautico gioeni trabia di Palermo",35,,35,246.88,0.00,0.00,16,,,,,,,,,,,,,,,,,,,,,,,,,,,,,,,,,,,,,,,,,,,,,,,,,,,,,,,,,,
308531,"Metropolitan City of Palermo, Italy","Sicily, Italy",Italy,38.139966280212,13.343772191351,land,saltwater,2023-12-22,,2,,2,0.01,0.00,0.00,,,,,,,,,,,,,,,,,,,,,,,,,,,,,,,,,,,,,,,,,,,,,,,,,,,,,,,,,,,
308586,"Metropolitan City of Palermo, Italy","Sicily, Italy",Italy,38.1084552,13.3808086,land,inland,2023-12-27,"Guardia Marina Nazionale",1,,1,45.00,0.00,0.00,3,,,,,,,,,,,,,,,,,,,,,,,,,,,,,,,,,,,,,,,,,,,,,,,,,,,,,,,,,,
308587,"Metropolitan City of Palermo, Italy","Sicily, Italy",Italy,38.1084552,13.3808086,land,inland,2023-12-27,"Guardia Marina Nazionale",15,,15,45.00,0.00,0.00,3,,,,,,,,,,,,,,,,,,,,,,,,,,,,,,,,,,,,,,,,,,,,,,,,,,,,,,,,,,
308720,"Metropolitan City of Palermo, Italy","Sicily, Italy",Italy,38.196633690228,13.336020742132,land,inland,2024-01-01,,2,,2,3.36,0.65,0.00,,1,2,,,,,,,,,,,,,,,,,,,,,,3,,8,,,,,,,3,,,5,3,,,,1,,,,,,,,,,,,,,,,,26
308900,"Metropolitan City of Palermo, Italy","Sicily, Italy",Italy,38.11569,13.3614868,land,inland,2024-01-05,"RCGA NYD24",2,,2,37.50,0.00,0.00,3,,,,,,,,,,,,,,,,,,,,,,,,,,,,,,,,,,,,,,,,,,,,,,,,,,,,,,,,,,
309216,"Free municipal consortium of Agrigento, Italy","Sicily, Italy",Italy,37.5049587,13.0547542,land,inland,2024-01-11,"Marevivo Sicilia e Museo Diffuso dei 5 Sensi di Sciacca",40,,40,315.26,0.00,0.00,21,,,,,,,,,,,,,,,,,,,,,,,,,,,,,,,,,,,,,,,,,,,,,,,,,,,,,,,,,,
311550,"Metropolitan City of Messina, Italy","Sicily, Italy",Italy,38.2152795,15.5635104,land,inland,2024-01-25,"Marevivo Sicilia e studenti Istituto Nautico Caio Duilio Messina",65,,65,253.53,0.00,0.00,26,,,,,,,,,,,,,,,,,,,,,,,,,,,,,,,,,,,,,,,,,,,,,,,,,,,,,,,,,,
312112,"Province of Imperia, Italy","Liguria, Italy",Italy,43.87846785,7.98915447,land,inland,2024-02-01,prova,1,,1,0.41,0.00,0.00,,,,,2,,,,3,,,,,,,,,2,,,,,,,,,,,,,,,,2,,,1,,,,,,,,1,,,,,,,,,,,,,,11
312484,"Metropolitan City of Cagliari, Italy","Sardinia, Italy",Italy,39.2283538224,9.2217098233686,land,saltwater,2022-11-27,"Clean Coast Sardinia #TeamSeas",62,,62,"2,799.87",1.12,0.00,17,,,,,,,,,,,,,,,,,,,,,,,,,,,,,,,,,,,,,,,,,,,,,,,,,,,,,,,,,,
312485,"Metropolitan City of Rome Capital, Italy","Lazio, Italy",Italy,42.011330704492,11.967318238849,land,saltwater,2022-08-10,"Marevivo Onlus #TeamSeas",7,,7,718.70,1.12,0.00,3,,,,,,,,,,,,,,,,,,,,,,,,,,,,,,,,,,,,,,,,,,,,,,,,,,,,,,,,,,
312486,"Metropolitan City of Rome Capital, Italy","Lazio, Italy",Italy,42.011330704492,11.967318238849,land,saltwater,2022-08-27,"Marevivo Onlus #TeamSeas",10,,10,308.65,1.37,0.00,6,,,,,,,,,,,,,,,,,,,,,,,,,,,,,,,,,,,,,,,,,,,,,,,,,,,,,,,,,,
312487,"Metropolitan City of Rome Capital, Italy","Lazio, Italy",Italy,42.011330704492,11.967318238849,land,saltwater,2022-09-10,"Marevivo Onlus #TeamSeas",10,,10,485.02,1.24,0.00,5,,,,,,,,,,,,,,,,,,,,,,,,,,,,,,,,,,,,,,,,,,,,,,,,,,,,,,,,,,
312488,"Metropolitan City of Rome Capital, Italy","Lazio, Italy",Italy,42.011330704492,11.967318238849,land,saltwater,2022-09-24,"Marevivo Onlus #TeamSeas",18,,18,403.45,1.24,0.00,6,,,,,,,,,,,,,,,,,,,,,,,,,,,,,,,,,,,,,,,,,,,,,,,,,,,,,,,,,,
312489,"Province of South Sardinia, Italy",,Italy,39.297782494993,8.3909406993372,land,saltwater,2022-10-02,"Marevivo Onlus #TeamSeas",17,,17,"1,404.34",0.50,0.00,58,,,,,,,,,,,,,,,,,,,,,,,,,,,,,,,,,,,,,,,,,,,,,,,,,,,,,,,,,,
312490,"Metropolitan City of Rome Capital, Italy","Lazio, Italy",Italy,42.011330704492,11.967318238849,land,saltwater,2022-10-16,"Marevivo Onlus #TeamSeas",23,,23,74.96,1.86,0.00,7,,,,,,,,,,,,,,,,,,,,,,,,,,,,,,,,,,,,,,,,,,,,,,,,,,,,,,,,,,
312491,"Metropolitan City of Rome Capital, Italy","Lazio, Italy",Italy,42.011330704492,11.967318238849,land,saltwater,2022-10-30,"Marevivo Onlus #TeamSeas",28,,28,81.57,1.55,0.00,7,,,,,,,,,,,,,,,,,,,,,,,,,,,,,,,,,,,,,,,,,,,,,,,,,,,,,,,,,,
312492,"Province of South Sardinia, Italy",,Italy,39.297782494993,8.3909406993372,land,saltwater,2022-11-13,"Marevivo Onlus #TeamSeas",5,,5,136.69,3.11,0.00,9,,,,,,,,,,,,,,,,,,,,,,,,,,,,,,,,,,,,,,,,,,,,,,,,,,,,,,,,,,
312493,"Province of South Sardinia, Italy","Sardinia, Italy",Italy,38.974331871533,8.4032927117201,land,saltwater,2022-11-26,"Marevivo Onlus #TeamSeas",24,,24,"1,151.25",4.35,0.00,30,,,,,,,,,,,,,,,,,,,,,,,,,,,,,,,,,,,,,,,,,,,,,,,,,,,,,,,,,,
312494,"Province of South Sardinia, Italy",,Italy,39.248188168362,8.3930031233695,land,saltwater,2022-12-17,"Marevivo Onlus #TeamSeas",14,,14,617.29,2.49,0.00,27,,,,,,,,,,,,,,,,,,,,,,,,,,,,,,,,,,,,,,,,,,,,,,,,,,,,,,,,,,
313081,"Province of Imperia, Italy","Liguria, Italy",Italy,43.87876783,7.98917878,land,inland,2024-02-01,prova,1,,1,0.10,4.36,0.00,,5,1,,,,,,,,,,,,,,,,,,,,,,,,,,,,,,,,,,,,,,,,,,,,,,,,,,,,,,,,6
313082,"Province of Imperia, Italy","Liguria, Italy",Italy,43.939615,8.01265,land,inland,2024-02-03,"classi prime pontedassio",23,,23,88.19,0.81,0.00,,2,,20,27,,,4,13,189,,3,1,,2,54,,,1,,,,,3,,,,,,4,,12,,135,3,,,2,,,,,,2,1,,,,,,,,,,,,,,478
313083,"Province of Imperia, Italy","Liguria, Italy",Italy,43.939701666667,8.0129683333333,land,inland,2024-02-03,"pulizia del paese",70,,70,0.00,0.00,0.00,,,,,,,,,,,,,,,,,,,,,,,,,,,,,,,,,,,,,,,,,,,,,,,,,,,,,,,,,,,
314561,"Province of Imperia, Italy","Liguria, Italy",Italy,43.93949062,8.01267382,land,inland,2024-02-03,prova,1,,1,0.62,0.00,0.00,,,,1,1,,,,,,,,,1,,,,,,,,,,,,,,,,,,,,,,,,,,,,,,,,,,,,,,,,,,,,,3
314563,"Province of Imperia, Italy","Liguria, Italy",Italy,43.939538333333,8.01264,land,inland,2024-02-03,,1,,1,0.01,0.10,0.00,,,,,,,,,,,,,,,,,,,,,,,,,,,,,,,,,,,,,,,,,,,,,,,,,,,,,,,,,,,
318060,"Province of Ascoli Piceno, Italy","Marche, Italy",Italy,42.99124,13.871185,land,inland,2024-03-04,megliodellochampagne,4,,4,22.12,0.41,0.00,,1,8,,3,4,,,1,13,,,11,,,2,,,,2,,,2,,,,,,,,,,1,,3,2,3,,,,,,,,7,,,,,,,,,,,,,,63
318061,"Province of Ascoli Piceno, Italy","Marche, Italy",Italy,42.990785995599,13.871123757784,land,inland,2024-03-04,"R.C ALGAM",5,,5,4.76,0.19,0.00,,1,21,1,4,,1,5,3,85,,11,6,,,15,4,5,,,,,,,,,,9,1,,,,,2,4,1,,13,,,,,,,7,,,,,,,,,,,,,,199
318062,"Province of Ascoli Piceno, Italy","Marche, Italy",Italy,42.994187107473,13.869088344642,land,saltwater,2024-03-04,"R.C. boh",5,,5,45.40,0.54,0.00,,3,6,4,2,,5,,2,72,1,5,2,3,,5,,3,1,4,,,3,,,1,1,,,,,,,1,6,,14,30,,2,,,1,,17,,,,,,,,,,,,,,194
318063,"Province of Ascoli Piceno, Italy","Marche, Italy",Italy,42.992853333333,13.870998333333,land,inland,2024-03-04,fantastik,5,,5,3.00,0.00,0.00,,,,,3,,1,,1,3,1,,1,,,,,,1,,,,1,,,,,,,,,1,,,,,,,,,,,,,,,,,,,,,,,,,,,13
318064,"Province of Ascoli Piceno, Italy","Marche, Italy",Italy,42.991278855971,13.871882635049,land,inland,2024-03-04,RCOllaiava,5,,5,2.42,0.16,0.00,,1,,2,,,3,,2,25,,,,,,1,,1,,,,,,,,1,,,,,,,,,,,7,2,1,1,,,,,6,,,,,,,,,,,,,,53
318065,"Province of Ascoli Piceno, Italy","Marche, Italy",Italy,42.99115972,13.87179489,land,inland,2024-03-04,rc,6,,6,25.02,0.00,0.00,,,,14,2,5,2,,4,26,2,,,,,7,,2,,,2,,5,,,,2,4,,,,,,2,3,,2,3,,,,2,,,1,,,,,,,,,,,,,,90
318066,"Province of Ascoli Piceno, Italy","Marche, Italy",Italy,42.991181858532,13.870357249084,land,saltwater,2024-03-04,"i filosofi di clemente RC",4,,4,33.87,0.04,0.00,,3,1,,,,6,1,1,50,,,,,,,1,1,,4,,,,,,,,3,,,,,,,,2,39,,,,,2,1,,4,,,,,,,,,,,,,,119
318067,"Province of Ascoli Piceno, Italy","Marche, Italy",Italy,42.991356449242,13.871983867152,land,inland,2024-03-04,"RC queen",5,,5,25.70,0.34,0.00,,2,4,1,,,1,2,2,10,,,,,,3,,,1,,,,9,,,,,,,,,,,,1,,,6,,,,,,,2,,,,,,,,,,,,,,44
318068,"Province of Ascoli Piceno, Italy","Marche, Italy",Italy,42.991168428227,13.871205876254,land,saltwater,2024-03-04,"RC le bimbe di Nazario",4,,4,38.52,0.00,0.00,,,13,4,1,,4,3,11,45,2,3,6,3,2,6,2,,1,4,,,1,,1,1,1,,,2,,,,1,3,1,1,20,,,,,2,,1,,,,,,,,,,,,,,145
318069,"Province of Ascoli Piceno, Italy","Marche, Italy",Italy,42.991082943887,13.871054118942,land,saltwater,2024-03-04,RCMEE,1,,1,4.60,0.35,0.00,,,17,3,1,1,,2,12,148,2,46,56,,1,,,6,,,,,,,,,,,,,,,,,,,,,,,,,,,,,,,,,,,,,,,,,295
318070,"Province of Ascoli Piceno, Italy","Marche, Italy",Italy,42.990786652763,13.871056584201,land,inland,2024-03-04,ariges,5,,5,0.10,0.16,0.00,,,,,,,,,1,1,,4,,,,,3,,,,,,,,,,,,,,,,,,,,,,,,,,,,,,,,,,,,,,,,,,9
318071,"Province of Ascoli Piceno, Italy","Marche, Italy",Italy,42.991754148172,13.871088293866,land,inland,2024-03-04,RCemma,6,,6,219.57,0.37,0.00,,8,6,8,8,,6,5,2,161,,,,1,2,4,1,1,2,27,,,,1,1,6,2,4,,,,,,2,,2,16,6,4,,,,,3,18,,,,,,,,,,,,,,307
318488,"Province of Ascoli Piceno, Italy","Marche, Italy",Italy,42.991145860323,13.871033650413,land,inland,2024-03-04,"R.C ALGAM",5,,5,0.01,0.01,0.00,,,,,,,,,,,,,,,,,,,,,,,,,,,,,,,,,,,,,,,,,,,,,,,,,,,,,,,,,,,
318489,"Province of Ascoli Piceno, Italy","Marche, Italy",Italy,42.9910097573,13.871588341122,land,inland,2024-03-04,,1,,1,0.01,0.00,0.00,,,,,,,,,,,,,,,,,,,,,,,,,,,,,,,,,,,,,,,,,,,,,,,,,,,,,,,,,,,
318490,"Province of Ascoli Piceno, Italy","Marche, Italy",Italy,42.99150262387,13.871087561664,land,inland,2024-03-04,ALGEIA,5,,5,3.60,0.28,0.00,,1,1,2,,1,1,1,3,22,2,,3,,1,2,1,,,,,,,,,,1,1,,,,,,2,2,,6,6,,,,,,,8,,,,,,,,,,,,,,67
318869,"Province of Pesaro and Urbino, Italy","Marche, Italy",Italy,43.894887761901,12.895255178461,land,inland,2024-03-15,legambiente,1,,1,0.01,0.02,0.00,,,,,,,,,,,,,,,,,,,,,,,,,,,,,,,,,,,,,,,,,,,,,,,,,,,,,,,,,,,
318870,"Province of Pesaro and Urbino, Italy","Marche, Italy",Italy,43.894912095043,12.89523133839,land,inland,2024-03-15,"liceo marconi",1,,1,0.62,0.00,0.00,,1,1,1,,2,,,1,,,,,,,,,,,,,,,,,,,,,,,,,,,,,,,,,,,,,,,,,,,,,,,,,,6
318871,"Province of Teramo, Italy","Abruzzo, Italy",Italy,42.5850268,14.08942,land,inland,2024-03-15,"col nome",4,,4,11.98,0.00,0.00,,,3,3,,,,,3,,,1,,,,1,1,,,1,,,,,,,2,4,,1,,,,,1,2,5,6,,,,,,1,2,,,,,,,,,,,,,,37
318872,"Province of Teramo, Italy","Abruzzo, Italy",Italy,42.606124434681,14.069907325617,land,saltwater,2024-03-15,"Sunny seahorses",5,,5,0.14,1.95,0.00,,,1,,1,,,1,,,,,,,1,,,1,,,,,,,,,,1,,,,,,,,,,,,,,,,,,,,,,,,,,,,,,,6
319015,"Metropolitan City of Rome Capital, Italy","Lazio, Italy",Italy,41.91298217,12.47144344,land,inland,2024-03-14,marevivo,1,,1,0.01,0.00,0.00,,,,,,,,,,,,,,,,,,,,,,,,,,,,,,,,,,,,,,,,,,,,,,,,,,,,,,,,,,,
319063,"Province of Teramo, Italy","Abruzzo, Italy",Italy,42.58521859,14.09075739,land,inland,2024-03-15,,4,,4,0.01,0.00,0.00,,,,,,,,,,,,,,,,,,,,,,,,,,,,,,,,,,,,,,,,,,,,,,,,,,,,,,,,,,,
319079,"Province of Foggia, Italy","Apulia, Italy",Italy,41.920567309106,15.813646640149,land,inland,2024-03-19,"connection Earth",1,,1,31.43,0.00,0.00,,8,20,41,26,7,1,2,8,4,4,3,7,9,10,10,1,1,9,,2,,,,,,,,,,,4,2,3,2,2,11,,,,,,,,,,,,,,,,,,,,,,197
319204,"Province of Pesaro and Urbino, Italy","Marche, Italy",Italy,43.894043333333,12.894365,land,inland,2024-03-22,"Biologia marina",20,,20,0.15,0.00,0.00,,,,,1,1,,,1,1,,,,,,2,,,,,,,,,,,,,,,,,,,,,,,,,,,,,,,,,,,,,,,,,,,6
323888,"Province of Pesaro and Urbino, Italy","Marche, Italy",Italy,43.951213394271,12.829020256743,land,inland,2024-04-05,gre,6,,6,929.27,0.01,0.00,,,,1,10,,2,,22,,,,,,,2,,,,130,2,,,,4,14,41,3,,,,,2,,3,2,16,2,,,,,,,9,,,,,,,,,,,,,,265
323898,"Province of Pesaro and Urbino, Italy","Marche, Italy",Italy,43.930390048601,12.881429030905,land,inland,2024-04-05,"gruppo ale",6,,6,"1,450.16",3.06,0.00,,,3,1,1,,2,,5,2,,,,3,1,,,,,200,,,,2,,,5,1,,1,,1,7,,,2,20,6,,,,10,,,8,,,,,,,,,,,,,,281
323899,"Province of Pesaro and Urbino, Italy","Marche, Italy",Italy,43.947788762555,12.836146701723,land,inland,2024-04-05,"Gruppo Ale/Emma",7,,7,448.20,0.40,0.00,,,,,1,,1,1,17,,,,2,,1,2,,3,,53,52,,1,,2,1,,1,,,,,,,1,1,41,26,,,,3,,,177,,,,,,,,,,,,,,387
323901,"Province of Pesaro and Urbino, Italy","Marche, Italy",Italy,43.95121,12.828956666667,land,inland,2024-04-05,Bianchi,11,,11,"1,210.41",0.00,0.00,,,1,2,,,,,5,,,,,,,3,,,,172,,,,,,3,,,,,,,7,,1,,,12,,,,7,,,1,,,,,,,,,,,,,,214
323902,"Province of Pesaro and Urbino, Italy","Marche, Italy",Italy,43.950986436141,12.828449579039,land,inland,2024-04-05,2A,9,,9,736.10,0.23,0.00,,3,8,1,3,,1,2,24,5,2,,,1,,1,1,,,104,,,,,,,,1,,10,,,1,3,4,,23,,,1,,5,1,,7,,,,,,,,,,,,,,212
323903,"Province of Ancona, Italy","Marche, Italy",Italy,43.617792914189,13.4268998335,land,saltwater,2024-04-05,"Il pesce brufforum",3,,3,65.72,0.86,0.00,,,10,8,11,5,1,,14,4,,,3,1,1,,1,,,8,,,1,,,,,,,,,,1,1,2,2,1,,,,,,,,13,,,,,,,,,,,,,,88
324055,"Province of Ancona, Italy","Marche, Italy",Italy,43.616518517956,13.433293998241,land,inland,2024-04-02,,1,,1,0.01,0.00,0.00,,,,,,,,,,,,,,,,,,,,,,,,,,,,,,,,,,,,,,,,,,,,,,,,,,,,,,,,,,,
324058,"Province of Ancona, Italy","Marche, Italy",Italy,43.6191225,13.4238783,land,saltwater,2024-04-05,RCFULGOLA,3,,3,66.68,0.00,0.00,,,1,,2,,1,,2,1,,1,1,,2,1,1,,,9,,,,,,1,,,,1,,,2,,4,,11,4,,,,,,,7,,,,,,,,,,,,,,52
324220,"Province of Pesaro and Urbino, Italy","Marche, Italy",Italy,43.895056283554,12.895275388663,land,inland,2024-04-12,,8,,8,654.50,0.00,0.00,,,2,,1,,,,9,4,,,1,5,,,,,,92,,,,,,,,,,1,,,,1,,1,75,1,,,,,,,20,,,,,,,,,,,,,,213
324221,"Province of Pesaro and Urbino, Italy","Marche, Italy",Italy,43.895039213467,12.895371320385,land,saltwater,2024-04-12,Biondi,9,,9,49.40,2.00,0.00,,1,,,,,,,2,,,,,,2,,1,,,4,,,,1,,1,,3,4,,,,1,,,1,,,1,,,,,1,2,,,,,,,,,,,,,,25
324222,"Province of Pesaro and Urbino, Italy","Marche, Italy",Italy,43.894875,12.895135,land,inland,2024-04-12,2°i/p,8,,8,"1,373.90",2.00,0.00,,3,2,,4,,,,19,1,,,,2,2,7,1,,2,194,6,,,,,,,2,,2,,2,2,,5,,27,17,,,,,1,,100,,,,,,,,,,,,,,401
324223,"Province of Pesaro and Urbino, Italy","Marche, Italy",Italy,43.894971666387,12.895279286897,land,saltwater,2024-04-12,sara,6,,6,678.50,2.00,0.00,,1,4,,1,,,1,18,3,,,1,,2,11,1,2,,94,11,,,,,,,,,,,,,,,,29,18,,10,,6,,3,97,,,,,,,,,,,,,,313
324224,"Province of Pesaro and Urbino, Italy","Marche, Italy",Italy,43.894984116819,12.895307829616,land,inland,2024-04-12,anna,7,,7,"1,010.90",0.00,0.00,,3,5,,2,,,,14,,,,2,,4,,2,2,,140,21,,,,,,,,,,,,1,,3,,24,4,,,,1,,,,,,,,,,,,,,,,,228
326002,"Metropolitan City of Rome Capital, Italy","Lazio, Italy",Italy,41.912748662131,12.471096820241,land,saltwater,2024-04-24,"Nautico Civitavecchia",35,,35,246.47,0.31,0.00,,33,30,24,31,11,13,15,63,99,6,4,11,2,9,18,5,10,22,27,3,,6,,4,18,,6,5,6,,1,1,39,11,6,57,11,5,14,,9,7,4,87,,,,,,,,,,,,,,733
326464,"Province of Pesaro and Urbino, Italy","Marche, Italy",Italy,43.846460524987,13.026334662003,land,inland,2024-04-29,"1K gara Ryan",5,,5,60.98,0.27,0.00,,,7,1,,,1,4,7,63,,,,,,,1,1,,6,,,4,,,,,,,,,,,,1,,44,16,,1,,,,,63,,,,,,,,,,,,,,220
326465,"Province of Pesaro and Urbino, Italy","Marche, Italy",Italy,43.846254455898,13.026305157703,land,inland,2024-04-29,"FULVI GANG",5,,5,57.09,0.65,0.00,,5,48,4,1,,8,2,12,129,,3,,,,,,2,1,,1,,18,,,7,,,3,6,,,,,,,4,8,,,,,,,,,,,,,,,,,,,,,262
326466,"Province of Pesaro and Urbino, Italy","Marche, Italy",Italy,43.846254794957,13.025229380816,land,inland,2024-04-29,"1k gara (alaa,roaya,gianluca,michele)",4,,4,7.40,1.10,0.00,,1,1,5,2,1,,3,6,41,,,,1,,9,,4,,,,,1,,,,,,,,1,,,12,,1,,,,,,6,,,40,,,,,,,,,,,,,,135
326771,"Province of Ancona, Italy","Marche, Italy",Italy,43.585420818999,13.515151329339,land,inland,2024-04-29,,1,,1,0.01,0.00,0.00,,,,,,,,,,,,,,,,,,,,,,,,,,,,,,,,,,,,,,,,,,,,,,,,,,,,,,,,,,,
326776,,,Italy,43.752975608263,13.168857023132,land,saltwater,2024-05-03,"R.C. clear the sea",5,,5,71.87,0.12,0.00,,2,2,2,,1,,2,4,8,,1,,,,2,1,1,,4,7,,,1,,2,1,8,,1,,1,,2,2,,59,41,,,,1,,,38,,,,,,,,,,,,,,194
326777,"Province of Pesaro and Urbino, Italy","Marche, Italy",Italy,43.767771,13.1389184,land,saltwater,2024-05-03,"RC- Igor Miti",5,,5,21.71,0.00,0.00,,1,2,6,3,,,,,,,3,,,,1,,1,3,2,,,,,,7,,,,1,4,,,,,,17,9,,,,1,,,5,,,,,,,,,,,,,,66
326778,"Province of Pesaro and Urbino, Italy","Marche, Italy",Italy,43.757797018054,13.155352072585,land,saltwater,2024-05-03,"RC viva il pesce",5,,5,121.65,2.47,0.00,,4,1,7,32,1,,2,7,14,1,3,1,1,,,3,2,,16,,,,,4,6,,2,,,,,,,,1,,22,,1,,2,,,1,,,,,,,,,,,,,,134
326955,"Province of Foggia, Italy","Apulia, Italy",Italy,41.920570920061,15.813524882204,land,inland,2024-05-05,"Connection Earth",2,,2,30.86,0.00,0.00,2,,,,,,,,,,,,,,,,,,,,,,,,,,,,,,,,,,,,,,,,,,,,,,,,,,,,,,,,,,
327064,"Province of Pesaro and Urbino, Italy","Marche, Italy",Italy,43.752883333333,13.169015,land,saltwater,2024-05-03,"noi 5",5,,5,0.01,0.00,0.00,,,,,,,,,,,,,,,,,,,,,,,,,,,,,,,,,,,,,,,,,,,,,,,,,,,,,,,,,,,
327065,"Province of Pesaro and Urbino, Italy","Marche, Italy",Italy,43.752738333333,13.168851666667,land,saltwater,2024-05-03,RC-MIGNOTTINI,3,,3,409.32,0.13,0.00,,2,2,,,,2,,1,5,3,2,2,2,1,1,,1,1,1,1,3,6,,,,,3,,,,,,2,,,1,2,,1,,1,,,2,,,,,,,,,,,,,,48
327066,"Province of Pesaro and Urbino, Italy",,Italy,43.752931351773,13.168976213783,land,inland,2024-05-03,,1,,1,0.01,0.00,0.00,,,,,,,,,,,,,,,,,,,,,,,,,,,,,,,,,,,,,,,,,,,,,,,,,,,,,,,,,,,
327067,"Province of Pesaro and Urbino, Italy","Marche, Italy",Italy,43.7526816,13.1687275,land,inland,2024-05-03,"Rc Scuola Corinaldesi-Padovano",1,,1,0.01,3.86,0.00,,,,,,,,,,,,,,,,,,,,,,,,,,,,,,,,,,,,,,,,,,,,,,,,,,,,,,,,,,,
327076,"Province of Ancona, Italy","Marche, Italy",Italy,43.5693924,13.5746545,land,saltwater,2024-05-07,,20,,20,287.80,0.00,0.00,,22,8,10,6,9,3,9,37,142,19,1,40,77,10,9,8,13,4,36,6,,1,,,8,4,9,2,13,,,4,9,10,3,5,8,,,,2,1,2,65,,,,,,,,,,,,,,615
327158,"Metropolitan City of Bari, Italy","Apulia, Italy",Italy,41.1630839,16.7441048,land,inland,2024-05-08,noi,4,,4,17.00,0.00,0.00,3,,,,,,,,,,,,,,,,,,,,,,,,,,,,,,,,,,,,,,,,,,,,,,,,,,,,,,,,,,
327159,"Metropolitan City of Bari, Italy","Apulia, Italy",Italy,41.1158745,16.697355,land,saltwater,2024-05-08,,1,,1,0.01,0.00,0.00,,,,,,,,,,,,,,,,,,,,,,,,,,,,,,,,,,,,,,,,,,,,,2,,,,,,,,,,,,,,2
327221,"Province of Pesaro and Urbino, Italy",,Italy,43.752918917204,13.168911114103,land,saltwater,2024-05-03,RC-netturbini,5,,5,27.85,10.00,0.00,,1,2,,,,1,2,3,39,,2,,,,2,,,,3,,,1,,,4,,1,,,1,,,2,,,24,4,,,,,1,,2,,,,,,,,,,,,,,95
327234,"Metropolitan City of Bari, Italy","Apulia, Italy",Italy,41.110256666667,16.880316666667,land,saltwater,2024-05-09,"Istituto Carnaro-Marconi-Flacco-Belluzzi",47,,47,"2,079.60",0.11,0.00,,57,32,76,136,40,9,15,110,33,15,26,49,19,21,12,8,23,5,239,,,58,7,5,37,16,14,,27,9,2,13,25,30,,145,92,6,5,,63,4,1,119,,,,,,,,,,,,,,1603
327436,"Free municipal consortium of Agrigento, Italy","Sicily, Italy",Italy,37.5046463,13.0569095,land,inland,2024-05-12,"Marevivo Sicilia e studenti delle scuole di Sciacca",100,,100,447.47,0.00,0.00,29,,,,,,,,,,,,,,,,,,,,,,,,,,,,,,,,,,,,,,,,,,,,,,,,,,,,,,,,,,
327495,"Metropolitan City of Rome Capital, Italy","Lazio, Italy",Italy,41.912899377772,12.471408462811,land,inland,2024-05-13,"Amex Lago di Varese",30,,30,189.60,0.62,0.00,,7,20,27,53,30,11,96,87,645,,2,13,6,19,96,12,34,11,7,30,,1,,1,3,7,5,4,7,1,1,1,10,10,10,76,209,1,42,,5,5,1,298,,,,,,,,,,,,,,1904
327524,"Province of Ancona, Italy","Marche, Italy",Italy,43.7060363,13.2142551,land,inland,2024-05-10,"Rc Scuola Corinaldesi-Padovano",1,,1,0.55,0.00,0.00,,1,1,1,,,,,,,,,,,,,,,,,,,,,,,,,,,,,,,,,,,,,,,,,,,,,,,,,,,,,,,3
327525,"Province of Pesaro and Urbino, Italy","Marche, Italy",Italy,43.89507034974,12.895156552177,land,inland,2024-05-10,caca,2,,2,0.07,0.01,0.00,,,,,,1,,,,,1,1,,,,,,,,,,,,,,,,,,,,,,,,,,,,,,,,,,,,,,,,,,,,,,,3
327526,"Province of Pesaro and Urbino, Italy","Marche, Italy",Italy,43.895027996041,12.895311350003,land,inland,2024-05-10,,1,,1,0.01,0.00,0.00,,,,,,,,,,,,,,,,,,,,,,,,,,,,,,,,,,,,,,,,,,,,,,,,,,,,,,,,,,,
327679,"Metropolitan City of Rome Capital, Italy","Lazio, Italy",Italy,41.911887647118,12.471730736233,land,saltwater,2024-05-16,"Nauticinblu Civitavecchia",30,,30,242.73,0.62,0.00,,32,30,24,24,11,16,15,53,99,5,4,11,2,,10,5,10,22,27,3,,6,,,,,6,5,6,,1,1,39,,6,55,11,1,14,,3,1,1,87,,,,,,,,,,,,,,646
327709,"Metropolitan City of Rome Capital, Italy","Lazio, Italy",Italy,41.90364690551,12.153571554323,land,saltwater,2024-05-08,"American Express",52,,52,272.78,0.50,0.00,,,,,,,,,,,,,,,,,,,,,,,,,,,,,,,,,,,,,,,,,,,,,,,,,,,,,,,,,,,
327711,"Province of Varese, Italy","Lombardy, Italy",Italy,45.838446270844,8.7167223939208,land,saltwater,2024-05-10,"American Express",22,,22,184.09,0.50,0.00,,,,,,,,,,,,,,,,,,,,,,,,,,,,,,,,,,,,,,,,,,,,,,,,,,,,,,,,,,,
328270,"Province of Pesaro and Urbino, Italy","Marche, Italy",Italy,43.8584939,12.9963259,land,inland,2024-05-26,"s. blu/verde lanterna sempre accesa",7,,7,296.67,0.00,0.00,,2,1,,,,1,1,5,1,,,,,,,,,,41,,,3,,,,,1,,,,,,,1,2,2,2,,,,,,,46,,,,,,,,,,,,,,109
328271,"Province of Pesaro and Urbino, Italy","Marche, Italy",Italy,43.8584939,12.9963259,land,inland,2024-05-26,"s.rossa e gialla",7,,7,260.60,0.00,0.00,,,,,,,,,1,2,2,,,,,,,,,36,,,1,,,,,,,,,,,,1,,43,5,,,,,,,61,,,,,,,,,,,,,,152
328638,"Metropolitan City of Cagliari, Italy","Sardinia, Italy",Italy,39.25343067,9.11917533,land,inland,2024-06-01,,26,,26,300.00,0.00,0.00,20,,,,,,,,,,,,,,,,,,,,,,,,,,,,,,,,,,,,,,,,,,,,,,,,,,,,,,,,,,
328677,"Metropolitan City of Bologna, Italy","Emilia-Romagna, Italy",Italy,44.512903956677,11.324772534289,land,,2024-06-01,Marmotte,5,,5,0.01,0.60,0.00,,,,,,,,,,,,,,,,,,,,,,,,,,,,,,,,,,,,,,,,,,,,,,,,,,,,,,,,,,,
328706,"Province of Pesaro and Urbino, Italy","Marche, Italy",Italy,43.847459019203,13.024850897503,land,,2024-06-02,Marmotte,5,,5,11.11,0.13,0.00,,,10,5,1,1,1,2,5,16,,4,,1,,8,1,1,,,,,2,,,,,2,1,1,,,,,,3,2,2,1,,,,1,,13,,,,,,,,,,,,,,84
328719,"Province of Foggia, Italy","Apulia, Italy",Italy,41.857843101064,15.35646845588,land,,2024-05-29,,1,,1,0.01,0.01,0.00,,,,,,,,,,,,,,,,,,,,,,,,,,,,,,,,,,,,,,,,,,,,,,,,,,,,,,,,,,,
328720,"Province of Pesaro and Urbino, Italy",,Italy,43.845989545848,13.027505781514,land,,2024-06-02,Marmotte,5,,5,28.98,0.07,0.00,,,18,10,1,1,1,12,15,116,2,8,4,,,2,1,4,,16,,,1,,1,,1,9,,,,,,,1,,1,27,,,,,1,,26,,,,,,,,,,,,,,279
328721,"Province of Pesaro and Urbino, Italy","Marche, Italy",Italy,43.845239533152,13.02756411956,land,,2024-06-02,Marmotte,5,,5,6.34,0.00,0.00,,,,,,,,1,2,21,,,,,,,,,,,,,2,,,,,,,,,,,,,,,7,,,,,,,,,,,,,,,,,,,,,33
328722,"Province of Pesaro and Urbino, Italy","Marche, Italy",Italy,43.8447228,13.0277108,land,inland,2024-06-02,marmotte,5,,5,57.54,1.41,0.00,,1,1,,,1,1,6,7,373,,3,4,,,10,,1,,5,,,5,,,5,,1,,,,,,,,4,15,31,,,,,1,,,,,,,,,,,,,,,,475
329360,"Metropolitan City of Naples, Italy","Campania, Italy",Italy,40.580642767388,14.349985799311,land,saltwater,2024-05-25,"La Perla",78,,78,4.41,0.31,0.00,4,5,4,1,46,1,,10,19,84,,4,2,18,,19,,6,3,18,,,171,1,,460,8,15,,,2,,,3,3,2,,8,,,,,,,149,,,,,,,,,,,,,,1062
329402,"Province of Savona, Italy","Liguria, Italy",Italy,44.3034188,8.4743092,land,inland,2024-06-12,"Thai Union Group PCL.",27,,27,116.81,0.00,0.00,11,,,,,,,,,,,,,,,,,,,,,,,,,,,,,,,,,,,,,,,,,,,,,,,,,,,,,,,,,,
329826,"Metropolitan City of Rome Capital, Italy","Lazio, Italy",Italy,41.912937260591,12.471567280959,land,,2024-06-19,"TMF GROUP",70,,70,338.30,0.62,0.00,,4,12,42,71,26,4,5,46,237,7,,14,6,25,91,3,8,16,,,1,39,1,1,3,6,35,12,13,,3,4,13,20,6,62,237,4,,,9,,,19,,,,,,,,,,,,,,1105
329846,"Metropolitan City of Cagliari, Italy","Sardinia, Italy",Italy,39.2013337,9.0723588,land,,2024-06-19,,2,,2,75.00,0.00,0.00,5,,,,,,,,,,,,,,,,,,,,,,,,,,,,,,,,,,,,,,,,,,,,,,,,,,,,,,,,,,
329878,"Metropolitan City of Palermo, Italy","Sicily, Italy",Italy,38.2035446,13.2789877,land,,2024-06-20,"Marevivo Sicilia e vincitori concorso ""The water code""",15,,15,15.12,0.00,0.00,6,,,,,,,,,,,,,,,,,,,,,,,,,,,,,,,,,,,,,,,,,,,,,,,,,,,,,,,,,,
331947,"Province of Livorno, Italy","Tuscany, Italy",Italy,43.1687854,10.5645568,land,saltwater,2024-07-28,"The guys",2,,2,2.95,0.00,0.00,,1,8,1,2,,4,3,,8,,6,4,,4,4,,3,,,,,,,7,,2,,,,,,1,,,,,2,2,,,,,,,,,,,,,,,,,,,,62
333635,"Metropolitan City of Bari, Italy","Apulia, Italy",Italy,41.194431374618,16.605428213982,land,saltwater,2024-08-21,,1,,1,0.01,0.00,0.00,,,,,,,,,,,,,,,,,,,,,,,,,,,,,,,,,,,,,,,,,,,,,,,,,,,,,,,,,,,
334306,"Province of Parma, Italy","Emilia-Romagna, Italy",Italy,44.79041569,10.33414878,land,inland,2024-09-06,TOMRA24,3,,3,6.17,1.18,0.00,,2,18,1,5,5,2,7,4,121,106,1,6,4,1,13,,3,2,,,,,,,,,12,,1,,,,3,2,3,3,,,1,,4,,,57,,,,,,,,,,,,,,387
334307,"Province of Parma, Italy","Emilia-Romagna, Italy",Italy,44.755019912674,10.332310555289,land,inland,2024-09-04,TOMRA24,5,,5,11.72,0.00,0.00,,24,23,4,4,16,7,12,2,57,9,3,,,2,1,3,,,,,,2,,,,,,,3,1,,,3,8,,,,1,4,1,,,,1,,,,,,,,,,,,,,191
334639,"Province of Parma, Italy","Emilia-Romagna, Italy",Italy,44.766749808689,10.319637833965,land,inland,2024-09-06,"TOMRA Italy",12,,12,0.01,0.01,0.00,,,,,,,,,,,,,,,,,,,,,,,,,,,,,,,,,,,,,,,,,,,,,,,,,,,,,,,,,,,
334644,"Province of Parma, Italy","Emilia-Romagna, Italy",Italy,44.859078163281,10.308002242818,land,inland,2024-09-06,TOMRA24,1,,1,0.01,0.00,0.00,,,,,,,,,,,,,,,,,,,,,,,,,,,,,,,,,,,,,,,,,,,,,,,,,,,,,,,,,,,
334645,"Province of Parma, Italy","Emilia-Romagna, Italy",Italy,44.791950260824,10.333746991624,land,inland,2024-09-06,TOMRA24,1,,1,2.19,0.00,0.00,,2,4,3,6,2,11,2,9,5,,,,,,,,,,,,,,,,,,,,,,,,,,,,,,,,,,,,,,,,,,,,,,,,,44
335685,"Province of Rimini, Italy","Emilia-Romagna, Italy",Italy,43.996695169127,12.646011558645,land,inland,2024-05-18,"Fondazione Cetacea",15,,15,49.00,0.00,0.00,5,,,,,,,,,,,,,,,,,,,,,,,,,,,,,,,,,,,,,,,,,,,,,,,,,,,,,,,,,,
337411,"Province of Rimini, Italy","Emilia-Romagna, Italy",Italy,43.99267,12.6623023,land,saltwater,2024-09-18,"Fondazione Cetacea",2,,2,0.01,0.00,0.00,,,,,,,,,,,,,,,,,,,,,,,,,,,,,,,,,,,,,,,,,,,,,,,,,,,,,,,,,,,
339844,"Metropolitan City of Cagliari, Italy","Sardinia, Italy",Italy,39.19977577,9.06982308,land,saltwater,2024-09-27,"Italgas Marevivo Cagliari",43,,43,537.26,0.02,0.00,,35,,173,60,100,,,50,,,,,,1,,50,,,20,250,,,4,,10,30,,,20,,,10,,10,,20,40,10,,,1,1,,400,,,,,,,,,,,,,,1295
341857,"Metropolitan City of Genoa, Italy","Liguria, Italy",Italy,44.3624694,9.144402,land,inland,2024-10-04,One,31,,31,110.23,0.00,0.00,5,,,,,,,,,,,,,,,,,,,,,,,,,,,,,,,,,,,,,,,,,,,,,,,,,,,,,,,,,,
341932,"Metropolitan City of Bari, Italy","Apulia, Italy",Italy,41.063063063063,16.703993770651,land,freshwater,2024-10-09,,1,,1,0.23,0.00,0.00,,,,,1,,,,,,,,,,,1,,,,,,,,,,1,,,,,3,,,,,,,,,,,,,,,,,,,,,,,,,,,,6
341939,"Metropolitan City of Bari, Italy","Apulia, Italy",Italy,41.1236168,16.8730594,land,saltwater,2024-10-09,,1,,1,1.12,0.00,0.00,,1,1,2,1,,,,,,,,,,,,,,,,,,,,1,,,,,,,,,,,,,,,,,,,,,,,,,,,,,,,,,,6
341980,"Province of Verbano-Cusio-Ossola, Italy","Piedmont, Italy",Italy,45.960826361595,8.4476607106705,land,freshwater,2024-10-09,team,3,,3,0.72,0.00,0.00,,,1,,5,,1,1,,,,1,1,,,1,,,,,,,,,1,,,,,1,,,,,,,,,,1,,1,1,,,,,,,,,,,,,,,,16
342293,"Province of Lucca, Italy","Tuscany, Italy",Italy,43.8657155,10.2500486,land,saltwater,2024-10-11,"garmjn viareggio",40,,40,185.28,0.00,0.00,24,,,,,,,,,,,,,,,,,,,,,,,,,,,,,,,,,,,,,,,,,,,,,,,,,,,,,,,,,,
344138,"Free municipal consortium of Agrigento, Italy","Sicily, Italy",Italy,37.543017650528,13.497632268728,land,saltwater,2024-11-15,"Marevivo Sicilia e studenti IISS Crispi Rivera",57,,57,200.00,0.00,0.00,20,,,,,,,,,,,,,,,,,,,,,,,,,,,,,,,,,,,,,,,,,,,,,,,,,,,,,,,,,,
344248,"Province of Verbano-Cusio-Ossola, Italy","Piedmont, Italy",Italy,45.945178,8.4968372,land,freshwater,2024-11-17,"Nereide BioNet Limpieza de Playa",6,,6,37.54,0.00,0.00,,1,,6,13,11,4,,11,4,8,8,6,2,5,5,9,7,1,5,14,,,,1,2,5,2,1,1,,,1,4,1,5,22,14,,,,8,,,78,,,,,,,,,,,,,,265
345372,"Free municipal consortium of Trapani, Italy","Sicily, Italy",Italy,37.5829182,12.8569684,land,saltwater,2024-12-06,"Marevivo Sicilia e studenti Istituto Nautico di Trapani",45,,45,110.23,0.00,0.00,10,,,,,,,,,,,,,,,,,,,,,,,,,,,,,,,,,,,,,,,,,,,,,,,,,,,,,,,,,,
346500,"Province of Pesaro and Urbino, Italy","Marche, Italy",Italy,43.87915395,12.96513671,land,saltwater,2024-12-22,"fano unimar",5,,5,209.20,0.00,0.00,,,,21,12,4,,,35,100,3,,6,,1,,,,,153,34,,,,,,,,,,,,4,,,,,,,25,,,,,400,,,,,,,,,,,,,,798
346758,"Free municipal consortium of Agrigento, Italy","Sicily, Italy",Italy,37.5046463,13.0569095,land,inland,2024-12-30,"Marevivo Sicilia",40,,40,661.38,0.00,0.00,24,,,,,,,,,,,,,,,,,,,,,,,,,,,,,,,,,,,,,,,,,,,,,,,,,,,,,,,,,,
348264,"Province of Vercelli, Italy","Piedmont, Italy",Italy,45.70684,8.341527601,land,freshwater,2024-03-13,"Rydde  - Oslo Fridykkerklubb - KNB",1,,1,110.00,0.01,0.00,5,,,,,,,,,,,,,,,,,,,,,,,,,,,,,,,,,,,,,,,,,,,,1,,,,,,,,,,,,,,1
353818,"Province of Verbano-Cusio-Ossola, Italy","Piedmont, Italy",Italy,45.945492617793,8.4936940772979,land,freshwater,2025-01-19,"BioNet CleanUp tra Terra e Acqua",15,,15,88.40,0.82,0.00,,23,37,38,38,37,3,2,5,298,,,9,10,13,104,2,1,2,28,8,,,,2,14,23,10,1,4,5,,1,8,7,3,25,54,,2,,4,2,,38,,,,,,,,,,,,,,861
355928,"Free municipal consortium of Trapani, Italy","Sicily, Italy",Italy,36.8274704,11.9353146,land,saltwater,2025-01-30,"Marevivo Sicilia e studenti liceo Almanza di Pantelleria",35,,35,286.60,0.00,0.00,37,,,,,,,,,,,,,,,,,,,,,,,,,,,,,,,,,,,,,,,,,,,,,,,,,,,,,,,,,,
356052,"Province of Bergamo, Italy","Lombardy, Italy",Italy,45.74786684,9.78635059,land,inland,2025-02-05,,1,,1,0.05,0.00,0.00,,,,,1,,,,,,,,,,,,,,,,,,,,,,,,,,,,,,,,,,,,,,,,,,,,,,,,,,,,,,1
356218,"Province of Bergamo, Italy","Lombardy, Italy",Italy,45.76781997,9.79428361,land,inland,2025-02-06,,1,,1,0.05,0.00,0.00,,,,,1,,,,,,,,,,,,,,,,,,,,,,,,,,,,,,,,,,,,,,,,,,,,,,,,,,,,,,1
356354,"Province of Ancona, Italy","Marche, Italy",Italy,43.6191225,13.4238783,land,saltwater,2025-02-11,RC_ottoperaetta,3,,3,287.31,0.00,0.00,,3,2,6,1,,3,4,4,3,1,,4,,,2,2,,1,4,1,2,,1,,,2,2,,1,,,,,1,1,9,1,,,,,,,9,,,,,,,,,,,,,,70
356355,"Province of Ancona, Italy","Marche, Italy",Italy,43.6191225,13.4238783,land,saltwater,2025-02-11,RCsolfatodiferro,3,,3,18.19,0.00,0.00,,5,18,2,10,1,7,1,4,7,,1,,2,5,1,,2,1,11,,,1,,1,2,,1,,,,,,,2,2,3,2,,,,1,,,19,,,,,,,,,,,,,,112
356356,,,Italy,43.617383234298,13.430483421363,land,saltwater,2025-02-11,RC-,3,,3,62.22,0.00,0.00,,,5,2,3,1,,,7,2,1,,8,,2,3,,,,25,,,13,,,,2,,2,,1,,,1,1,,,,,,,,,,26,,,,,,,,,,,,,,105
356357,"Province of Ancona, Italy","Marche, Italy",Italy,43.6191225,13.4238783,land,saltwater,2025-02-11,"Lucio Corsi",3,,3,21.40,0.00,0.00,,,11,,4,1,,,4,,,,,,,24,,,,17,,,,,,6,,,,1,,,,,2,,18,1,,,,,,,,,,,,,,,,,,,,,89
365086,"Province of Pesaro and Urbino, Italy","Marche, Italy",Italy,43.8424875,13.0136891,land,saltwater,2025-03-11,,4,,4,55.65,0.00,0.00,,,,1,,1,1,,5,13,,3,2,,,15,,,,26,16,,,,,,,34,,,,,,,,12,18,,1,,,11,,,109,,,,,,,,,,,,,,268
365087,"Province of Pesaro and Urbino, Italy","Marche, Italy",Italy,43.844683603384,13.018627921119,land,saltwater,2025-03-11,nemo,4,,4,39.86,1.15,0.00,,2,1,5,2,,,5,15,27,,2,1,,,5,1,2,5,26,,,3,,,,,3,,,,,,,1,,7,12,1,,,10,,,40,,,,,,,,,,,,,,176
365088,"Province of Pesaro and Urbino, Italy","Marche, Italy",Italy,43.848528550047,13.021307531756,land,saltwater,2025-03-11,,5,,5,62.72,0.91,0.00,,,,,,,1,6,6,,,,1,,,,,6,,30,,,7,,,1,,2,1,,1,,,,12,,69,36,,,,8,,,16,,,,,,,,,,,,,,203
365516,"Province of Ancona, Italy","Marche, Italy",Italy,43.56424270135,13.590848605673,land,saltwater,2025-03-19,"Ago il pulitore",4,,4,6.00,0.00,0.00,,,4,,4,,,,4,,,,,,,1,1,,,11,,,,,,,,,,,,,1,,,,1,,1,,,,,,,,,,,,,,,,,,,,28
365517,"Province of Fermo, Italy","Marche, Italy",Italy,43.199918333333,13.78229,land,saltwater,2025-03-19,tommaso,1,,1,8.82,0.00,0.00,,,,1,,,,,,,,,,,,,,,,21,,,3,,,,3,,,6,,,,,,,26,,,,,,,,85,,,,,,,,,,,,,,145
365518,"Province of Ancona, Italy","Marche, Italy",Italy,43.564033387229,13.589533679187,land,saltwater,2025-03-19,"orso il mollusco",4,,4,22.05,0.19,0.00,,,20,1,8,,,,13,1,,,,,1,,,1,,72,,,2,,,,,14,,8,,,3,,,,,,1,,1,,,,1,,,,,,,,,,,,,,147
365519,"Province of Ancona, Italy",,Italy,43.564771140238,13.590673449738,land,saltwater,2025-03-19,"ago I conquistatore",4,,4,8.82,0.06,0.00,,1,12,6,2,3,3,3,4,10,1,,4,,1,,,,,15,1,,3,7,4,14,4,1,,,,,,1,,,7,1,,,,2,,,5,,,,,,,,,,,,,,115
366009,"Province of Pesaro and Urbino, Italy","Marche, Italy",Italy,43.895296633333,12.89641145,land,saltwater,2025-03-28,"Liceo Marconi Bargnesi",9,,9,0.37,0.00,0.00,,,,,,,,,,,,,,,,,,,,,,,,,,,,,,,,,,,,,,1,2,,,1,,,1,,,,,,,,,,,,,,5
366642,"Province of Ancona, Italy","Marche, Italy",Italy,43.589896666667,13.493055,land,saltwater,2025-04-10,reef,1,,1,0.01,0.00,0.00,,,,,,,,,,,,,,,,,,,,,,,,,,,,,,,,,,,,,,,,,,1,,,1,,,,,,,,,,,,,,2
366643,"Province of Ancona, Italy","Marche, Italy",Italy,43.589896666667,13.493055,land,saltwater,2025-04-10,reef,1,,1,0.09,0.00,0.00,,1,,,,,1,,,,,,,,1,,,,,,,,,,,,,,,,,,,,,,,,,,,,,,,,,,,,,,,,,,,,3
366648,"Province of Ancona, Italy","Marche, Italy",Italy,43.564458333333,13.590913333333,land,saltwater,2025-04-10,reef,1,,1,10.52,0.00,0.00,,1,,,,,,1,,1,,,,,,,1,,,5,,,2,,,,,,,,,,,,,,,1,,,,,,,2,,,,,,,,,,,,,,14
366649,"Province of Ancona, Italy","Marche, Italy",Italy,43.564221493896,13.590624346756,land,saltwater,2025-04-10,JAE,3,,3,2.20,0.00,0.00,,,,,,,,,2,,,,,,,,,,,,,,,,,,,5,,3,,,2,,,1,15,7,,,,,,,4,,,,,,,,,,,,,,39
366650,"Province of Ancona, Italy","Marche, Italy",Italy,43.564329705086,13.590841294248,land,saltwater,2025-04-10,PRF,3,,3,6.61,0.00,0.00,,6,4,,1,2,,3,8,4,2,,2,1,,11,2,,,33,,,25,,1,9,1,3,1,5,,1,,2,,2,,9,,,,,,1,80,,,,,,,,,,,,,,219
366651,"Province of Ancona, Italy","Marche, Italy",Italy,43.564255776971,13.59069745461,land,saltwater,2025-04-10,savoia,3,,3,2.65,0.00,0.00,,,2,,1,,,3,2,5,,,,,,,,,,,,,,,,,1,,,,,,,,1,,13,10,,1,,6,,2,,,,,,,,,,,,,,,47
366680,,,Italy,43.950001469437,12.832486623741,land,saltwater,2025-04-11,"liceo marconi plamadeala",8,,8,689.47,0.27,0.00,,1,2,1,15,1,2,5,74,,,7,3,2,,6,3,10,1,538,7,,,6,,,12,3,,2,,,2,1,3,4,108,4,,,,17,3,2,42,,,,,,,,,,,,,,887
366681,"Province of Pesaro and Urbino, Italy","Marche, Italy",Italy,43.95138463257,12.828194202608,land,saltwater,2025-04-11,"liceo marconi elena piselli",8,,8,61.89,0.07,0.00,,,,,4,,,1,15,,,,,1,,7,,13,,48,1,,1,,,3,,5,,2,,,,1,,,49,18,,,,,,1,91,,,,,,,,,,,,,,261
366682,"Province of Pesaro and Urbino, Italy","Marche, Italy",Italy,43.950939994887,12.829025935239,land,saltwater,2025-04-11,"liceomarconipesaro matilde",8,,8,484.13,0.06,0.00,,2,1,4,,2,2,2,53,6,5,3,9,22,5,,2,7,1,417,1,,13,1,13,3,,6,,,,1,2,,2,1,2,28,,,1,,,,271,,,,,,,,,,,,,,888
366683,"Province of Pesaro and Urbino, Italy","Marche, Italy",Italy,43.951092911925,12.828576732439,land,saltwater,2025-04-11,,8,,8,131.05,0.00,0.00,,,,,8,,1,1,32,,4,1,,,1,,,9,,113,,,1,,2,5,3,4,,2,,,,,6,1,92,8,,,,,,,81,,,,,,,,,,,,,,375
366684,"Province of Pesaro and Urbino, Italy","Marche, Italy",Italy,43.9111365,12.9114045,land,saltwater,2025-04-11,"liceomarconipesaro matilde",1,,1,126.00,0.00,0.00,,,,,,,,,,,,,,,,,,,,126,,,,,,,,,,,,,,,,,,,,,,,,,,,,,,,,,,,,,,,126
366685,"Province of Pesaro and Urbino, Italy","Marche, Italy",Italy,43.949034630835,12.833999466145,land,saltwater,2025-04-11,"liceo marconi plamadeala",8,,8,142.49,0.08,0.00,,2,1,1,11,,2,,12,,1,1,,1,,,1,,,87,3,,,2,1,,5,3,,2,1,,3,1,1,4,36,5,,,,,,,28,,,,,,,,,,,,,,215
366686,"Province of Pesaro and Urbino, Italy","Marche, Italy",Italy,43.949248052872,12.833193835272,land,saltwater,2025-04-11,"liceomarconipesaro matilde",8,,8,104.46,0.00,0.00,,,,,5,,,1,12,,1,,1,,,2,3,1,1,99,,,,,,,3,,,1,,,2,,,1,6,13,,,,,,,88,,,,,,,,,,,,,,240
366687,"Province of Pesaro and Urbino, Italy","Marche, Italy",Italy,43.950804339742,12.829795910328,land,saltwater,2025-04-11,"liceo scientifico marconi anastasia cernei",7,,7,89.22,0.00,0.00,,,,3,3,,,,6,,,,,1,3,,1,,,79,,,,,2,4,1,,1,1,,,,2,,,55,4,,,,,,,14,,,,,,,,,,,,,,180
366688,,,Italy,43.951310462844,12.829125747375,land,saltwater,2025-04-11,"liceo marconi elena piselli",8,,8,200.50,0.02,0.00,,,2,2,3,,,,9,1,,,,,2,8,,7,,178,3,,3,,,,1,2,,1,,,,,1,,66,4,,,,1,,,26,,,,,,,,,,,,,,320
366689,"Province of Pesaro and Urbino, Italy","Marche, Italy",Italy,43.9512607,12.8208579,land,saltwater,2025-04-11,"liceo marconi emma bamestrini",8,,8,131.70,0.00,0.00,,2,,3,1,,,1,29,2,,2,3,2,,,1,4,,113,,,1,,,18,4,3,,5,,,1,,4,1,65,7,,7,,,,4,38,,,,,,,,,,,,,,321
366863,"Province of Ascoli Piceno, Italy","Marche, Italy",Italy,42.9059,13.9033588,land,inland,2025-04-15,davinci5,5,,5,34.14,0.00,0.00,,,,8,1,1,,,,,,,1,,,2,,,,4,,,,,,255,1,,,1,,,1,1,2,,18,8,,,,,,,,,,,,,,,,,,,,,304
366864,"Province of Ascoli Piceno, Italy","Marche, Italy",Italy,42.899536758239,13.911941627257,land,inland,2025-04-15,davinci1,4,,4,164.05,0.00,0.00,,6,55,6,53,5,9,2,,4,4,4,3,4,1,3,6,,,,,1,2,1,,1,1,1,,,1,,2,1,6,2,,1,,,,,4,,115,,,,,,,,,,,,,,304
366865,"Province of Ascoli Piceno, Italy","Marche, Italy",Italy,42.9059,13.9033588,land,inland,2025-04-15,"davinci 6",4,,4,12.99,0.00,0.00,,2,5,,3,1,2,,1,2,,,1,3,,1,,1,,8,,,,,,15,,2,1,2,,,2,1,2,,8,3,,,,,1,,42,,,,,,,,,,,,,,109
366867,"Province of Ascoli Piceno, Italy","Marche, Italy",Italy,42.89956409,13.91208794,land,inland,2025-04-15,"gruppo davinci 2",5,,5,35.47,0.00,0.00,,,1,,1,,,,,,,,,,,,,,,,,,7,,,102,5,,,,,2,,1,,,51,3,,,,1,1,,,,,,,,,,,,,,,,175
366868,"Province of Ascoli Piceno, Italy","Marche, Italy",Italy,42.89873244,13.91237275,land,inland,2025-04-15,"gruppo 1",4,,4,6.10,0.06,0.00,,2,1,8,3,,,,,,3,2,1,1,2,,,,,1,,,,,,,1,,,,,,,,,,,2,,,,,,,,,,,,,,,,,,,,,27
366869,"Province of Ascoli Piceno, Italy","Marche, Italy",Italy,42.90040132,13.91153098,land,inland,2025-04-15,"da vinci 4",3,,3,12.00,0.12,0.00,,,7,,1,,,,3,3,,,,,,12,,,,5,,,1,,,,1,,,,,,,1,,,26,2,,,,,2,,125,,,,,,,,,,,,,,189
366870,"Province of Ascoli Piceno, Italy","Marche, Italy",Italy,42.898654527962,13.912542052567,land,inland,2025-04-15,"davinci 5",4,,4,6.98,0.00,0.00,,,1,1,1,1,2,,2,1,,,2,11,1,,,,,2,,,,,,,,,,,,,,,,2,13,7,,,,1,1,1,27,,,,,,,,,,,,,,77
366873,"Province of Ascoli Piceno, Italy","Marche, Italy",Italy,42.899559791651,13.912003330751,land,inland,2025-04-15,"Davinci 2",4,,4,11.07,0.00,0.00,,19,,1,8,2,,,5,,,,,1,,,,,,,,,3,,,,,,,2,,,1,,4,,,3,,,,,3,,138,,,,,,,,,,,,,,190
367344,"Province of Pesaro and Urbino, Italy","Marche, Italy",Italy,43.9510964,12.8219654,land,saltwater,2025-04-24,"liceo marconi cenci",8,,8,99.00,0.00,0.00,,,1,1,1,1,,,6,4,,,,,4,,2,,,68,,,1,1,,2,2,1,,,,,4,1,2,4,,19,,,,9,1,,107,,,,,,,,,,,,,,242
367345,,,Italy,43.951097322973,12.829644430112,land,saltwater,2025-04-24,"giulia cecchini",8,,8,78.96,1.78,0.00,,4,4,,1,1,,,25,5,,,,2,4,2,5,4,,45,,,7,,1,,,,1,1,,,1,1,1,3,86,8,,,1,2,,,78,,,,,,,,,,,,,,293
367346,,,Italy,43.951176666667,12.829196666667,land,saltwater,2025-04-24,"Gaia Gasparri",9,,9,79.68,0.19,0.00,,,1,,2,,1,1,5,1,,1,,2,4,1,,2,2,77,,,,,4,,,3,,,,,,,1,3,2,2,,,,,,,42,,,,,,,,,,,,,,157
367348,"Province of Pesaro and Urbino, Italy",,Italy,43.95117008,12.8289515,land,saltwater,2025-04-24,"Liceo Marconi tarini",9,,9,44.33,0.16,0.00,,2,1,,1,,,,5,,,1,1,,1,,,1,,43,,,,,,,,,,,,,,,,1,5,,,,,,,,92,,,,,,,,,,,,,,154
367349,"Province of Pesaro and Urbino, Italy",,Italy,43.951014466134,12.829228778953,land,saltwater,2025-04-24,"Liceo Marconi Tarini",9,,9,69.06,0.00,0.00,,,1,,,,,1,10,1,1,,,,2,,1,,1,55,,,1,,,2,,,,2,,,5,,5,,65,,,,,8,,,122,,,,,,,,,,,,,,283
367350,"Province of Pesaro and Urbino, Italy","Marche, Italy",Italy,43.9512607,12.8208579,land,saltwater,2025-04-24,"Liceo Marconi Tarini",9,,9,91.26,0.00,0.00,,3,2,,1,,,,30,,1,,,,2,,,,,77,,,2,,,1,,,,,1,,,,5,,61,6,,,,8,,,122,,,,,,,,,,,,,,322
367351,"Province of Pesaro and Urbino, Italy",,Italy,43.95081299,12.82975076,land,saltwater,2025-04-24,"Liceo Marconi tarini 2",7,,7,151.37,0.12,0.00,,,1,,3,,4,1,11,,,,3,,1,,,1,1,138,,,3,,,,2,1,,1,,,,,2,3,21,,,,,,2,,85,,,,,,,,,,,,,,284
367352,"Province of Pesaro and Urbino, Italy",,Italy,43.951108333333,12.829775,land,saltwater,2025-04-24,"liceo marconi cenci 2",5,,5,26.83,0.00,0.00,,,2,,,,,,3,,,,,,,,,,,24,,,,,,,,,,,,,1,,,,,12,,,1,7,,,50,,,,,,,,,,,,,,100
367353,"Province of Pesaro and Urbino, Italy","Marche, Italy",Italy,43.9512607,12.8208579,land,saltwater,2025-04-24,"giulia cecchini2",7,,7,106.20,0.00,0.00,,1,5,2,5,,,3,49,6,,,7,,3,2,3,6,,85,,,1,,1,,,3,,4,,,1,,5,4,88,13,,,,11,1,,219,,,,,,,,,,,,,,528
367354,"Metropolitan City of Reggio Calabria, Italy","Calabria, Italy",Italy,38.526376928219,16.03760489998,land,inland,2025-03-17,"Gruppo eTwinning",4,,4,60.00,0.00,0.00,4,,,,,,,,,,,,,,,,,,,,,,,,,,,,,,,,,,,,,,,,,,,,,,,,,,,,,,,,,,
367355,"Metropolitan City of Reggio Calabria, Italy","Calabria, Italy",Italy,38.526376928219,16.03760489998,land,inland,2025-03-17,"Gruppo eTwinning",20,,20,405.00,0.00,0.00,27,,,,,,,,,,,,,,,,,,,,,,,,,,,,,,,,,,,,,,,,,,,,,,,,,,,,,,,,,,
367417,"Metropolitan City of Reggio Calabria, Italy","Calabria, Italy",Italy,38.526376928219,16.03760489998,land,inland,2025-03-17,"Gruppo eTwinning",5,,5,75.00,0.00,0.00,5,,,,,,,,,,,,,,,,,,,,,,,,,,,,,,,,,,,,,,,,,,,,,,,,,,,,,,,,,,
367910,"Metropolitan City of Reggio Calabria, Italy","Calabria, Italy",Italy,38.526376928219,16.03760489998,land,saltwater,2025-03-17,Etwinning,30,,30,105.00,0.00,0.00,7,,,,,,,,,,,,,,,,,,,,,,,,,,,,,,,,,,,,,,,,,,,,,,,,,,,,,,,,,,
367918,"Province of Pesaro and Urbino, Italy","Marche, Italy",Italy,43.9512607,12.8208579,land,inland,2025-04-29,"Agrario 3",5,,5,13.47,0.00,0.00,,,1,,,,,,1,5,,,,,,,,1,,8,,,1,,,,,,,,,,,,1,,18,4,,,,1,,,4,,,,,,,,,,,,,,45
367919,"Province of Pesaro and Urbino, Italy","Marche, Italy",Italy,43.952048077328,12.827277751713,land,saltwater,2025-04-29,"Agrario 1",5,,5,42.04,0.00,0.00,,,2,1,1,,2,,18,3,,1,,1,,,2,1,,36,1,,,,,1,1,3,,,,,,,,,29,1,,,,3,,,7,,,,,,,,,,,,,,114
367920,"Province of Pesaro and Urbino, Italy","Marche, Italy",Italy,43.9512607,12.8208579,land,saltwater,2025-04-29,agrario2,5,,5,30.68,0.00,0.00,,,5,4,2,2,,2,20,,,,1,1,,,,,,26,,,,,1,,,1,,1,,,2,2,,1,,1,1,,,,,,4,,,,,,,,,,,,,,77
367924,"Province of Pesaro and Urbino, Italy","Marche, Italy",Italy,43.95102389,12.82845583,land,inland,2025-04-29,"gruppo c",3,,3,97.24,0.37,0.00,,,,,1,,,,17,,,,1,,,,,2,,82,,,,,2,,2,,,,,,3,,6,,91,15,,,,,,,126,,,,,,,,,,,,,,348
367925,,,Italy,43.951639290643,12.828048002068,land,inland,2025-04-29,"Agrario B",5,,5,74.62,0.00,0.00,,,4,,4,,1,1,7,,,,,2,,,1,,,52,1,,,1,,1,,,,1,,,,3,,,1,,1,,,,,,30,,,,,,,,,,,,,,111
367926,"Province of Pesaro and Urbino, Italy","Marche, Italy",Italy,43.950712100167,12.829109220821,land,inland,2025-04-29,"agrario a",5,,5,75.85,0.32,0.00,,1,5,,2,,,,26,5,,,,,,,,,,41,,,5,1,1,,,,,,,,,,,2,,,,,,12,,1,185,,,,,,,,,,,,,,287
368086,"Province of Macerata, Italy","Marche, Italy",Italy,43.301795048905,13.730753977349,land,inland,2025-04-29,marvel,2,,2,2.20,2.73,0.00,,6,7,3,3,8,5,3,4,10,4,6,3,2,3,4,2,3,3,8,11,14,11,18,6,6,5,5,4,5,5,5,4,7,2,6,3,4,2,6,4,5,5,4,76,,,,,,,,,,,,,,310
368348,"Metropolitan City of Bari, Italy","Apulia, Italy",Italy,41.063091242069,17.091997358473,land,inland,2025-05-04,"plastic freedom",15,,15,403.82,0.00,0.00,,45,7,58,71,70,10,8,28,10,16,16,21,8,5,6,16,8,10,17,1,2,4,3,4,11,6,5,2,3,,3,8,11,11,14,15,8,5,9,1,9,1,1,52,,,,,,,,,,,,,,619
368371,"Province of Ascoli Piceno, Italy","Marche, Italy",Italy,42.9059,13.9033588,land,inland,2025-05-05,4,4,,4,4.92,0.00,0.00,,,,2,,,,,2,5,,,,,1,,,,,,,,1,,,,,,,,,,,,1,,,8,,,,,,,330,,,,,,,,,,,,,,350
369764,"Metropolitan City of Rome Capital, Italy","Lazio, Italy",Italy,41.906149091072,12.151503978794,land,saltwater,2025-05-22,"AmEx Rome Allison & Susannah - Team Awesome",2,,2,1.81,0.00,0.00,,4,3,,4,,,,2,9,,,,,,2,,,,,,,,,,6,,,2,1,,,,,,,,4,,7,,,,,40,,,,,,,,,,,,,,84
370615,"Free municipal consortium of Trapani, Italy","Sicily, Italy",Italy,37.803769960797,12.447605229891,land,inland,2025-05-30,"Itet Garibaldi Marsala",30,,30,126.00,0.00,0.00,13,,,,,,,,,,,,,,,,,,,,,,,,,,,,,,,,,,,,,,,,,,,,,,,,,,,,,,,,,,
370630,"Free municipal consortium of Trapani, Italy","Sicily, Italy",Italy,37.806566755072,12.437520853784,land,inland,2025-05-30,"Itet Garibaldi Marsala e Reef Chek",30,,30,508.82,0.62,0.00,,3,,71,137,41,,,11,,,,17,,,,,,,7,,,10,21,,24,,,,15,,,4,,1,2,,,,,,20,,,73,,,,,,,,,,,,,,457
370952,"Province of Varese, Italy","Lombardy, Italy",Italy,45.838844298348,8.7173174655274,land,freshwater,2025-05-29,"AMEX - Varese",24,,24,48.94,0.25,0.00,12,,,,,,,,,,,,,,,,,,,,,,,,,,,,,,,,,,,,,,,,,,,,,,,,,,,,,,,,,,
371209,"Metropolitan City of Rome Capital, Italy","Lazio, Italy",Italy,41.906265380163,12.151778084008,land,saltwater,2025-05-22,"AMEX - Rome",49,,49,152.50,0.50,0.00,,,,,,,,,,,,,,,,,,,,,,,,,,,,,,,,,,,,,,,,,,,,,,,,,,,,,,,,,,,
373498,"Province of Ancona, Italy",,Italy,43.617512613902,13.430340836225,land,saltwater,2025-02-11,"RC Nikola",3,,3,1.12,0.00,0.00,,,,,2,,1,,,,1,,,,,,,,,1,,,,,,,,,,,,,,,,,,,,,,,,,3,,,,,,,,,,,,,,8
373531,"Province of Pesaro and Urbino, Italy","Marche, Italy",Italy,43.84752104,13.00463366,land,saltwater,2025-03-09,,1,,1,6.14,0.00,0.00,,,,12,,,,,,,,,,,,,,,,,,,,,,,,,,,,,,,,,,,,,,,,,,,,,,,,,,,,,,,12
373532,"Province of Pesaro and Urbino, Italy","Marche, Italy",Italy,43.84775434,13.00470871,land,saltwater,2025-03-10,,1,,1,0.52,0.00,0.00,,,,,10,,,,,,,,,,,,,,,,,,,,,,,,,,,,,,,,,,,,,,,,,,,,,,,,,,,,,,10
373604,"Province of Macerata, Italy","Marche, Italy",Italy,43.301960355827,13.730739300331,land,saltwater,2025-04-16,"Davinci 2",1,,1,0.12,0.00,0.00,,,,,,,,,,,,,,,,,,,,,,,,,,,,,,,,,,,,,,,1,,,,2,,14,,,,,,,,,,,,,,17
375971,"Province of Ravenna, Italy","Emilia-Romagna, Italy",Italy,44.49850552,12.04001118,land,inland,2025-09-02,Tomra25,1,,1,0.22,0.01,0.00,,1,,,2,,,3,,,,,1,,1,,,,,,,,,,,,,,,,,,,,,,,,,,,,,,,,,,,,,,,,,,,,8
376013,"Province of Ravenna, Italy","Emilia-Romagna, Italy",Italy,44.40218554,12.18345371,land,inland,2025-09-03,Tomra25,1,,1,0.08,0.00,0.00,,,,,1,,,,,,,,,,,1,,,,,,,,,,,,,,,,,,,,,,,,,,,,,,,,,,,,,,,,,,,2
376067,"Province of Ravenna, Italy","Emilia-Romagna, Italy",Italy,44.49837029,12.0401194,land,inland,2025-09-04,Tomra25,1,,1,1.32,0.01,0.00,,,,,2,1,,,,,,,,,,1,1,,,,,,,,,,,,,,,,,,1,,,,,,2,,,,,,,,,,,,,,,,,,8
385383,"Metropolitan City of Rome Capital, Italy","Lazio, Italy",Italy,41.91289,12.471561666667,land,saltwater,2025-10-22,"Lua Playa elegante",50,,50,110.00,0.00,0.00,,26,49,66,30,23,32,52,155,647,6,29,61,8,50,23,43,86,19,35,35,,25,,2,21,8,27,2,1,10,16,1,18,38,8,133,16,3,158,2,16,11,5,49,,,,,,,,,,,,,,2045
386527,"Province of Pesaro and Urbino, Italy","Marche, Italy",Italy,43.844657077268,13.018733031107,land,inland,2025-11-05,"1 k GARA Brualdi",3,,3,20.47,0.00,0.00,,4,,,,,1,1,4,15,,,,,,,1,1,,8,,,3,,,,,,,,,,,,4,,6,25,,,,,,,,,,,,,,,,,,,,,73
386528,"Province of Pesaro and Urbino, Italy","Marche, Italy",Italy,43.848841666667,13.022998333333,land,inland,2025-11-05,"GARA 1K",3,,3,19.05,0.11,0.00,,,1,1,,,,,12,10,,,,,,1,,5,1,8,,,,,,2,,,,6,,,,,1,2,24,31,,,,2,,,3,,,,,,,,,,,,,,110
386532,"Province of Rimini, Italy","Emilia-Romagna, Italy",Italy,44.072168333333,12.531985,land,saltwater,2025-11-05,,1,,1,20.60,0.00,0.00,,2,1,1,,,,,,,,1,,,,,1,,1,,,,,1,,,,,,,,,,,,,,,,1,,,,,,,,,,,,,,,,,,,9
386781,"Free municipal consortium of Trapani, Italy","Sicily, Italy",Italy,38.014922238086,12.503772780223,land,saltwater,2025-11-10,"Polo Scolastico Mattarella “Acqua d’aMare”",30,,30,300.59,0.05,0.00,,5,15,10,27,10,,43,2,281,,5,21,1,3,35,,10,4,10,,1,40,2,,,17,6,5,,1,2,,12,20,,,,,29,,,,,63,,,,,,,,,,,,,,680
389246,"Metropolitan City of Rome Capital, Italy","Lazio, Italy",Italy,41.912761500661,12.471398001341,land,freshwater,2025-12-18,"Marevivo Lombardia",400,,400,275.58,0.62,0.00,,3,8,,55,9,2,1,30,,,,,,,6,,,10,,,,5,,,,,,2,15,,,3,5,6,2,100,20,,3,,2,,,,,,,,,,,,,,,,,287
389247,"Metropolitan City of Rome Capital, Italy","Lazio, Italy",Italy,41.912835263628,12.471443402378,land,freshwater,2025-12-18,"Marevivo Lombardia",30,,30,37.48,0.00,0.00,,,,,5,2,1,,5,1163,,,,,,,,,,,,,,,,,,,,2,,,,,,,30,11,,,,,,,,,,,,,,,,,,,,,1219
389248,"Metropolitan City of Rome Capital, Italy","Lazio, Italy",Italy,41.912769114929,12.471387556452,land,freshwater,2025-12-18,"Marevivo Lombardia",35,,35,0.22,0.00,0.00,,,,,,,,,,2018,,,,,,,,,,,,,,,,,,,,,,,,,,,,,,,,,,,,,,,,,,,,,,,,,2018
389250,"Province of Pesaro and Urbino, Italy","Marche, Italy",Italy,43.9217452,12.899148,land,saltwater,2025-12-18,"Marevivo Emilia Romagna",43,,43,149.91,0.62,0.00,,2,,8,5,5,,3,100,3,,,9,,9,8,3,13,6,143,,,7,,,,8,3,2,3,,,2,2,,6,150,32,3,24,,,2,1,68,,,,,,,,,,,,,,630
389809,"Province of Verbano-Cusio-Ossola, Italy","Piedmont, Italy",Italy,45.94483387,8.4951212,land,freshwater,2026-01-06,BioNet,11,,11,92.59,1.55,0.00,,12,67,67,85,136,44,2,16,120,,61,12,14,17,74,,8,10,4,8,,3,,4,3,4,14,1,3,,1,,,2,8,9,49,,,9,1,,,29,,,,,,,,,,,,,,897
390771,"Province of Macerata, Italy","Marche, Italy",Italy,43.300425517323,13.709936788081,land,inland,2025-12-22,"mareggiata green clean up",1,,1,2.00,0.00,0.00,1,,,,,,,,,,,,,,,,,,,,,,,,,,,,,,,,,,,,,,,,,,,,,,,,,,,,,,,,,,
390782,"Province of Teramo, Italy","Abruzzo, Italy",Italy,42.6785194,14.0135877,land,inland,2026-01-17,"mareggiata green clean up",8,,8,99.21,0.00,0.00,11,,,,,,,,,,,,,,,,,,,,,,,,,,,,,,,,,,,,,,,,,,,,,,,,,,,,,,,,,,
391598,"Metropolitan City of Rome Capital, Italy","Lazio, Italy",Italy,42.0894723,11.7940985,land,saltwater,2026-01-21,"marevivo Lazio",24,,24,45.00,0.00,0.00,6,,,,,,,,,,,,,,,,,,,,,,,,,,,,,,,,,,,,,,,,,,,,,,,,,,,,,,,,,,
391679,"Province of Teramo, Italy","Abruzzo, Italy",Italy,42.6785194,14.0135877,land,inland,2026-01-31,"mareggiata green clean up",1,,1,61.73,0.00,0.00,4,,,,,,,,,,,,,,,,,,,,,,,,,,,,,,,,,,,,,,,,,,,,,,,,,,,,,,,,,,
392845,"Province of Teramo, Italy","Abruzzo, Italy",Italy,42.670109084146,14.023727460672,land,inland,2026-02-22,"mareggiata green clean up",6,,6,79.35,0.00,0.00,6,,,,,,,,,,,,,,,,,,,,,,,,,,,,,,,,,,,,,,,,,,,,,,,,,,,,,,,,,,
394845,"Province of Macerata, Italy","Marche, Italy",Italy,43.300430055602,13.709967803826,land,saltwater,2026-02-28,"mareggiata green clean up",6,,6,46.29,0.00,0.00,3,,,,,,,,,,,,,,,,,,,,,,,,,,,,,,,,,,,,,,,,,,,,,,,,,,,,,,,,,,
396073,"Province of Pesaro and Urbino, Italy","Marche, Italy",Italy,43.895372926083,12.894171859767,land,inland,2026-03-06,"cefalo cut?& goat?",100,,100,"1,107.62",0.05,0.00,,,,,,,,,,,,,,,,,,,,,48,,,,,,,,,,,,,,,,,,2,,,,1,,,,,,,,,,,,,,,,51
398809,"Province of Pesaro and Urbino, Italy","Marche, Italy",Italy,43.878248792295,12.966528168761,land,saltwater,2026-03-12,"2ALS reef check Gubbio",20,,20,304.10,0.00,0.00,,3,10,1,,,,,11,25,,,,10,,9,1,6,6,20,,2,,,,30,2,,,3,1,,1,2,15,,102,64,,,,,1,,34,,,,,,,,,,,,,,359
398810,"Province of Pesaro and Urbino, Italy","Marche, Italy",Italy,43.878194153442,12.966550786026,land,saltwater,2026-03-12,"3°ALS Reef check",20,,20,51.93,0.47,0.00,,20,30,5,5,2,4,10,20,10,13,1,1,2,3,5,2,2,1,25,4,,5,,60,2,3,2,1,1,,,2,1,1,,1,7,,,,4,1,,105,,,,,,,,,,,,,,361
398813,"Province of Pesaro and Urbino, Italy","Marche, Italy",Italy,43.87813784,12.96730036,land,saltwater,2026-03-12,"2BLS reef check Gubbio",22,,22,12.50,0.20,0.00,,2,13,1,1,,,,5,8,,,,,2,7,,4,,7,,,,,,13,,,1,,,,,,1,2,7,8,1,,,1,,,139,,,,,,,,,,,,,,223
398815,"Province of Pesaro and Urbino, Italy","Marche, Italy",Italy,43.8793068,12.9640632,land,saltwater,2026-03-12,"3BlS Gubbio Reef check",17,,17,36.37,0.00,0.00,,,,2,,,,,14,9,,,,,,3,,11,,19,1,,1,,,42,,,,3,2,,,,1,1,47,11,,,,,,,108,,,,,,,,,,,,,,275
399323,"Province of Teramo, Italy","Abruzzo, Italy",Italy,42.669990901557,14.024076141851,land,saltwater,2026-03-15,"mareggiata green clean up",13,,13,77.15,0.00,0.00,5,,,,,,,,,,,,,,,,,,,,,,,,,,,,,,,,,,,,,,,,,,,,,,,,,,,,,,,,,,
400835,"Province of Pesaro and Urbino, Italy","Marche, Italy",Italy,43.951051971014,12.828488119381,land,saltwater,2026-04-11,"classe 2 F  - greta cangini  federico bianchi reef check",11,,11,178.57,0.12,0.00,,1,7,4,7,1,2,3,44,1,3,1,8,2,8,2,2,,1,156,,,1,,,2,2,1,,3,,,3,1,3,2,73,23,,,,2,,,64,,,,,,,,,,,,,,433
400836,"Province of Pesaro and Urbino, Italy",,Italy,43.952226546298,12.830062081101,land,saltwater,2026-04-11,"Angelica Magnani 2F reef check",6,,6,77.80,0.30,0.00,,1,1,4,6,,1,,17,3,,,,1,3,5,8,6,,57,1,,2,,8,8,2,9,,1,2,,2,3,3,2,57,4,,,,2,,,195,,,,,,,,,,,,,,414
400837,"Province of Pesaro and Urbino, Italy",,Italy,43.951436695663,12.829899768168,land,saltwater,2026-04-11,"Tornati Nancy 2d reef check",6,,6,67.10,0.20,0.00,,,2,,2,,2,,19,,,,1,,,,1,2,,59,,,1,,,1,2,3,1,,,,1,,1,1,17,11,,,,,,,61,,,,,,,,,,,,,,188
400838,"Province of Pesaro and Urbino, Italy",,Italy,43.951228021053,12.828570368734,land,saltwater,2026-04-11,"Giada Orsi 2d reef check",5,,5,53.31,0.24,0.00,,,,,5,,,,21,6,,,,,2,1,1,1,,39,1,,3,,,1,1,,,,1,,4,,1,,10,8,,,,,,,49,,,,,,,,,,,,,,155
400839,"Province of Pesaro and Urbino, Italy","Marche, Italy",Italy,43.951390774069,12.827821922248,land,saltwater,2026-04-11,"Giulia Campana 2D reef check",6,,6,37.74,0.05,0.00,,,2,,,,,,29,9,,,,,1,,13,8,,25,,,,,,18,,,2,,,,,,3,,85,4,,,,4,,,107,,,,,,,,,,,,,,310
400841,"Province of Pesaro and Urbino, Italy","Marche, Italy",Italy,43.9512607,12.8208579,land,saltwater,2026-04-11,prova,1,,1,0.02,0.00,0.00,,,1,,,,,,,,,,,,,,,,,,,,,,,,,,,,,,,,,,,,,,,,,,,,,,,,,,,,,,,,1
400842,"Province of Pesaro and Urbino, Italy",,Italy,43.949722532794,12.832508276079,land,saltwater,2026-04-11,"Tornati Nancy Bianchi Federico 2i reef check",7,,7,118.20,0.20,0.00,,,1,,7,,4,,19,,,,3,,,,1,1,1,107,,,,,,,2,,,,,,4,,2,2,53,6,,,,,,,17,,,,,,,,,,,,,,230
400843,"Province of Pesaro and Urbino, Italy",,Italy,43.950159870399,12.831932358998,land,saltwater,2026-04-11,"classe 2 I  - greta cangini reef check",7,,7,124.59,0.22,0.00,,2,5,1,4,1,1,,18,,,2,4,,2,1,3,2,,95,,,3,,,,10,2,,3,,,8,,3,3,47,42,,,,1,,,11,,,,,,,,,,,,,,274
400844,"Province of Pesaro and Urbino, Italy","Marche, Italy",Italy,43.934518357657,12.861562308397,land,saltwater,2026-04-11,"Angelica Magnani Giada Orsi 2I reef check",9,,9,121.91,2.17,0.00,,1,1,1,7,,,,14,,,,1,,5,4,6,,2,96,,,6,,,1,,,,,,1,7,,,2,31,2,,,,,,,24,,,,,,,,,,,,,,212
400845,"Province of Pesaro and Urbino, Italy",,Italy,43.951305698604,12.828641138801,land,saltwater,2026-04-11,"Giulia Campana 2B reef check",8,,8,111.39,0.31,0.00,,,1,,12,,,,4,,,,4,,,1,9,1,,95,,,1,,,11,8,,,,,,,,1,,70,11,,,,,,,2,,,,,,,,,,,,,,231
400852,"Province of Pesaro and Urbino, Italy","Marche, Italy",Italy,43.95119,12.82861964,land,saltwater,2026-04-11,"Aurora Qerreti 2F, reef check",6,,6,111.65,0.10,0.00,,1,,,4,,,4,22,4,1,,2,,1,,3,,,95,,,1,,,,,,,2,,,1,,2,,77,22,,,,,1,,250,,,,,,,,,,,,,,493
400853,"Province of Pesaro and Urbino, Italy",,Italy,43.9511087,12.82952449,land,saltwater,2026-04-11,"Aurora Qerreti 2B, reef check",8,,8,151.75,0.30,0.00,,2,,1,4,,,,14,,,,5,,,,9,,,128,,,3,,,,1,,,,,,1,,3,1,90,18,1,,,,,,28,,,,,,,,,,,,,,309
400917,"Province of Pesaro and Urbino, Italy","Marche, Italy",Italy,43.84668231923,13.024275319379,land,inland,2026-04-13,"1Dafm Pascucci",4,,4,14.87,0.00,0.00,,,,,,1,,4,13,11,,1,1,,,1,1,1,4,12,,,,,,3,,2,,,,,1,1,,2,7,,,,,,,,9,,,,,,,,,,,,,,75
400918,"Province of Pesaro and Urbino, Italy","Marche, Italy",Italy,43.844492831267,13.018896728754,land,saltwater,2026-04-13,"Reby, Rim, Daniel, Alfonso, Aminata",5,,5,6.15,0.00,0.00,,,4,,1,,,1,6,11,,,,,,,,1,,,1,,1,,,,,,,,,,,5,,,3,9,,,,,,,4,,,,,,,,,,,,,,47
400919,"Province of Pesaro and Urbino, Italy","Marche, Italy",Italy,43.844594268597,13.018907517275,land,inland,2026-04-13,"nikita aura🥥🍎🫐",4,,4,10.13,0.00,0.00,,3,5,,1,1,2,4,4,12,,1,,1,1,,2,2,,5,,,1,,,,,2,,1,,,2,2,,,3,1,,,,6,,,11,,,,,,,,,,,,,,73
400920,"Province of Pesaro and Urbino, Italy","Marche, Italy",Italy,43.846861066497,13.025078209689,land,inland,2026-04-13,"dream team",4,,4,5.58,0.30,0.00,,,1,3,4,1,,12,,15,2,,2,,,,,4,1,2,,,,,10,,,,,,,,2,,2,,5,,,,,,,,9,,,,,,,,,,,,,,75
400921,"Province of Pesaro and Urbino, Italy","Marche, Italy",Italy,43.846841569274,13.025073538027,land,inland,2026-04-13,"kekka troncato",4,,4,8.75,0.16,0.00,,,1,2,,2,,1,6,9,,,,4,,,,,,,,,1,,,,,,,,,,,1,,,8,26,,,,,1,,43,,,,,,,,,,,,,,105
400975,"Province of Rimini, Italy","Emilia-Romagna, Italy",Italy,43.966923333333,12.74923,land,saltwater,2026-04-15,,1,,1,0.05,0.01,0.00,,3,,,,,,,,,,,,,,,,,,,,,,,,,,,,,,,,,,,,,,,,,,,,,,,,,,,,,,,,,3
400986,"Province of Rimini, Italy","Emilia-Romagna, Italy",Italy,43.966945,12.749066666667,land,saltwater,2026-04-15,,1,,1,0.05,0.00,0.00,,3,,,,,,,,,,,,,,,,,,,,,,,,,,,,,,,,,,,,,,,,,,,,,,,,,,,,,,,,,3
401057,"Province of Rimini, Italy","Emilia-Romagna, Italy",Italy,44.049709825481,12.583957040304,land,saltwater,2026-04-17,"Senatori della RDE",5,,5,29.39,0.00,0.00,,,5,3,,,3,,6,2,,3,2,,1,1,,,1,11,,,6,,2,1,,,,1,,,,,,,,,,,,,,,220,,,,,,,,,,,,,,268
401058,"Province of Rimini, Italy","Emilia-Romagna, Italy",Italy,44.027288424573,12.628000852686,land,inland,2026-04-17,Kardashan,5,,5,15.16,0.05,0.00,,1,3,2,3,1,,,2,,2,,1,,,,,,2,11,1,,,,,,,,,,,,,,,,7,5,,,,,,,11,,,,,,,,,,,,,,52
401059,"Province of Rimini, Italy","Emilia-Romagna, Italy",Italy,44.027383333333,12.62853,land,saltwater,2026-04-17,444,4,,4,25.07,0.86,0.00,,16,71,4,4,1,,7,5,5,,2,,,,4,,12,,,,,,1,,1,,2,,,,,,,,1,,,,,,8,1,1,9,,,,,,,,,,,,,,155
401061,"Province of Pesaro and Urbino, Italy",,Italy,43.951153135899,12.828874290001,land,saltwater,2026-04-17,"Matteucci, Salvatori, Lanzetti, Pavarin, Santoro",1,,1,145.15,0.11,0.00,,,,1,,,3,,30,,,,,,1,1,4,1,,122,2,,4,,6,3,1,2,,1,,,,,,4,49,3,,,,,,,190,,,,,,,,,,,,,,428
401062,"Province of Pesaro and Urbino, Italy","Marche, Italy",Italy,43.95045903401,12.829685960771,land,saltwater,2026-04-17,"cecchi, amadori, dragomanni, gabellini, del prete",5,,5,187.75,0.42,0.00,,1,2,,11,,2,1,44,,7,2,7,1,2,,2,1,2,150,1,,9,,,,,,,,,2,6,,5,1,56,5,,3,,3,,,41,,,,,,,,,,,,,,367
401063,"Province of Pesaro and Urbino, Italy","Marche, Italy",Italy,43.951002386406,12.82888121073,land,saltwater,2026-04-17,"lani, piccardi, masini, sperindei,carboni, ceccolini",6,,6,96.16,0.11,0.00,,,2,,3,,,,27,,,,3,1,,2,5,,,92,,,,,,,1,1,1,2,,,3,,2,,4,5,,,,7,,1,63,,,,,,,,,,,,,,225
401064,"Province of Pesaro and Urbino, Italy","Marche, Italy",Italy,43.927180862756,12.88471163672,land,saltwater,2026-04-17,"generali, tesei, leonardi, mancini, miserendino",6,,6,134.56,3.62,0.00,,1,2,1,2,,,3,41,10,,3,,,3,5,,9,,65,44,,,,,3,5,5,,,,,,2,,2,82,5,,,,7,2,1,34,,,,,,,,,,,,,,337
401065,"Province of Pesaro and Urbino, Italy","Marche, Italy",Italy,43.9510427,12.82844428,land,saltwater,2026-04-17,"ovani ringhini Guidetti Pierleoni",4,,4,247.80,0.33,0.00,,2,3,1,3,2,1,,23,,,,,,,,4,5,,72,2,1,12,,,14,,,,2,,,2,,4,,78,,,,,,,,13,,,,,,,,,,,,,,244
401068,"Province of Pesaro and Urbino, Italy","Marche, Italy",Italy,43.895033232857,12.893743675594,land,saltwater,2026-04-10,"liceo marconi",5,,5,53.51,0.00,0.00,,1,,,2,,2,,2,8,,,,,,12,,1,1,35,3,,,,,,2,,,,1,,,2,2,,111,,,1,,16,,,94,,,,,,,,,,,,,,296
401069,"Province of Pesaro and Urbino, Italy",,Italy,43.951066248601,12.828953159036,land,saltwater,2026-04-17,"Bartocetti, Fraternali R, Lavanna, Santi, Ramaioli, Severini",6,,6,48.74,0.12,0.00,,,,,2,,1,,14,,,,1,,,5,2,,,42,,,,,,2,,,,,,,2,1,1,1,39,,,,,,,,29,,,,,,,,,,,,,,142
401070,"Province of Rimini, Italy","Emilia-Romagna, Italy",Italy,44.027574436672,12.628146401319,land,saltwater,2026-04-17,mickymouse,4,,4,12.32,1.32,0.00,,,,2,,,,,8,5,,,,,,,,24,,9,1,,,,,,,,,,,,,,,,,7,,,,1,,,43,,,,,,,,,,,,,,100
401071,"Province of Pesaro and Urbino, Italy","Marche, Italy",Italy,43.951033093117,12.828596728978,land,saltwater,2026-04-17,"fraternali, lani, marinozzi, di sciullo, carnevali, loda",1,,1,118.55,0.23,0.00,,,3,,2,,,,17,2,,,,,,1,2,2,1,115,,,,,,,,,,2,,,,,5,,,17,,,,6,,,125,,,,,,,,,,,,,,300
401072,"Province of Pesaro and Urbino, Italy","Marche, Italy",Italy,43.951022258227,12.828537469691,land,saltwater,2026-04-17,"gresta, ciaroni, rondini, mancini, fabbri, ricci, foglietta",1,,1,213.39,0.00,0.00,,1,2,,2,,2,3,23,1,1,,,,,9,1,,1,125,46,,7,,,,11,,,4,,1,3,1,,3,37,,,,,1,2,,114,,,,,,,,,,,,,,401
401073,"Province of Pesaro and Urbino, Italy","Marche, Italy",Italy,43.9509629,12.82856568,land,saltwater,2026-04-17,"Pagnini, Landi, Baldassarri,Bressan,Pistone,Carbone,Mazzoli",7,,7,192.16,0.29,0.00,,5,,,5,,,,16,,,,,,5,,2,2,,122,,,12,1,,40,,,,1,,,5,,1,,92,2,,,,,2,1,27,,,,,,,,,,,,,,341
401125,"Province of Ancona, Italy","Marche, Italy",Italy,43.706048649239,13.240097227449,land,saltwater,2026-04-18,"curva sud",6,,6,44.00,0.20,0.00,,6,12,,9,,2,1,5,4,1,1,1,,1,1,2,,,13,1,,3,1,3,3,,,,,,,,,,,,3,,,,,,,18,,,,,,,,,,,,,,91
401126,"Province of Ancona, Italy","Marche, Italy",Italy,43.706038333333,13.239855,land,saltwater,2026-04-18,"Melissa Pinti",6,,6,78.70,0.50,0.00,,1,11,10,4,,,,15,1,,1,2,,,2,,3,,32,4,,7,,,13,1,4,,1,,,,,,1,119,5,,,,,,,1,,,,,,,,,,,,,,238
401127,"Province of Ancona, Italy","Marche, Italy",Italy,43.706055,13.240113333333,land,saltwater,2026-04-18,,5,,5,43.65,0.54,0.00,,3,6,,,,,,9,2,3,1,5,1,1,,4,5,,27,,,2,,,1,2,2,,2,,,1,,2,,63,10,,,,,,,4,,,,,,,,,,,,,,156
401128,"Province of Ancona, Italy","Marche, Italy",Italy,43.706164232334,13.239834185947,land,inland,2026-04-18,"Sofia Carlino Liceo E.Medi",6,,6,5.26,0.02,0.00,,1,7,,,,,1,3,,,,1,,3,1,1,,,,,,1,,,2,,,,,,,1,,,,11,1,,,,6,,,58,,,,,,,,,,,,,,98
401129,"Province of Ancona, Italy","Marche, Italy",Italy,43.706115742725,13.23969168448,land,inland,2026-04-18,girlpower,6,,6,20.20,0.60,0.00,,,19,1,3,,6,3,10,3,,,1,,,1,2,3,1,10,,,3,,,,1,4,,,1,,,,1,,,4,,,,,,,8,,,,,,,,,,,,,,85
401130,"Province of Ancona, Italy","Marche, Italy",Italy,43.7055605,13.2398169,land,inland,2026-04-18,"la gang del 67",6,,6,48.73,0.57,0.00,,,1,,2,1,7,,3,1,,,,,8,2,,,,10,,,14,,,,,,,,,,1,,1,,,,,,,,,,4,,,,,,,,,,,,,,55
401132,"Province of Ancona, Italy",,Italy,43.70637,13.23983,land,inland,2026-04-18,"Christian Sturani",6,,6,37.86,0.68,0.00,,3,7,,2,3,4,,,,,,1,,2,,1,,,,,,5,1,,,1,2,,1,,,3,,,1,7,4,,,,1,,,13,,,,,,,,,,,,,,62
401133,"Province of Ancona, Italy","Marche, Italy",Italy,43.705416644085,13.239483677297,land,inland,2026-04-18,Lisa,7,,7,14.87,0.51,0.00,,1,4,7,1,,1,,2,,1,,,,,9,,1,,6,,,1,,,3,,2,,1,,,1,,,,7,2,,,,,,,9,,,,,,,,,,,,,,59
401134,"Province of Ancona, Italy","Marche, Italy",Italy,43.705201553013,13.239541362976,land,inland,2026-04-18,AURA67,6,,6,19.04,0.31,0.00,,2,6,,,,1,,,4,,,1,2,,,,2,,8,,,2,,,1,,1,,2,,,2,,,,26,4,,,,1,,,13,,,,,,,,,,,,,,78
401429,"Province of Rimini, Italy","Emilia-Romagna, Italy",Italy,44.027341153859,12.628090174956,land,inland,2026-04-17,,5,,5,95.25,1.14,0.00,,1,178,7,13,1,3,1,10,8,40,12,1,,,1,,4,2,27,,,22,,,,,,,,,,,,,,,1,,,,,,,,,,,,,,,,,,,,,332
401430,"Province of Rimini, Italy","Emilia-Romagna, Italy",Italy,44.027835716667,12.629108316667,land,inland,2026-04-17,,4,,4,26.45,0.02,0.00,,4,6,1,4,,,,1,11,4,,2,,,,,6,,19,,,,,,1,3,,,,,,,,,,26,11,,,,5,,,28,,,,,,,,,,,,,,132
401431,"Province of Rimini, Italy","Emilia-Romagna, Italy",Italy,44.027805,12.628433333333,land,inland,2026-04-17,girls,5,,5,30.68,0.68,0.00,,,9,3,5,3,3,1,9,12,,,,,,1,,8,1,22,3,,,,,4,,2,,1,1,,,,,4,,,,,,2,,1,86,,,,,,,,,,,,,,181
401432,"Province of Rimini, Italy","Emilia-Romagna, Italy",Italy,44.027635146237,12.628613064111,land,saltwater,2026-04-17,gioele,4,,4,5.11,0.00,0.00,,1,1,,,,,,1,,,,,,,,1,,2,3,,,,,,,2,3,6,1,1,1,,1,,1,,3,,,,,,,12,,,,,,,,,,,,,,40
401433,"Province of Rimini, Italy","Emilia-Romagna, Italy",Italy,44.027321222776,12.628222893592,land,saltwater,2026-04-17,,5,,5,15.91,0.11,0.00,,2,1,2,,1,,3,2,2,3,,,,,,,,2,8,,,2,,,,1,,,,,,,,,,1,7,,6,,,,,11,,,,,,,,,,,,,,54
401434,"Province of Rimini, Italy","Emilia-Romagna, Italy",Italy,44.027429948804,12.628332939447,land,inland,2026-04-17,terroni,5,,5,13.98,0.13,0.00,,,1,,1,1,,,4,3,,,1,,,,2,4,,5,,,2,,,,,,,,,,,,,1,,,,1,,,,,11,,,,,,,,,,,,,,37
401435,"Province of Rimini, Italy","Emilia-Romagna, Italy",Italy,44.02750913179,12.628170546429,land,inland,2026-04-17,Churrones,4,,4,9.05,0.08,0.00,,,,1,,,,,1,10,,,,,,,,7,,5,,,,,,,,1,,,,,,,,,27,1,,,,,,,,,,,,,,,,,,,,,53
401436,"Province of Rimini, Italy","Emilia-Romagna, Italy",Italy,44.027104318215,12.628355562939,land,saltwater,2026-04-17,"i ribelli",4,,4,2.30,0.20,0.00,,1,3,,1,,,1,,9,,,1,,1,,,1,,,,,,,,,,,,,,,3,,,,,,1,,1,2,,,,,,,,,,,,,,,,,25
401437,"Province of Rimini, Italy","Emilia-Romagna, Italy",Italy,44.027966195717,12.62913538143,land,saltwater,2026-04-17,sl,1,,1,3.32,0.28,0.00,,,5,,2,3,5,,6,3,,,,,,2,,7,,,,,1,,,,,,,,1,,,,,,,1,,,,1,1,,45,,,,,,,,,,,,,,83
401438,"Province of Rimini, Italy","Emilia-Romagna, Italy",Italy,44.027336666667,12.628336666667,land,saltwater,2026-04-17,valturio,3,,3,0.20,0.37,0.00,,2,,,,,,1,4,,,,,,,,1,,,,,,,,,,,,,,,,,,,,,1,,,,,,,6,,,,,,,,,,,,,,15
401513,"Province of Ancona, Italy","Marche, Italy",Italy,43.7197926,13.2152224,land,saltwater,2026-04-18,,5,,5,25.09,0.00,0.00,,3,18,1,2,,2,,7,,,,4,,,6,,1,1,,,,3,,,,1,,1,,,,2,,,6,71,21,,,,1,,,10,,,,,,,,,,,,,,161
401514,"Province of Ancona, Italy","Marche, Italy",Italy,43.705320882415,13.239369324523,land,inland,2026-04-18,,4,,4,35.81,0.38,0.00,,4,5,,3,,,,,,,,1,1,,,,,,28,,,2,,,3,4,5,,1,,,,,,,,3,,,,3,,,4,,,,,,,,,,,,,,67
401700,"Province of Pesaro and Urbino, Italy","Marche, Italy",Italy,43.951737458855,12.827307050669,land,saltwater,2026-04-24,"Liceo Mamiani grupo Dalila - Axl - Oier - Valerie",4,,4,22.05,0.31,0.00,1,1,,,,,,,,,,,,,,,5,,,25,,,,,,,,,,,,,,,,,21,,,,,,,,18,,,,,,,,,,,,,,70
401702,"Province of Pesaro and Urbino, Italy","Marche, Italy",Italy,43.951737458855,12.827307050669,land,saltwater,2026-04-24,"Liceo Mamiani Pesaro",4,,4,26.46,0.16,0.00,,,,,,,,,10,7,,,,,,,,,,10,,,,,,,,,,,,,,5,,,,1,,,,,,,20,,,,,,,,,,,,,,53
401704,"Province of Pesaro and Urbino, Italy","Marche, Italy",Italy,43.951737458855,12.827307050669,land,saltwater,2026-04-24,"Liceo Linguistico mamiani Pesaro",4,,4,17.64,0.16,0.00,,,,,,,,1,9,,,,,,,,,,,26,,,,,,,,,,,3,,,,3,,,1,,,,,,,34,,,,,,,,,,,,,,77
401705,"Province of Pesaro and Urbino, Italy","Marche, Italy",Italy,43.951737458855,12.827307050669,land,saltwater,2026-04-24,"Liceo linguistico Mamiani Pesaro",4,,4,22.05,0.00,0.00,1,,2,1,1,,,2,4,,,,,,,,,,,25,,,,,,,2,,,,,,2,,,,12,,,,,,,1,,,,,,,,,,,,,,,52
401707,"Province of Pesaro and Urbino, Italy","Marche, Italy",Italy,43.951737458855,12.827307050669,land,saltwater,2026-04-24,"Liceo linguistico Mamiani Pesaro",1,,1,0.00,0.00,0.00,,,,,1,,,,5,3,,1,,,2,,,5,,,,,,,,10,1,,,,,,,,5,,50,10,,,,,1,,120,,,,,,,,,,,,,,214
401708,"Province of Pesaro and Urbino, Italy","Marche, Italy",Italy,43.951737458855,12.827307050669,land,saltwater,2026-04-24,"Liceo Linguistico Mamiani",1,,1,2.20,0.00,0.00,,,2,,,,,,,,,,,,,,,,,17,,,,,,,,,,,,,,,,,28,5,,,,,,,,,,,,,,,,,,,,,52
402274,"Metropolitan City of Messina, Italy","Sicily, Italy",Italy,38.123027993165,15.106730382846,land,saltwater,2026-05-03,EL,1,,1,46.74,0.05,0.00,,2,3,5,11,6,2,14,25,20,4,,10,,5,9,15,38,14,1,5,,2,1,,,5,3,,,1,,,,2,1,9,36,13,21,,,1,,121,,,,,,,,,,,,,,405
402390,"Province of Teramo, Italy","Abruzzo, Italy",Italy,42.708859608415,13.83744028139,land,saltwater,2026-04-04,"mareggiata green clean up",13,,13,192.88,0.00,0.00,13,,,,,,,,,,,,,,,,,,,,,,,,,,,,,,,,,,,,,,,,,,,,,,,,,,,,,,,,,,
402440,"Province of Ascoli Piceno, Italy","Marche, Italy",Italy,42.903727109124,13.909711283936,land,saltwater,2026-05-07,"Gruppo 11",4,,4,71.99,0.29,0.00,,2,6,,6,1,1,,7,7,,,10,,,3,,,,2,1,,1,3,,3,,2,,2,1,,2,,4,1,12,8,1,,,,,,70,,,,,,,,,,,,,,156
402441,"Province of Ascoli Piceno, Italy","Marche, Italy",Italy,42.903766197655,13.90972463305,land,saltwater,2026-05-07,"gruppo 6",5,,5,7.50,0.12,0.00,,,,,,,,,,12,,,2,,,,,,2,6,,,,,1,5,,1,,1,,,1,,1,,,1,,,,,2,,314,,,,,,,,,,,,,,349
402442,"Province of Ascoli Piceno, Italy","Marche, Italy",Italy,42.903967190276,13.909836390657,land,inland,2026-05-07,"gruppo 8",5,,5,43.11,0.12,0.00,,4,1,2,11,,2,4,11,,5,,3,,4,14,1,,6,1,,,2,1,1,10,8,1,,5,,,,2,2,7,46,3,,,,,,,,,,,,,,,,,,,,,157
402443,"Province of Ascoli Piceno, Italy","Marche, Italy",Italy,42.9059,13.9033588,land,inland,2026-05-07,7,5,,5,51.99,0.00,0.00,,4,4,2,4,1,,1,6,6,,,3,,1,3,,3,2,13,1,,7,,,4,,1,,,,,2,,4,6,33,64,,,,,3,,48,,,,,,,,,,,,,,226
402444,"Province of Ascoli Piceno, Italy","Marche, Italy",Italy,42.9059,13.9033588,land,inland,2026-05-07,7,1,,1,7.72,0.00,0.00,1,,,,,,,,,,,,,,,,,,,,,,,,,,,,,,,,,,,,,,,,,,,,,,,,,,,,,,,,,,
402445,"Province of Ascoli Piceno, Italy","Marche, Italy",Italy,42.903716666667,13.909705,land,inland,2026-05-07,perkele,5,,5,143.36,0.02,0.00,,3,13,,2,2,,,,3,,,,1,1,,,1,1,1,3,1,3,,,4,1,1,,,,1,2,,,,,2,,,,,6,1,92,,,,,,,,,,,,,,145
402447,"Province of Ascoli Piceno, Italy","Marche, Italy",Italy,42.90391754915,13.910038573524,land,inland,2026-05-07,"Picchini Massimo liceo da vinci",5,,5,16.98,0.19,0.00,,,1,,1,,1,,5,4,,,,1,,,,,,7,,,2,,,3,,,,,,,3,1,,,18,4,,,,2,5,1,63,,,,,,,,,,,,,,122
402448,"Province of Ascoli Piceno, Italy","Marche, Italy",Italy,42.90248374,13.91044929,land,saltwater,2026-05-07,,2,,2,4.80,0.01,0.00,,,,,,,,,,1,,,,,,,,,,2,,,1,,,,,,,,,,,,,,1,,,,,,,,25,,,,,,,,,,,,,,30
402449,"Province of Ascoli Piceno, Italy","Marche, Italy",Italy,42.896278933589,13.902556268901,land,inland,2026-05-07,"gin tonic",6,,6,20.50,0.99,0.00,,1,1,,,,,,2,2,,,3,,,1,1,,1,,,,2,,,13,,,,1,,,1,,,2,66,29,,,,,1,1,19,,,,,,,,,,,,,,147
402450,"Province of Ascoli Piceno, Italy","Marche, Italy",Italy,42.903906666667,13.909868333333,land,inland,2026-05-07,3,6,,6,31.90,0.40,0.00,,,,2,7,1,1,,3,,,,3,,,,3,,,3,1,,1,1,,4,,,,1,,,4,,3,1,2,,1,,,,2,,23,,,,,,,,,,,,,,67
402451,"Province of Ascoli Piceno, Italy","Marche, Italy",Italy,42.895570051334,13.906713164348,land,inland,2026-05-07,,6,,6,25.76,0.78,0.00,,10,18,1,1,,1,3,3,1,14,1,,1,5,1,,,,2,4,,5,,1,2,,,,,,,2,,,,21,,,1,,1,1,1,9,,,,,,,,,,,,,,110
402452,"Province of Ascoli Piceno, Italy","Marche, Italy",Italy,42.898337595312,13.90735133138,land,inland,2026-05-07,"matilde liceo da vinci",6,,6,54.16,0.45,0.00,,,4,7,7,,,,4,12,,1,2,1,3,2,,2,,,,,7,1,,,10,,,2,,,7,,2,2,29,1,,,,,,,256,,,,,,,,,,,,,,362
402525,"Province of Sulcis Iglesiente, Italy","Sardinia, Italy",Italy,39.1118,8.522,land,saltwater,2025-01-11,"Is Pitzus - Marevivo",22,,22,"1,632.40",0.25,0.00,114,,,,,,,,,,,,,,,,,,,,,,,54,,,,,,,,,,,,,,,,,,,,,,,,,,,,,,,,,,,54
402526,"Province of Sulcis Iglesiente, Italy",,Italy,39.1087,8.3638,land,saltwater,2025-01-25,"Spiaggia Grande - Marevivo",26,,26,594.00,0.25,0.00,34,,,,,,,,,,,,,,,,,,,,,,,,,,,,,,,,,,,,,,,,,,,,,,,,,,,,,,,,,,
402527,"Metropolitan city of Catania, Italy","Sicily, Italy",Italy,37.38412527,15.09029192,land,saltwater,2025-01-30,"Sicilia - Marevivo",35,,35,286.00,0.25,0.00,,,,,,,,,,,,,,,,,,,,,,,,,,,,,,,,,,,,,,,,,,,,,,,,,,,,,,,,,,,
402528,"Metropolitan City of Cagliari, Italy","Sardinia, Italy",Italy,39.1387,9.5267,land,saltwater,2025-02-09,"Spiaggia Simius - Marevivo",16,,16,613.80,0.25,0.00,29,,,,,,,,,,,,,,,,,,,,,,,,,,,,,,,,,,,,,,,,,,,,,,,,,,,,,,,,,,
402529,"Province of Grosseto, Italy","Tuscany, Italy",Italy,42.3933,11.4412,land,saltwater,2025-02-15,"Spiaggia di Torba - Marevivo",50,,50,316.80,0.25,0.00,,,,,,,,,,,,,,,,,,,,,,,,,,,,,,,,,,,,,,,,,,,,,,,,,,,,,,,,,,,
402530,"Province of Sulcis Iglesiente, Italy","Sardinia, Italy",Italy,39.2562,8.4354,land,saltwater,2025-02-15,"Porto Paglia - Marevivo",24,,24,682.00,0.25,0.00,37,,,,,,,,,,,,,,,,,,,,,,,8,,,,,,,,,,,,,,,,,,,,,,,,,,,,,,,,,,,8
402531,"Province of Sulcis Iglesiente, Italy","Sardinia, Italy",Italy,38.9734,8.6025,land,saltwater,2025-02-22,"Spiaggia di Porto Pineddu - Marevivo",29,,29,877.80,0.25,0.00,50,,,,,,,,,,,,,,,,,,,,,,,,,,,,,,,,,,,,,,,,,,,,,,,,,,,,,,,,,,
402532,"Province of Sulcis Iglesiente, Italy","Sardinia, Italy",Italy,39.1476,8.5104,land,saltwater,2025-03-08,"Portobotte - Marevivo",32,,32,924.00,0.25,0.00,57,,,,,,,,,,,,,,,,,,,,,,,32,,,,,,,,,,,,,,,,,,,,,,,,,,,,,,,,,,,32
402533,"Province of Varese, Italy","Lombardy, Italy",Italy,45.8392,8.7245,land,saltwater,2025-03-21,"- Marevivo",200,,200,264.88,0.25,0.00,,,,,,,,,,,,,,,,,,,,,,,,,,,,,,,,,,,,,,,,,,,,,,,,,,,,,,,,,,,
402534,"Province of Sulcis Iglesiente, Italy","Sardinia, Italy",Italy,39.0408,8.6376,land,saltwater,2025-03-22,"Is Solinas - Marevivo",57,,57,464.20,0.25,0.00,29,,,,,,,,,,,,,,,,,,,,,,,,,,,,,,,,,,,,,,,,,,,,,,,,,,,,,,,,,,
402535,"Metropolitan City of Rome Capital, Italy","Lazio, Italy",Italy,41.9306,12.1142,land,saltwater,2025-03-24,"San Nicola - Marevivo",50,,50,303.27,0.25,0.00,,10,15,12,80,15,18,6,125,6,,19,,19,10,3,9,32,10,56,37,,,2,,13,4,17,2,7,,,15,,5,2,111,14,2,83,,3,19,6,90,,,,,,,,,,,,,,877
402536,"Metropolitan City of Naples, Italy","Campania, Italy",Italy,40.7416,13.858,land,saltwater,2025-04-02,"spiaggia della Chiaia - Marevivo",100,,100,88.00,0.25,0.00,,12,5,9,39,4,1,2,93,338,,1,13,9,8,17,14,26,1,13,14,,,,,,4,11,7,,,,,,12,7,192,10,,70,,,5,,143,,,,,,,,,,,,,,1080
402537,"Province of Taranto, Italy","Apulia, Italy",Italy,40.4378,17.247,land,saltwater,2025-04-02,"- Marevivo",50,,50,192.41,0.25,0.00,,,,,,,,,,,,,,,,,,,,,,,,,,,,,,,,,,,,,,,,,,,,,,,,,,,,,,,,,,,
402538,"Province of Sulcis Iglesiente, Italy","Sardinia, Italy",Italy,39.0305,8.4552,land,saltwater,2025-04-05,"Santa Caterina - Marevivo",95,,95,"1,876.60",0.25,0.00,115,,,,,,,,,,,,,,,,,,,,,,,32,,,,,,,,,,,,,,,,,,,,,,,,,,,,,,,,,,,32
402539,"Province of Sulcis Iglesiente, Italy","Sardinia, Italy",Italy,39.0978,8.5714,land,saltwater,2025-04-06,"Diga di Tratalias - Marevivo",29,,29,332.20,0.25,0.00,13,,,,,,,,,,,,,,,,,,,,,,,40,,,,,,,,,,,,,,,,,,,,,,,,,,,,,,,,,,,40
402540,"Province of Grosseto, Italy","Tuscany, Italy",Italy,42.8132,10.7614,land,saltwater,2025-04-12,"- Marevivo",40,,40,39.60,0.25,0.00,,,,,,,,,,,,,,,,,,,,,,,,,,,,,,,,,,,,,,,,,,,,,,,,,,,,,,,,,,,
402541,"Province of Sulcis Iglesiente, Italy",,Italy,39.1955,8.3827,land,saltwater,2025-04-12,"Capo Altano - Marevivo",21,,21,407.00,0.25,0.00,34,,,,,,,,,,,,,,,,,,,,,,,,,,,,,,,,,,,,,,,,,,,,,,,,,,,,,,,,,,
402542,"Province of Sulcis Iglesiente, Italy",,Italy,38.8682,8.4373,land,saltwater,2025-04-19,"Capo Sperone - Marevivo",20,,20,829.40,0.25,0.00,40,,,,,,,,,,,,,,,,,,,,,,,,,,,,,,,,,,,,,,,,,,,,,,,,,,,,,,,,,,
402543,"Metropolitan City of Rome Capital, Italy","Lazio, Italy",Italy,41.9987,12.0348,land,saltwater,2025-04-26,"- Marevivo",20,,20,25.30,0.25,0.00,,,,,,,,,,,,,,,,,,,,,,,,,,,,,,,,,,,,,,,,,,,,,,,,,,,,,,,,,,,
402544,"Province of Sulcis Iglesiente, Italy","Sardinia, Italy",Italy,39.1372,8.496,land,saltwater,2025-04-26,"Punta Trettu - Marevivo",23,,23,"1,108.80",0.25,0.00,47,,,,,,,,,,,,,,,,,,,,,,,10,,,,,,,,,,,,,,,,,,,,,,,,,,,,,,,,,,,10
402545,"Province of Lucca, Italy","Tuscany, Italy",Italy,43.8668,10.2426,land,saltwater,2025-05-03,"mare di fronte a Viareggio - Marevivo",30,,30,6.60,0.25,0.00,5,,,,,,,,,,,,,,,,,,,,,,,,,,,,,,,,,,,,,,,,,,,,,,,,,,,,,,,,,,
402546,"Province of Sulcis Iglesiente, Italy",,Italy,39.1087,8.3638,land,saltwater,2025-05-03,"Spiaggia Grande - Marevivo",27,,27,387.20,0.25,0.00,19,,,,,,,,,,,,,,,,,,,,,,,,,,,,,,,,,,,,,,,,,,,,,,,,,,,,,,,,,,
402547,"Province of Sulcis Iglesiente, Italy",,Italy,39.0985,8.3386,land,saltwater,2025-05-10,"Cussorgia  - Marevivo",18,,18,602.80,0.25,0.00,31,,,,,,,,,,,,,,,,,,,,,,,,,,,,,,,,,,,,,,,,,,,,,,,,,,,,,,,,,,
402548,"Metropolitan City of Venice, Italy","Veneto, Italy",Italy,45.1882,12.3008,land,saltwater,2025-05-11,"Grisa - Marevivo",9,,9,101.20,0.25,0.00,8,,,,,,,,,,,,,,,,,,,,,,,,,,,,,,,,,,,,,,,,,,,,,,,,,,,,,,,,,,
402549,"Province of Sulcis Iglesiente, Italy","Sardinia, Italy",Italy,39.0675,8.4521,land,saltwater,2025-05-17,"Santa caterina - ponte romano - Marevivo",21,,21,"2,514.60",0.25,0.00,131,,,,,,,,,,,,,,,,,,,,,,,5,,,,,,,,,,,,,,,,,,,,,,,,,,,,,,,,,,,5
402550,"Metropolitan City of Rome Capital, Italy","Lazio, Italy",Italy,41.8991,12.196,land,saltwater,2025-05-22,"Passoscuro - Marevivo",50,,50,155.10,0.25,0.00,,1,59,13,60,8,3,90,349,735,3,7,57,2,55,105,14,75,12,38,9,1,47,,12,55,3,85,3,15,2,1,9,12,22,15,316,191,1,419,4,3,4,22,551,,,,,,,,,,,,,,3488
402551,"Province of Sulcis Iglesiente, Italy","Sardinia, Italy",Italy,39.2237,8.3767,land,saltwater,2025-05-24,"Punta S'Aliga - Marevivo",24,,24,946.00,0.25,0.00,47,,,,,,,,,,,,,,,,,,,,,,,,,,,,,,,,,,,,,,,,,,,,,,,,,,,,,,,,,,
402552,"Province of Grosseto, Italy","Tuscany, Italy",Italy,42.3933,11.4412,land,saltwater,2025-05-24,"Spiaggia di Torba - Marevivo",30,,30,66.00,0.25,0.00,,,,,,,,,,,,,,,,,,,,,,,,,,,,,,,,,,,,,,,,,,,,,,,,,,,,,,,,,,,
402553,"Province of Sulcis Iglesiente, Italy","Sardinia, Italy",Italy,39.2672,8.4307,land,saltwater,2025-06-07,"Punta S'Arena - Marevivo",8,,8,514.80,0.25,0.00,25,,,,,,,,,,,,,,,,,,,,,,,,,,,,,,,,,,,,,,,,,,,,,,,,,,,,,,,,,,
402554,"Province of Sulcis Iglesiente, Italy","Sardinia, Italy",Italy,39.1434,8.3057,land,saltwater,2025-06-15,"Colmata Nord - Marevivo",26,,26,"1,183.60",0.25,0.00,55,,,,,,,,,,,,,,,,,,,,,,,,,,,,,,,,,,,,,,,,,,,,,,,,,,,,,,,,,,
402555,"Province of Sulcis Iglesiente, Italy","Sardinia, Italy",Italy,39.0671,8.4568,land,saltwater,2025-07-12,"Ponte per le saline - Marevivo",13,,13,783.20,0.25,0.00,38,,,,,,,,,300,,,,,,,,,,,,,,,,,,,,,,,,,,,,,,,,,,,,,,,,,,,,,,,,,300
402556,"Province of Sulcis Iglesiente, Italy","Sardinia, Italy",Italy,39.031,8.4557,land,saltwater,2025-07-19,"S. Caterina Distributore - Marevivo",13,,13,391.60,0.25,0.00,20,,,,,,,,,,,,,,,,,,,,,,,,,,,,,,,,,,,,,,,,,,,,,,,,,,,,,,,,,,
402557,"Metropolitan City of Venice, Italy","Veneto, Italy",Italy,45.4605,12.5668,land,saltwater,2025-05-23,"Cavallino - Marevivo",25,,25,136.40,0.25,0.00,7,,,,,,,,,,,,,,,,,,,,,,,,,,,,,,,,,,,,,,,,,,,,,,,,,,,,,,,,,,
402558,"Province of Sulcis Iglesiente, Italy","Sardinia, Italy",Italy,39.1118,8.522,land,saltwater,2025-09-13,"Is Pitzus - Marevivo",17,,17,"1,196.80",0.25,0.00,,,,,,,,,,,,,,,,,,,,,,,,,,,,,,,,,,,,,,,,,,,,,,,,,,,,,,,,,,,
402559,"Province of Sulcis Iglesiente, Italy","Sardinia, Italy",Italy,39.0408,8.6376,land,saltwater,2025-09-20,"Is solinas - Marevivo",17,,17,343.20,0.25,0.00,17,,,,,,,,,,,,,,,,,,,,,,,,,,,,,,,,,,,,,,,,,,,,,,,,,,,,,,,,,,
402560,"Province of Grosseto, Italy","Tuscany, Italy",Italy,42.3933,11.4412,land,saltwater,2025-09-27,"Torba - Marevivo",50,,50,45.98,0.25,0.00,,,,,,,,,,,,,,,,,,,,,,,,,,,,,,,,,,,,,,,,,,,,,,,,,,,,,,,,,,,
402561,"Province of Sulcis Iglesiente, Italy","Sardinia, Italy",Italy,39.3956,8.4015,land,saltwater,2025-10-05,"San Nicol - Marevivo",35,,35,708.40,0.25,0.00,35,,,,,,,,,,,,,,,,,,,,,,,,,,,,,,,,,,,,,,,,,,,,,,,,,,,,,,,,,,
402562,"Metropolitan city of Catania, Italy","Sicily, Italy",Italy,37.466,15.0878,land,saltwater,2025-10-09,"Spiaggia libera 1 Plaia - Marevivo",125,,125,"3,180.41",0.25,0.00,162,,,,,,,,,,,,,,,,,,,,,,,,,,,,,,,,,,,,,,,,,,,,,,,,,,,,,,,,,,
402563,"Province of Sulcis Iglesiente, Italy","Sardinia, Italy",Italy,38.9824,8.6468,land,saltwater,2025-10-11,"Candiani - Marevivo",33,,33,404.80,0.25,0.00,21,,,,,,,,,,,,,,,,,,,,,,,,,,,,,,,,,,,,,,,,,,,,,,,,,,,,,,,,,,
402564,"Metropolitan City of Rome Capital, Italy","Lazio, Italy",Italy,41.6218,12.4614,land,saltwater,2025-10-12,"Lua Playa Elegante - Marevivo",50,,50,99.99,0.25,0.00,16,26,49,66,30,23,32,52,155,647,6,29,61,8,50,23,43,86,19,35,35,,25,,2,21,49,27,2,1,10,16,1,18,38,8,133,16,3,158,2,16,11,5,49,,,,,,,,,,,,,,2086
402565,"Province of Sulcis Iglesiente, Italy",,Italy,39.1087,8.3638,land,saltwater,2025-10-18,"Spiaggia Grande - Marevivo",25,,25,734.80,0.25,0.00,36,,,,,,,,,,,,,,,,,,,,,,,,,,,,,,,,,,,,,,,,,,,,,,,,,,,,,,,,,,
402566,"Province of Sulcis Iglesiente, Italy","Sardinia, Italy",Italy,39.1221,8.5143,land,saltwater,2025-10-25,"Corongiuali - Marevivo",23,,23,737.00,0.25,0.00,39,,,,,,,,,,,,,,,,,,,,,,,,,,,,,,,,,,,,,,,,,,,,,,,,,,,,,,,,,,
402567,"Province of Sulcis Iglesiente, Italy","Sardinia, Italy",Italy,39.2098,8.385,land,saltwater,2025-11-01,"Bruncu Teula - Marevivo",23,,23,550.00,0.25,0.00,25,,,,,,,,,,,,,,,,,,,,,,,,,,,,,,,,,,,,,,,,,,,,,,,,,,,,,,,,,,
402568,"Province of Sulcis Iglesiente, Italy",,Italy,39.0985,8.3386,land,saltwater,2025-11-15,"Cussorgia - Marevivo",17,,17,699.60,0.25,0.00,37,,,,,,,,,,,,,,,,,,,,,,,,,,,,,,,,,,,,,,,,,,,,,,,,,,,,,,,,,,
402569,"Province of Sulcis Iglesiente, Italy","Sardinia, Italy",Italy,39.146,8.509,land,saltwater,2025-11-29,"Porto Botte - Marevivo",17,,17,662.20,0.25,0.00,32,,,,,,,,,,,,,,,,,,,,,,,,,,,,,,,,,,,,,,,,,,,,,,,,,,,,,,,,,,
402570,"Province of Varese, Italy","Lombardy, Italy",Italy,45.839,8.724,land,saltwater,2025-03-21,"Lago di Varese - Marevivo",400,,400,275.00,0.25,0.00,,,8,,55,8,1,1,30,,,,,,,6,,,10,,,,5,,,,,,2,15,,,3,5,6,2,100,20,,3,,2,,,,,,,,,,,,,,,,,282
402571,"Province of Varese, Italy","Lombardy, Italy",Italy,45.839,8.724,land,saltwater,2025-03-22,"Lago di Varese - Marevivo",20,,20,"2,640.00",0.25,0.00,,,,,,,,,,,,,,,,,,,,,,,,9,,,,,,,,,,,,,,,,,,,,,,,,,,,,,,,,,,,9
402572,"Province of Varese, Italy","Lombardy, Italy",Italy,45.839,8.724,land,saltwater,2025-05-13,"Lago di Varese - Marevivo",30,,30,37.40,0.25,0.00,,,,,5,2,1,,5,1163,,,,,,,,,,,,,,,,,,,,2,,,,,,,30,11,,,,,,,,,,,,,,,,,,,,,1219
402573,"Province of Varese, Italy","Lombardy, Italy",Italy,45.8048,8.6995,land,saltwater,2025-05-26,"Lago di Varese  - Marevivo",75,,75,72.60,0.25,0.00,,,,,,,,,,,,,,,,,,,,,,,,,,,,,,,,,,,,,,,,,,,,,,,,,,,,,,,,,,,
402574,"Province of Varese, Italy","Lombardy, Italy",Italy,45.839,8.724,land,saltwater,2025-05-30,"Lago di Varese  - Marevivo",35,,35,47.52,0.25,0.00,,,,,,,,,,2018,,,,,,,,,,,,,,,,,,,,,,,,,,,,,,,,,,,,,,,,,,,,,,,,,2018
402575,"Province of Varese, Italy","Lombardy, Italy",Italy,45.7892,8.663,land,saltwater,2025-10-01,"Lago di Comabbio - Marevivo",44,,44,33.00,0.25,0.00,,,,,,,,,,191,,,,,,,,,,,,,,,,,,,,,,,,,,,,,,,,,,,,,,,,,,,,,,,,,191
402576,"Province of Varese, Italy","Lombardy, Italy",Italy,45.7892,8.663,land,saltwater,2025-10-02,"Lago di Comabbio - Marevivo",50,,50,118.80,0.25,0.00,,,,,,,,,,357,,,,,,,,,,,,,,,,,,,,,,,,,,,,,,,,,,,,,,,,,,,,,,,,,357
402577,"Province of Varese, Italy","Lombardy, Italy",Italy,45.8187,8.7895,land,saltwater,2025-11-08,"Lago di Varese  - Marevivo",75,,75,946.00,0.25,0.00,,,,,,,,,,447,,,,,,,,,,,,,,13,,,,,,,,,,,,,,,,,,,,,,,,,,,,,,,,,,,460
402578,"Province of Pesaro and Urbino, Italy","Marche, Italy",Italy,43.9193,12.8921,land,saltwater,2025-10-11,"Baia Flaminia - Marevivo",43,,43,149.60,0.25,0.00,39,2,1,29,7,18,1,4,327,90,,2,15,,26,56,3,19,1,481,,,23,,,,25,7,2,8,,,4,5,6,13,274,42,1,38,,,1,2,524,,,,,,,,,,,,,,2057
402633,"Metropolitan City of Rome Capital, Italy","Lazio, Italy",Italy,41.89043580045,12.164429678134,land,saltwater,2026-05-05,"American Express Rome May 5 2026",50,,50,325.00,1.00,0.00,22,24,37,36,12,30,,66,112,544,1,33,33,6,13,67,1,57,21,22,8,,28,,,17,6,17,8,5,3,,8,9,32,6,161,68,2,96,,1,3,7,157,,,,,,,,,,,,,,1757
402843,"Province of Macerata, Italy","Marche, Italy",Italy,43.300955,13.730988333333,underwater,saltwater,2026-05-05,Montecosaro.inc,1000,,1000,648.38,0.23,0.00,,5,2,3,,4,2,,4,5,1,1,,6,2,,3,,,,1,5,1,,,1,1,,,,,,,,,,,,16,,,,,,,,,,,,,,,,,,,,63
402949,"Province of Ascoli Piceno, Italy","Marche, Italy",Italy,42.90365238,13.90979259,land,inland,2026-05-07,"gruppo 4",1,,1,0.09,0.01,0.00,,,2,,,1,,,1,,,,,,,,,,,,,,,,,,,,,,,,,,,,,,,,,,,,,,,,,,,,,,,,,,4
403017,"Province of Ancona, Italy","Marche, Italy",Italy,43.610768935561,13.451975429626,land,inland,2026-05-12,"Donne esaminatrici",5,,5,27.06,0.27,0.00,,2,3,4,16,12,6,11,38,27,,3,3,,1,2,,13,1,16,,,,,4,3,,3,2,,1,1,1,2,3,2,25,13,1,,,5,1,,58,,,,,,,,,,,,,,283
403018,"Province of Ancona, Italy","Marche, Italy",Italy,43.61078786,13.45291502,land,inland,2026-05-12,"I paguri",5,,5,50.87,0.35,0.00,,,2,3,11,2,1,1,39,36,,2,1,,,,,2,5,26,,,,,,7,2,,1,26,1,1,,5,2,1,86,5,,,1,,,1,,,,,,,,,,,,,,,270
403019,"Province of Ancona, Italy","Marche, Italy",Italy,43.6081824,13.4554206,land,inland,2026-05-12,tortellini,5,,5,64.53,0.00,0.00,,8,,22,7,10,,3,5,2,,,1,5,4,2,1,,4,8,7,,12,,2,10,,2,,2,,,,1,,1,1,1,,,1,,,,20,,,,,,,,,,,,,,142
403020,"Province of Ancona, Italy",,Italy,43.61078244,13.45296391,land,inland,2026-05-12,"2ATL ferretti",6,,6,173.27,0.55,0.00,,9,5,2,11,7,1,,25,2,1,1,1,3,2,5,8,10,2,36,,1,2,,,,,,,3,,,,,1,,1,,,1,,1,,,64,,,,,,,,,,,,,,205
403021,"Province of Ancona, Italy",,Italy,43.610945438574,13.453662495737,land,inland,2026-05-12,"La vecchia pesca",5,,5,8.25,0.53,0.00,,,7,,7,,2,4,34,28,,1,,,,7,3,1,,5,,,,,,,1,,,,1,,1,,1,,,11,,,,2,,,22,,,,,,,,,,,,,,138
403022,"Province of Ancona, Italy","Marche, Italy",Italy,43.610758701075,13.452092001721,land,inland,2026-05-12,senato,5,,5,280.02,0.60,0.00,,5,29,8,8,14,1,3,14,10,6,2,5,6,5,6,1,,,9,,2,2,,1,,4,8,,3,,,,3,4,,3,,,,,,2,,3,,,,,,,,,,,,,,167
403023,"Province of Ancona, Italy","Marche, Italy",Italy,43.611054401153,13.449398404358,land,inland,2026-05-12,"Roberto Turbostar",5,,5,38.24,0.57,0.00,,2,2,3,1,3,2,2,27,19,,,,1,,4,3,1,2,27,,,,,,,4,2,,,1,,3,,7,,54,,,13,,2,,1,72,,,,,,,,,,,,,,258
403024,"Province of Ancona, Italy","Marche, Italy",Italy,43.610767019794,13.452926820385,land,inland,2026-05-12,"anna allocca",5,,5,6.98,0.02,0.00,,10,6,10,13,5,4,6,10,15,8,2,1,1,6,1,2,1,1,,,,,,,,,,,,,,,,,,,,,,,,1,,28,,,,,,,,,,,,,,131
403026,"Province of Ancona, Italy","Marche, Italy",Italy,43.609816259411,13.451539767144,land,inland,2026-05-12,lumacona,5,,5,179.35,0.30,0.00,,3,15,9,4,,10,3,31,25,1,1,,7,,,,20,2,31,2,,8,5,3,1,3,5,,9,1,,1,1,1,,107,8,1,,,1,2,1,42,,,,,,,,,,,,,,364
403027,"Province of Ancona, Italy",,Italy,43.61079674,13.45298763,land,inland,2026-05-12,"i dottori",5,,5,27.60,0.89,0.00,,2,1,11,16,3,3,6,10,5,1,,2,,,1,2,,,3,,,5,,,,1,1,,2,2,1,1,2,,1,12,1,1,,1,,,1,7,,,,,,,,,,,,,,105
404406,"Metropolitan City of Rome Capital, Italy","Lazio, Italy",Italy,41.906673721185,12.490051441743,land,inland,2026-05-15,"Eva C",1,,1,4.00,1.50,0.00,,6,8,1,13,10,3,12,8,54,11,10,6,6,10,7,6,8,7,,,,,,,1,1,,,,2,,,,,,,,,,,,,,,,,,,,,,,,,,,,190
404447,"Metropolitan City of Rome Capital, Italy","Lazio, Italy",Italy,41.906900121042,12.489896420492,land,inland,2026-05-15,"Eva C",1,,1,2.00,0.00,0.00,1,,,,,,,,,,,,,,,,,,,,,,,,,,,,,,,,,,,,,,,,,,,,,,,,,,,,,,,,,,
404545,"Metropolitan City of Rome Capital, Italy","Lazio, Italy",Italy,41.902351492841,12.461798458621,land,inland,2026-05-17,"Eva C",1,,1,2.10,1.50,0.00,,3,5,1,2,3,3,2,4,10,2,4,4,,,10,,7,12,,,,,,,,,,,,1,,,1,,,1,2,,,,,,,,,,,,,,,,,,,,,77
404546,"Metropolitan City of Rome Capital, Italy","Lazio, Italy",Italy,41.899528025326,12.454069713243,land,inland,2026-05-17,"Eva C",1,,1,1.62,1.97,0.00,,4,6,,2,3,3,1,6,13,7,2,,2,,7,,10,10,,,,,,,,,,1,,,,,1,,1,,,,,,,,,,,,,,,,,,,,,,,79
404547,"Province of Verbano-Cusio-Ossola, Italy","Piedmont, Italy",Italy,45.9126758,8.5023283,land,freshwater,2026-05-17,"BioNet LunaLarimar",16,,16,51.99,2.43,0.00,,12,16,19,16,16,4,3,4,62,,5,1,,14,25,,6,4,,,,3,,,11,,4,,4,,,1,,11,2,70,89,,,10,2,,1,286,,,,,,,,,,,,,,701
404721,"Province of Ancona, Italy","Marche, Italy",Italy,43.69871,13.188643333333,land,inland,2026-05-19,trespolo,1,,1,0.05,0.00,0.00,,3,,,,,,,,,,,,,,,,,,,,,,,,,,,,,,,,,,,,,,,,,,,,,,,,,,,,,,,,,3
404723,"Province of Ancona, Italy","Marche, Italy",Italy,43.538622931126,13.038523946148,land,inland,2026-05-19,"curva sud",1,,1,6.00,0.00,0.00,3,,,,,,,,,,,,,,,,,,,,,,,,,,,,,,,,,,,,,,,,,,,,,,,,,,,,,,,,,,
406163,"Metropolitan City of Reggio Calabria, Italy","Calabria, Italy",Italy,38.4302649,15.8981385,land,saltwater,2026-05-23,EL,1,,1,15.00,0.00,0.00,1,,,,,,,,,,,,,,,,,,,,,,,,,,,,,,,,,,,,,,,,,,,,,,,,,,,,,,,,,,
Totals:,,,,,,,,,,,,,,,,,2595,2159,2906,5567,2609,873,2015,10647,35093,626,690,3382,897,1595,4289,1362,3431,1289,10333,2022,1112,1733,474,563,2618,828,1205,406,575,170,114,357,628,991,606,9097,4063,3298,2791,124,1095,231,1602,23628,13,62,549,86,6,128,0,58,0,328,212,285,14260
